vendor_id,notable_achievement
rec05fCMHCinpVaog,"Total Merit-Based Scholarship Offers for class of 2025 (41 students) were $4,270,000. 
100% college acceptance rate
Average ACT score:  24
AP School Honor Roll '24-25
Numerous AP Scholars"
rec0QpiOMNxuBfxvF,"Accreditations include NAEYC and COGNIA, both recognized as high quality academic standards for preschool aged children."
rec0jEmymh16i3Cb2,We are TRS 4 star certified.
rec0zmu32f2ykhcDY,We have implemented the basic Spanish language into the Frog Street curriculum taught daily to our preschoolers. We have noticed that the children like to explore the different sounds using this language. The achievement accomplished is the happiness and willing efforts that they put forth to learn.
rec12yux4qX7mPRuZ,"In 2025, All Saints had a 92% pass rate across all 14 AP courses offered. We have had 90 National Merit Scholars in the past 25 years. We have had 36 National Debate Qualifiers in the last 5 years. We have ACT and SAT scores that exceed the state and national averages."
rec1AonKqMLanSbDk,"Children who graduate from Kiddie Academy of Lakes of Savannah leave confident, curious, and kindergarten-ready. Our graduates demonstrate strong early literacy and math skills, independence in learning, effective communication, and well-developed social-emotional foundations setting them up to excel as they transition into elementary school and beyond."
rec1SzAwSbhUXtC5A,"Ivy Kids Long Meadow Farms is Cognia Accredited, reflecting our commitment to high academic standards and continuous improvement. We are proud to hold a 4-Star Texas Rising Star rating, demonstrating excellence in early childhood quality and care. Our participation in Texas School Ready supports strong kindergarten readiness and evidence-based instruction."
rec1s3wrheI48qqFM,"High IOWA and CLT Test Scores
ACSI Competitions/Awards
Dual Credit Offerings
High College Acceptance Rate"
rec1wRZSLSXxqXwEa,"We are grateful to see formers Buzzy Bees students-including my own children- go on to thrive at institutions such as the University of Texas Austin and pursue advanced degrees in Business, Engineering, and advanced doctoral degrees. Their journeys reflect the value of strong early learning foundations and a nurturing environment."
rec23iOt8uZjwqige,4 Star Texas Rising Star
rec27J80NJd4GmWBO,Holy Family Catholic School was recognized as the Readers Choice best Private School in Galveston County for 2025.
rec2Atg9AQeWSrg4v,"Students learn at twice the speed of traditional schools with only 2 hours of academics a day (measured by NWEA MAP growth test). Once they finish their 2 hours of academics, they unlock the rest of the day for the activities they love!"
rec2zivIrLDvMJRrO,"✔ Provider of the Year (2024)
✔ BISD Pre-K Partner since 2020
✔ Texas Rising Star 4-Star Program
✔ ECI Partner
✔ Approved Lamar Institute Childcare Practicum Site"
rec36gswkz9393REx,"At Lycée International de Houston (LIH), we recognize that in today’s global society, multilingualism is a vital asset. Our curriculum is designed to provide students with a strong foundation in multiple languages, ensuring they develop the linguistic skills necessary to thrive in an interconnected world.  Additionally, we offer courses in Spanish, Arabic, Mandarin, and German, expanding students’ linguistic and cultural competencies."
rec39ZvKfzpamRMsn,"Blessed Sacrament Catholic School is proud to participate in the UIW Brainpower Connection, a partnership with the University of the Incarnate Word designed to strengthen Catholic education. This connection provides our students and teachers with access to enhanced academic resources, professional development, and innovative learning opportunities, while offering families the confidence of a supported, high-quality educational pathway rooted in faith."
rec3DsHo7uBBcw12R,"Recognized as a National Blue Ribbon School;  Numerous National Merit Scholars; Exceeds national ACT scores by 6 points on average; 100% College Acceptance rate; Professional Schools Program is an immersive hands on learning experiences, industry-recognized certifications and real-world applications; Students can earn over 85 hours of college credits (AP/Dual Credit); Distinctive Learning Support and Gifted & Talented Program"
rec3LREfvn91mEbB1,"Excellent, above age level results in standardized testing (IOWA Test). Our Montessori programs foster a creative, highly motivated and independent thinkers. Students have performed extremely well in later ages and higher learning including alumni having admitted to St. Johns, Kinkaid and Awty and college diplomas received from Harvard, Duke, Stanford, UT-Austin, Texas A&M, NYU and Northwestern."
rec3kgDfGHKqthhb5,"At St. Joseph School, academic excellence is at the heart of everything we do. For over 40 years, our students have consistently excelled, earning top honors as valedictorians and salutatorians at their local high schools and receiving full-ride scholarships to prestigious colleges, including Ivy League institutions. Our students shine not only in the classroom but also in academic competitions at the local, state, and national levels, consistently placing at the top in events such as National History Day, Decathlons, Speech and Debate Tournaments, Spelling Bees, and more. At St. Joseph, we cultivate curiosity, critical thinking, and a love for learning, empowering students to achieve their fullest potential and become leaders who excel academically and personally."
rec3odCobz94ltJNv,"Texas School Ready Coaching
Texas Rising Star 4
NAYCE Accredited
-Pending- National Accreditation"
rec3qrmY6jii23yIO,"Our graduates consistently demonstrate strong academic momentum, with 99% completing high school on schedule."
rec4XE5hHk8HPAI7K,"Country Home Learning Center participates in the Texas School Ready Program, and is accredited through Texas Rising Star, and the Cognia organization. Cognia helps assure parents of a school’s commitment to quality education by “engaging the school community in meeting high quality standards, implementing a continuous improvement process and engaging in quality assurance through internal and external review.”"
rec54EeKcQpptuaJU,"Our students scored in the top 16% of the nation in math and Language Arts on the Classic Learning Test (CLT).

National Merit Scholar, Semi Finalist, and Finalist on the SAT."
rec5BykijJsnCuaz5,"Improved developmental outcomes for multiple children by strengthening behavior regulation, speech development, and fine and social motor skills through individualized instruction and consistent progress monitoring."
rec5Oab5zOnQNH46V,Dual Credit available ON CAMPUS with our own teachers
rec5bBezcYyk0hu3C,IMC accreditation (International Montessori Council)
rec5fjrs3eO2oSqnu,"American Montessori Society Accredited School; Texas Health and Human Services licensed Toddler Program; NAIS member school; NBOA member school

Student Assessments Given: Aimsweb+, IOWA, and individualized narratives"
rec5mAjx3lQoqZfan,NAEYC (National Association for the Education of Young Children) Accredited & 4 Star TRS (Texas Rising Star)
rec612QGYDIenmkuP,4 star rating with TWC
rec61lV1MeyYvxN5f,"NJHS Chapter
Compete in PSIA"
rec62LDUfJHMd4CSS,"Kids leave our school kindergarten ready, beginner readers, sight word recognition, writing full name, addition, subtraction, fractions, compound words, count up to 100 by 5's & 10's"
rec67w4UrKMgaZ33T,Oak Crest Private School won first place in the Explore Horizons DFW areawide math competition and has had state finalists for three years in the annual Zaner-Bloser handwriting competition for both manuscript and cursive.
rec6BfLYkUoBzNAQP,State Participants in PSIA
rec6UTNItbIz4w8sI,The school's test scores on the PSAT and SAT consistently rank higher than both state and national averages. The school also provides a variety on dual credit and AP courses.
rec6isYpYcMfTsNI3,This early learning center is an accredited Texas Rising Star 4 Star Center!
rec6nfYFHBMEWj7mI,"By graduation, NDS students complete over 2,200 hours of hands-on job training, working at real job sites with the support of a job coach."
rec6qPv4v1HbpDI5m,Quality education is a defining characteristic of Cornerstone. It is our hope that students are challenged to grow and explore as they continue in the journey of life-long learning. In the classroom students we have the opportunity to learn from high-level curriculum and amazing teachers. In a school year students also get to explore opportunities to learn outside the classroom through fieldtrips and college dual-credit courses.
rec7FggskiGwYrNMx,"Each year, graduates of Ascension Academy achieve 100% acceptance into their top-choice colleges and universities. Over the past five graduating classes, 95 students have been accepted to an average of 34 colleges and universities and have been offered an average of $1,900,000 in merit-based scholarships per graduating class. Students can graduate as an AP Scholar, earn an AP Capstone Diploma, complete 1-2 years of college credit, and earn an associate’s degree. In addition to membership in all traditional honor societies, Ascension Academy is one of only 382 schools worldwide to hold the Cum Laude Society distinction. Over the years, numerous Ascension students have been named National Merit Scholars, including three finalists and two commended scholars in the most recent years. We are proud to live our mission every day, maximizing the potential of all Ascension Cardinals as scholars, artists, athletes, and leaders."
rec7IeVUaC4uJHmLJ,"Einstein’s Academy takes pride in providing the highest quality education, focusing on the growth and development of every learner. We empower children to achieve physical, cognitive, social, and emotional milestones in a safe and nurturing environment. Our qualified staff fosters a positive learning climate that encourages curiosity, inquiry, and confidence, motivating each child to reach their individual potential.
We are proud to be a Texas Rising Star 4-Star provider, committed to maintaining the highest standards of early childhood education and preparing children for future academic success."
rec7xKTxDPGmg3Bcc,Texas Rising Star rating of 4
rec8Sw9XkiQAkTemj,"We are private, nationally accredited prekindergarten program.  We utilize a high quality curriculum and use developmental assessment throughout to ensure our students are meeting their developmental milestones.  Children are encouraged to experience learning through play.  Our students leave Tot's Haven Christian Academy ready for Kindergarten both academically and socially."
rec8ZVoEjN3K1fy5J,"Oner the past 10 years, O'Connell graduates have received many distinctions ncluding the following:
National Merit Scholar 
Commended Merit Scholar
National School Recognition Award
National African American Merit Scholar
National Hispanic Merit Scholar
National Rural and Small-town Merit Scholar
Over 11 million dollars of scholarships awarded to our HS seniors over past 10 years.
An opportunity to earn 39 college hours throuh the dual credit program.
2025 State Basketball Champions"
rec9A5yzbFFW8i92B,"Through the years, WDCS has produced students who have earned scholarship to attend some of the best private high schools in the DFW area. Our reading program has been particularly exceptional at serving low and middle income students with around 80% of our students from 1st-4th grade reading at or above grade level, and many of our 8th grade students will graduate with reading comprehension at a college level."
rec9Yq6FHZEQNdtOA,"Texas Rising Star rated school.  Students also attend gym, music, Spanish, and computer classes weekly.  Chapel services are held weekly and Bible lessons are integrated into the classroom curriculum.  Summer program offered in June and July."
rec9fdzkKS7F930em,"Country Home Learning Center is accredited through Texas Rising Star and the Cognia organization. Cognia helps assure parents of a school’s commitment to quality education by “engaging the school community in meeting high quality standards, implementing a continuous improvement process and engaging in quality assurance through internal and external review.”"
rec9jANO4LMSpURR3,"At MIS students receive formation for mind, body, and soul. Students have opportunities to participate in the Private School Interscholastic Association, school/Diocesan Spelling Bees, school/Diocesan Science Fair, and the Religion Scholars Bowl."
rec9lJ1mbhtPcBlTp,"We are licensed with Texas Health and Human Services Child Care Licensing; we are a 4-Star Texas Rising Star Provider and follow Pre-Kindergarten Standards; we collaborate with University of Texas Health, we collaborate with Children's Learning Institute, and Texas Workforce Solutions, and community leaders in our  area."
rec9pJqUOFc5OMOHZ,High achieving Iowa scores.
recAFfBoSuOIyF3Kv,We are 4 Star Texas Rising Star School!
recAWcSyREtyfzhDP,Several former students have returned as teaching staff.
recAZjCZnUKpsjYRH,"Student of the Month Awards
Pre K Graduations"
recAbXiKy5jw4klv0,Edutainment is currently completing system-wide Cognia accreditation to support academic quality and continuous improvement across programs.
recAeZqt54bhTJyY0,St. Luke achieves above average on the NWEA MAP tests consistently. St. Luke has an active intervention program designed to offer support as early as PK. Students are offered intervention as long as they need support. St. Luke graduates are notoriously high achievers in high school and beyond.
recB6XBo1GoVtg41x,"COGNIA certification
Texas Rady School (TRS) certification
Structured curriculum
Outdoor activities"
recBY8CE3j1KmfWok,Virtually 100% of our students continue their education in the college of their choice.
recBoKdl1EJtAqbOB,"Texas School Ready, Texas Rising Star 4 Star Rating, Center of Excellence, Neurodiversity Children's Conference Participant"
recBufKIq9zpMSsci,"1. Superior Testing Results (2025 Data)
TVS students consistently achieve scores that place them in the top tier of students worldwide.

AP Excellence: 91% of students scored a 3 or higher on AP exams (the benchmark for college credit). The school’s average AP score was 4.02, significantly higher than the global average of 3.03.

IB Diploma Program: The Class of 2025 achieved a 92% pass rate in the IB Diploma Programme, with 24% of students scoring above 40 points—a feat accomplished by only 4% of students globally.

SAT/ACT Performance: Students maintain an average SAT score of 1350 and an average ACT of 32, both of which are well above national averages for college readiness.

2. Record-Breaking College Success
The Class of 2025 set a new school record by earning $67 million in scholarships.

Matriculation: Students were accepted into prestigious ""Ivy Plus"" and top-tier institutions, including MIT, Columbia, Rice, Cornell, Johns Hopkins, and Imperial College London.

Global Reach: Graduates are attending 70 different universities across 18 U.S. states and 6 countries.

3. Specialized Diploma Distinctions
Beyond the standard high school diploma, TVS offers unique, pre-professional tracks that allow students to specialize early:

Pre-Medical Science Diploma: The Class of 2025 graduated its largest cohort (16 students) to date.

Entrepreneurship & Computer Science Diplomas: These programs provide hands-on internships and project-based learning, preparing students for immediate impact in those fields.

National Merit Scholars: Four students from the most recent graduating class were recognized as National Merit Scholars, a distinction reserved for the top 1% of high school seniors in the U.S.

4. Top-Tier National Rankings
TVS's academic rigor is reflected in its 2025 rankings by Niche:

#15 Best Private K–12 School in America.

#1 Most Diverse Private School in Texas, offering a global perspective with students from over 90 nationalities.

#2 Best STEM High School in Houston, bolstered by their exclusive collaboration with MIT."
recCUVNTDY4SyO191,"With one of the largest dual enrollment programs of any private or public school in north Texas, Bishop Lynch offers students the opportunity to ear college credit while completing high school graduation requirements. The Class of 2025 earned over 4,774 college credit hours--that's over $4.9 million in college tuition savings."
recCa0ZbXQDwEHT19,"Little Explorers Academy has grown into one of the most trusted, high-quality early childhood programs in the North Houston community, known for combining strong academics with a joyful Christian environment. We are accredited from ICAA, International Christian Accrediting Association and certified with a Four-Star Rating from the Texas Rising Star Program—the highest rating available in Texas. Our school is also recognized through the National Association for the Education of Young Children (NAEYC), reflecting our ongoing commitment to excellence in early learning and care."
recCexCYnicBbRBqA,"Participants in Texas Rising Star, Texas School Ready, Lena Grow, and Infant Toddler Specialist Programs; CDA Certifications; Students left Achievers and accepted in Talented and Gifted Programs"
recCjTLtTjucZIGcj,"Many of our graduates have gone on the play professional sports with the NBA, NFL, and MLS. Our Cheer Team won back to back National Championships! Our baseball team won back to back State Championships. We offer trac and field as well as other programs."
recCjYwpyEIJ0YKZ7,We are licensed with Texas Health and Human Services Child Care Regulation; we are 4-Star Texas Rising Star; we collaborate with University of Texas Health; and with Children's Learning Institute; and with Workforce Solutions; and with community leaders in our area.
recCnvfz16J6DFLbq,"# **Notable Academic Achievements at DearOnes Montessori**

### 🌟 **Early Literacy Growth**
- Children demonstrate strong pre‑reading skills, including letter recognition, phonemic awareness, and emergent writing.  
- Consistent progress shown in name writing, sound identification, and early blending activities.  
- Classrooms integrate daily read‑alouds, vocabulary building, and language‑rich conversations.

### 🔢 **Mathematics Readiness**
- Students confidently use Montessori materials to understand counting, number sequencing, quantity, and early operations.  
- Children show mastery of one‑to‑one correspondence, patterning, sorting, and classification.  
- Hands‑on math workstations support independent exploration and problem‑solving.

### 🧠 **Cognitive & Critical Thinking Development**
- Children engage in open‑ended questioning, prediction, observation, and reasoning during lessons.  
- Students demonstrate strong memory, attention, and task‑completion skills through structured routines.  
- Classrooms promote inquiry‑based learning across science, sensory, and practical life activities.

### 🎨 **Creative Expression & Fine Arts**
- Students participate in daily art, music, and dramatic play experiences that strengthen creativity and imagination.  
- Children explore multiple art mediums and develop fine motor control through purposeful materials.  
- Performances, classroom displays, and portfolios highlight student creativity.

### 🌍 **Cultural & Social Understanding**
- Children learn about community helpers, geography, cultural celebrations, and diversity through hands‑on lessons.  
- Students demonstrate empathy, cooperation, and respect during group activities and classroom routines.

### 🧩 **Social‑Emotional Growth**
- Children show strong self‑regulation, turn‑taking, and conflict‑resolution skills.  
- Positive guidance practices help students build independence, confidence, and emotional awareness.  
- Classrooms maintain consistent routines that support security and readiness to learn.

### 🏅 **School‑Wide Academic Strengths**
- High family satisfaction and strong parent partnerships support student success.  
- Teachers maintain ongoing professional development, including TRS‑aligned training and Montessori‑based practices.  
- Classrooms consistently meet or exceed Texas Pre‑K Guidelines and Texas Rising Star standards and National Accreditation.



Just tell me the format you want."
recCv2Z9MU57SQMAt,Part of Texas Rising Stars.
recD79W36ww8cwsAc,2025 Cheryl Lowe Legacy Award for Classical Education.
recDB235hp35PHqfO,"Country Home Learning Center is accredited through Texas Rising Star and the Cognia organization. Cognia helps assure parents of a school’s commitment to quality education by “engaging the school community in meeting high quality standards, implementing a continuous improvement process and engaging in quality assurance through internal and external review.”"
recDD0akOKzUfPSVQ,"-Honors programs featuring Spanish and Latin options
-High school credits for both private and public high schools
-Blue Ribbon School of Excellence"
recDfgS42lamIoQ8u,"Language Arts Academy offers Spanish immersion for children 2 months to 3 years old. Bilingual Program for children 4 to  7 years old children.
Prek and kindergarten is offered full time
From 6:30 am to 6 pm"
recDs0CK5snVuIaT8,We are Texas Raising Star School and have received 4 out of 4 of stars for having met all the requirements. We go above and beyond to help all our students succeed.
recDtZda1p1zv0aQb,"STCA high school students have earned National Recognition through the National Merit Scholarship Program by taking the PSAT/NMSQT, leading to scholarship opportunities at the universities of their choice. The school offers dual enrollment partnerships with UTRGV and SWAU, with students achieving a 100% passing rate. Graduates complete high school having earned a minimum of 14 college credits, giving them a strong academic advantage beyond graduation."
recE217N46NEVG7n7,"·      In December 2025, our school was named a finalist by Education Insider Magazine for the “Top Private Schools for 2026” for their January 2026 magazine which is for industry professionals and leaders and professionals .

·      In June of 2025, Our Head of School Teresa Bronsky was awarded “Principal of the Year for Excellence in School Development by the World Leaders Summit of the University of Oxford (Keble College) for the incredible work that we are doing at Bridge Builder Academy with our creativity and engaging approach to education, by looking at each student as an individual and developing a long term teaching and learning approach uniquely for each student independent of the other students at their age or grade level.

·      In 2024, Bridge Builder Academy was nominated for an award with D Magazine for its innovative approach to education, fostering critical thinking, creativity, and problem-solving skills in students through hands-on projects and real-world applications in an inviting environment in Richardson, Texas.  Additionally, its inclusive and supportive learning environment promotes diversity and collaboration, preparing students for success in a rapidly evolving world.

·      In 2025, one of our students because only the 2nd student in the history of the NASA HUNCH competition to be awarded 1st Place in the NASA HUNCH competition, which is a nationally operated competition by NASA for high school students to develop projects that can be used on the International Space Station, future Moon and Mars missions.

·      In 2022, we were recognized as a “School of Excellence” after completing our 2nd national and international certification for accreditation with Cognia, who serves more than 40,000 institutions globally with a total of 25 million students and 1 million educators in about 80 counties, which means we were one of the top schools who they accredit.

·      Since 2022, our school has been awarded the Dallas Morning News award for “Best Private School in DFW” for 4 straight years.

·      Over the past 5 years, Bridge Builder Academy has been awarded the “School of Excellence” by National Association of Special Education Teachers, which was only awarded to a total of 7 other schools in the state of Texas of schools that meet their rigorous professional criteria.

·      We have had 3 teachers nominated for the “Presidential Awards for Excellence in Mathematics and Science Teaching, including 2 teachers in 2024-2025.

·      In 2017, Teresa Bronsky, our Head of School was requested by Governor Greg Abbott to serve on his “Continuing Advisory Committee for Special Education” as was the first person who was appointed to the committee to be also named Chair of the committee in their 1st meeting.

·      In 2020 Bridge Builder Academy and Teresa Bronsky, our Head of School was recognized by both Senator Ted Cruz and Congressman Colin Allred for Bridge Builder Academy’s “sterling reputation” and Teresa for her 35 years of devotion to teaching underserved populations and described both as an inspiration to our nation.

·      In 2024, our school became a Certifying Organization for the President's Volunteer Service Award

·      During the COVID pandemic in 2020, 2 of our teachers were recognized by Governor Greg Abbott as “Teaching Superstar”

·      In 2015 Bridge Builder Academy was recognized by both the Texas House of Representatives and the Texas Senate as “one of the leading private institutions of primary and secondary education in the Dallas/Fort Worth area.

·      In 2015 Bridge Builder Academy received a Proclamation from Governor Greg Abbott for its 10-year anniversary of helping education underserved students in the DFW area."
recE5o267nYT8VPra,"96% of students earn honor roll. 
College acceptance is 100%."
recEKOBW4mV54Ka0S,"At St. Augustine Elementary, we are proud of our notable achievements, including a thriving school garden, a growing orchestra program, hands-on robotics, and strong project-based learning that connects academics to real-world problem solving. Our commitment to community outreach and service learning empowers students to serve others, think critically, and live out their faith beyond the classroom."
recETGvJMYpQ64mjv,Over 75% of children who graduate from our program are accepted into top private schools in the area or successfully matriculate into gifted and talented programs within public schools. Families may request references and speak directly with alumni families as proof of student achievement and long-term success.
recETHLR26A6Gj65B,"We are proud to be a 3-Star Texas Rising Star early learning program, recognized for meeting high standards in early childhood education and care."
recEXatmRcL1SyLoA,"The success of our alumni, including countless valedictorians and salutatorians at their respective high schools, as well as business owners, doctors, community leaders, members of the Catholic clergy, former Midland mayors, a current member of the Texas House of Representatives, a former railroad commissioner, and even an Olympian, reflects the strong academic foundation and leadership skills cultivated at St. Ann’s. While attending St. Ann’s, students not only thrive in rigorous core academics but also in a wide range of electives, including the arts, music, foreign language, project-based learning, and STEM."
recEukpDDEjxsF7SI,"Texas Rising Star 4 2020-Present
USDA Child and Adult Care Food Program"
recF3bhl9wfU9hb13,"Notable Academic Achievements

Texas Rising Star 4-Star Rated program, recognizing the highest level of quality in early childhood education

NAEYC Nationally Accredited, meeting rigorous standards for curriculum, teaching, health and safety, and family engagement"
recFmWm3PuovqtPzG,"Over 25% of the Class of 2025 achieved AP Scholar Recognition, and the class earned over 400 hours of college credit.  Our faculty averages over 18 years of experience."
recFvTHtGC71nH7Fu,"Country Home Learning Center is accredited through Texas Rising Star and the Cognia organization. Cognia helps assure parents of a school’s commitment to quality education by “engaging the school community in meeting high quality standards, implementing a continuous improvement process and engaging in quality assurance through internal and external review.”"
recG0c7a6nNqT9VGW,"-68% of 8th Graders received the President's Award for Educational Excellence in 2024 and 2025.

-98% graduation rate for students going into High school

-Received Niche Best Schools award in 2024"
recG1PfSrxuZLQnSe,"College Board AP School: Gold Honor Roll; Student average ACT and SAT scores consistently higher than the local, state and national averages; 100% student acceptance to colleges and universities; annual student recognition by AP College Board recognition for AP scholars, AP scholars with honor, and AP scholars with distinction; and affiliation with John Hopkins Center for Talented Youth."
recGkNldpI1ug0ZmA,"All grade levels of St. Peter Catholic students take core curriculum classes: Theology, English, Math, History, Science, and Computer Science which are all taught at St. Peter Catholic.

At the end of their 9th grade year, students will choose an Academic Career & Technical Pathway in either Business, Construction, Education, Health Sciences, or Information Technology.

Academic Career & Technical Pathway courses are taught both at St. Peter Catholic through a mix of in-person and online instruction, and in conjunction with our partnership with Houston City College, at several of their campus locations for additional coursework and hands-on skilled training and instruction.

The combination of the core curriculum classes, and the Pathway courses will allow students upon graduation from St. Peter Catholic to earn:

A High School Diploma – from Texas’ first Catholic, co-educational Career & Technical High School

Level 1 Certification – in their chosen Academic Career & Technical Pathway

Possible Associate’s Degree – from Houston City College in their chosen industry field depending on the field they choose

Job Placement – with St. Peter Catholic partner businesses and organizations"
recGsqKqBwxJSnFDp,"Academic competitions available through PSIA, Scripps National Spelling Bee, Coastal Bend Regional Science Fair
Charters for National Junior Honor Society, National Elementary Honor Society
Accredited by the Southwestern Association of Episcopal Schools, Member National Association of Independent Schools"
recGy6NKs4nR7rH7w,Our High School offers Dual Credit classes and the opportunity to graduate with an Associates Degree.
recH2Co3wM9tiVnog,"Our dual-credit students graduate with 30+ college credit hours, giving them a strong head start on their degrees. Students begin reading as early as Pre-K, building a solid academic foundation, and our scholars have proudly participated in Model United Nations, developing leadership, diplomacy, and global awareness skills."
recHK5wI4TzD9YI3f,"Nationally Accredited by the National Association for the Education of Young Children (NAEYC)

Texas Rising Star (TRS) - Four out of four Star Certification

Children who graduate from Kiddie Academy leave confident, curious, and school ready! Our graduates demonstrate strong early literacy and math skills, independence in learning, effective communication, and well-developed social-emotional foundations setting them up to excel as they transition into elementary school and beyond."
recIAah9mcI1Z2A6x,"More than $15 million in scholarships for graduating seniors!
National Merit and College Board Advanced Placement top honors.
Award winning all-girls Robotics Teams.
Art, Writing and Spanish contest winners.
Concentrations and Endorsements in Young Leaders Program, STEM and Distinguished Level of Achievement for graduates."
recIqOnBhsABDBDgy,"Partnerships and Programs that have enhanced St. Louis Catholic School:

Destination Imagination 

2025: St. Louis Catholic School achieved significant success at the 2025 Destination Imagination Global Finals, with our 7th-grade team, ""SNiBLeS,"" securing 2nd place in the Middle Level Improvement Challenge. 

2023: St. Louis Catholic School achieved significant success at the 2023 Destination Imagination Global Finals, with our 5th-grade team ""Macaroni Council,"" achieving a 1st place in the Elementary Level Challenge. 

SLCS Destination Imagination teams have placed and advanced in regional and state Destination Imagination competitions annually. 

SproUTing Teacher Garden Program (University of Texas) 

Bright Green Future Grant Recipient (City of Austin) 

Strong Teens for Healthy School Program (Texas A&M) 

CYO (Catholic Youth Organization) 

CATCH Wellness Program 

Catholic Math League 

Catechesis of the Good Shepherd (Montessori)"
recIwxA58Ybm0zpt8,"National Merit Scholar finalists, All-State Academic winners, State Academic, Speech, and Art finalists, One-Act Play state qualifiers (including current back to back years)"
recIyehwD6U63knVO,"Classic Learning Test (CLT) awards include: 
CLT8 Top 5 School in the Nation: 2022-2023
CLT8 Nationally Ranked School: 2022-2023
CLT10 Regional Scholars: 2023, 2024, 2025
CLT10 Distinguished Scholar: 2025
CLT10 National Award Winner: 2025"
recJOfwv5c8ZuopIm,We are proud to be a 4 Star certified program with Texas Rising Star. Our center is directed and managed by Texas State Board for Educator Certified teachers.
recJp2ejZ6KAyHQjN,"Named to the 2025 AP School Honor Roll - Platinum Status
-88% of seniors taking at least one AP Exam during High School, 70% of seniors earning a score of 3 or higher on at least one AP Exam, 27% of seniors taking 5 or more AP Exams

Nationally Recognized Debate Team

93% of AP Testers earned college credit with a score of 3+ (exceeds the state average by 33%)

$4.8 million in scholarships among 33 graduates (7 student athletes signed)

Recent College Acceptances - Texas A & M, UT, UCLA, West Point, NYU, Northwestern, Rice, Harvard"
recJxpVuRxKfgsYoS,"• Accredited Catholic education — Sts. Peter & Paul Catholic School is accredited through the Texas Catholic Conference Accreditation Commission, recognized by the Texas Education Agency, affirming the school meets high academic and operational standards.  

• Rigorous and student-centered curriculum — The curriculum is intentionally academically challenging and aligned with diocesan expectations, designed to foster strong intellectual growth and lifelong learning habits.  

• High academic standards and assessment practices 
The school promotes elevated educational benchmarks, with frequent assessments and parent-teacher collaboration that support student success and strong intellectual growth. 

• Technology-Enhanced Learning & 1:1 Apple Campus 
Sts. Peter & Paul Catholic School integrates technology into daily instruction through a real-world technology classroom and lab, and as a 1:1 campus, every student is equipped with an Apple iPad to enhance learning, collaboration, creativity, and digital responsibility across all grade levels. 

• Diverse sports offerings for all seasons: Sts. Peter & Paul Catholic School provides a wide range of athletic opportunities across fall, winter, and spring, including cross country, soccer (co-ed), football (6th–8th), volleyball, girls’ & boys’ basketball, baseball, softball, golf, tennis, and track & field, plus spirit programs like cheerleading and pep squad. 

• Support for Diverse Learners 
The Academic Assistance & Resource Center (AARC) provides differentiated learning support, intervention services, and accommodations to help all students reach their academic potential. We also offer “Take Flight,” a specialized dyslexia intervention program, ensuring students with reading challenges receive structured, research-based support to build confidence and academic success. 

• Extracurricular academic enrichment — Offering clubs such as PSIA & CAAC (academic competitions), Chess Club, Show Choir, NJHS, Student Council, Debate/Speech Club, Yearbook, and Choir support skills like critical thinking, creativity, and performance in addition to core academics."
recJzepyfOklZdFh7,"Children who graduate from Kiddie Academy of Richmond leave confident, curious, and First Grade-ready. Our graduates demonstrate strong early literacy and math skills, independence in learning, effective communication, and well-developed social-emotional foundations setting them up to excel as they transition into elementary school and beyond."
recKDqiR65QSyPOJw,"National Merit Scholar and National Merit Qualifier
VFW Award winning writers
Award Winning Engineering Program"
recKQGxLnD2t9k7vf,"Pre-K Program offers a dynamic Christmas program, multiple field trips, Valentine's Dance, Moms with Muffins, Pre-K Graduation, Summer Program (with on site Splash pad *top of the line*)"
recKRPEJ8lpJGaU4S,"Texas Rising Star accredited, Texas School Ready and Houston Area Urban League partnership"
recKkuw4ydeX2eXV6,"King’s Academy Christian School is committed to academic excellence that prepares students for success in higher education and beyond. We are certified by the National Association of University-Model Schools and accredited by Cognia, reflecting our adherence to rigorous academic standards and best practices in education.

Our students consistently perform at a high level, with SAT scores exceeding both Texas and national averages. The Class of 2025 Valedictorian’s acceptance into MIT underscores the strength of our academic program, while 100% of college applicants have been accepted into their desired college or university, including institutions such as MIT, Texas A&M, Baylor University, Abilene Christian University, University of Kansas, University of Texas at Arlington, LeTourneau University, Mary Hardin-Baylor, Stephen F. Austin State University, Oklahoma Baptist University, and more.

These achievements are especially notable within our University-Model® hybrid approach, in which students learn through a purposeful balance of two to three days of on-campus instruction and two to three days of guided at-home learning. This model maximizes instructional quality, fosters academic independence, and strengthens family partnership—equipping students to excel academically while remaining rooted in faith and family."
recKu5rn7E0wMW6vw,"At the Academy of Young Scholars, our students consistently achieve measurable growth in early literacy and math readiness—often entering kindergarten above district benchmarks—while developing strong critical-thinking and social skills that set them up for lifelong success. Our graduates leave confident, curious, and prepared for the next step in their education."
recKxruM5bxb6C4Nl,"Bent Tree Day School is proud to be a Texas Rising Star certified program with a Three-Star rating, recognizing our commitment to a high-quality early learning education. Our program prepares children for Kindergarten through intentional, developmentally appropriate instruction that builds strong foundations in classroom readiness, early literacy, and math. We believe children learn best through hands on experiences, positive guidance, and consistent routines that support each child intellectual, language, social, emotional, physical and creative development."
recKzGfeKHBrAtIW3,"Weatherford Christian School offers a challenging, college-preparatory
academic program utilizing state-adopted curriculum that incorporates
technology training, foreign language, and fine arts with a Biblical
Worldview. 

Since our first graduating class in 2009, 291 graduates have been
awarded over $20.9 million in scholarship offers from some of the most
elite schools across the country. Our graduates have been accepted to
over 90 colleges and universities."
recLX77RwKkClxxKc,"A New Day Child Development Center is proudly accredited through the Texas Rising Star (TRS) program. Texas Rising Star is a statewide quality rating and improvement system for early childhood programs in Texas. 

We are honored to share that A New Day CDC has earned a 4-Star rating, the highest level of recognition within the Texas Rising Star program. This achievement reflects our continued commitment to providing high-quality care, strong teaching practices, and a nurturing, supportive learning environment for every child in our care.
At A New Day CDC, our mission is to provide a nurturing and engaging environment that supports the whole-child development of every student, socially, emotionally, cognitively, and physically. 

Our daily routines are designed to help children build meaningful relationships, strengthen social-emotional skills, and develop a strong foundation for lifelong learning. 

Our curriculum is thoughtfully planned to spark joy and curiosity throughout the day. From arrival to departure, children are immersed in hands-on experiences that support their growth and development. 

Our caring teachers build trusting relationships through small-group activities, guided exploration, and personalized interactions. Each day includes a variety of interactive lessons, games, songs, and creative materials tailored to engage young minds."
recLilhemcXj8trs0,Area High schools want our students. They are well prepared for high school classes. Most are placed in advanced classes.
recM7IQkA0sZP7bjl,"Our Lady of Grace has demonstrated measurable student growth through the use of NWEA MAP assessments and targeted instructional programs. Through small class sizes, individualized support, and data-informed instruction, students continue to make steady progress toward grade-level mastery."
recM7vTNUU74O3LUp,"Pre-K/Early Years program from 3 years old includes early reading and numeracy skills, world renowned curriculum which fosters emotional wellbeing, cognitive and social development.

Elementary/Primary School includes rigorous enquiry based academic curriculum that builds curiosity, independence and agency.

Middle School includes a broad and balanced approach, providing a wide range of academic and personal opportunities, preparing students for High School.

High School offers personalized pathways to successful High School graduation, which include the High School Diploma and the International Baccalaureate Diploma and Bilingual Diplomas. 100% pass rate in the IB Career-related Programme (CP) and a 92% pass rate in the IB Diploma Programme (DP), far exceeding the global average of 81.26%. An impressive 71% of students scored at or above the world average, with 24% earning more than 40 points—a distinction achieved by only 4% of candidates worldwide. Class of 2025 secured over $6.3 million in scholarship offers. 
College acceptances include: Carnegie Mellon, Colgate University, Columbia University, Johns Hopkins, NYU, Rice University, University of Southern California, UT Austin, University of Aberdeen, University of Oxford, University of British Columbia, University of Toronto"
recMOzMahNbIjXYRr,"Measured against national norms, our students average more than three times the expected annual growth."
recMiPzH9epEFlOca,"Notable Academic Achievements

Rise Hybrid Private Academy students have demonstrated exceptional academic outcomes and long-term success:

100% High School Graduation Rate

100% College Acceptance Rate

100% College Graduation Rate

All current alumni are pursuing advanced degrees, with 95% enrolled in health and medical-related fields

Advanced college-level coursework offered during high school"
recMjmxIF6cqppVkS,"RRCA competes in the Texas Association of Private an Parochial Schools (TAPPS) and has been very successful in Academic, Sports, and Fine Arts State competitions.   RRCA won the TAPPS Academic State Championship in 2015, 2016, 2018, 2019, and 2022.    Our students consistently score above the local and national averages on the SAT college entrance test."
recN33h3OnfhFBafx,"Country Home Learning Center participates in the Texas School Ready Program, and is accredited through Texas Rising Star, and the Cognia organization. Cognia helps assure parents of a school’s commitment to quality education by “engaging the school community in meeting high quality standards, implementing a continuous improvement process and engaging in quality assurance through internal and external review.”"
recN8MTUu17mhJI3T,"College Board AP School: Gold Honor Roll; Student average ACT and SAT scores consistently higher than the local, state and national averages; 100% student acceptance to colleges and universities; annual student recognition by AP College Board recognition for AP scholars, AP scholars with honor, and AP scholars with distinction; and affiliation with John Hopkins Center for Talented Youth."
recN93F2z1PQgIIPi,"Proud to be a 4‑Star Texas Rising Star program, the highest rating awarded in Texas. Our team is made up of dedicated early childhood professionals—most holding bachelor’s degrees or Child Development certifications—who consistently exceed state training requirements to ensure exceptional care and learning for every child."
recNBLDxVXStWxNob,We do quarterly child assessments using the CLI Engage assessment and Precious Stones Academy assessment.
recNC90yz82GGQGQt,"90-95% of our students accepted in university
DFW Area Wide Mind Game Champions - High School 
Second Place Spelling Bee Champions - Middle School
Dual Credit Courses - College Credits"
recNoIMSd3dTQj0tj,"Our children consistently demonstrate strong school-readiness skills, including early literacy, number recognition, social-emotional development, and classroom independence. Through intentional, play-based learning and individualized support, students transition confidently into Pre-K and kindergarten prepared to succeed academically and socially."
recNvsIXN4sj3SeuE,"Learners demonstrate measurable academic growth through self-paced mastery in core subjects, with many working above grade level in reading and math. Individualized learning plans allow students to progress based on mastery rather than age."
recO4JxQ1CmcNPIEi,"At Creative Kidz, we pride ourselves on being an active part of each child’s developmental journey and ensuring they are on track for grade school readiness. Through intentional instruction, nurturing support, and developmentally appropriate practices, many of our children enter grade school confident and well-prepared, often scoring above expectations."
recORcYs579g5dapJ,"Children who graduate from Kiddie Academy of League City East leave confident, curious, and First Grade-ready. Our graduates demonstrate strong early literacy and math skills, independence in learning, effective communication, and well-developed social-emotional foundations setting them up to excel as they transition into elementary school and beyond."
recP4mpC0ARAnGNCC,Academic winners in competitions.
recP5Z5Hj4kpbzztJ,TRS-4 star school; CLI participant
recP9XOpbkI9iyDZG,"Excellent, above age level results in standardized testing (IOWA Test). Our Montessori programs foster a creative, highly motivated and independent thinkers. Students have performed extremely well in later ages and higher learning including alumni having admitted to St. Johns, Kinkaid and Awty and college diplomas received from Harvard, Duke, Stanford, UT-Austin, Texas A&M, NYU and Northwestern."
recPGuAihOYhY3Vkn,"Country Home Learning Center participates in the Texas School Ready Program, and is accredited through Texas Rising Star, and the Cognia organization. Cognia helps assure parents of a school’s commitment to quality education by “engaging the school community in meeting high quality standards, implementing a continuous improvement process and engaging in quality assurance through internal and external review.”"
recPRt2yTWAS6HcJU,"When our Pre-K & Bridge students graduate and move on to Elementary School, parents always come back to us and say they are way more advanced than their classmates, and that they say they're bored because they already learned that at Ivy Kids."
recPXqaoSg1Sb2Av0,"Our Pre-Kindergarten graduates consistently enter Kindergarten performing above district average, a success frequently praised by elementary teachers who recognize our students' strong academic readiness.

Glenwood Primary University results are widely acknowledged by the community, whose public support reflects confidence in the quality and impact of our educational program."
recPrQVJEN5DegrOm,Accredited since 1968.
recPvoSYIusSe1WUj,TRS 4 star center
recQ8IzbU5e7wbw7P,"St. Dominic Savio Catholic High School consistently ranks above state and national averages with its ACT and SAT scores. 

Over the last two years, more than 50 percent of Savio students completed over 500 AP Exams across 25 subjects, with a score of three or higher (well above state and national averages).

St. Dominic Savio Catholic High School's college acceptance rate is 100 percent for universities and colleges, both public and private, in the United States and abroad. 

Multiple TAPPS Academic State Championships, and most recently took Second Place in 2024.

Savio has had several district and regional championships in multiple sports, including state championships in softball, girls' track and field, boys' and girls' swimming, and boys' and girls' cross country.

Equally successful is our Iron Eagles Robotics team, earning the title of the
2023 TAPPS State Champion, qualifying for several World Championships, and twice ranking internationally."
recQK9NHx5r1jw9Qg,"We have had National Merit Commended Scholars! 

We have had multiple U.S Presidential Scholar!

Students have acquired millions of dollars through scholarships for their higher education."
recQNbNPmIHfBTS5M,"Founded in 1917, it is the first private school in Austin to be named a Blue Ribbon School for Excellence by the U.S. Department of Education."
recQnJ8vNmxo51Zuj,"These characteristics of Marianist education provide a common language and a common method to achieving our goals. Our schools offer a quality education. We teach the faith in the classroom and by living the Truth Jesus provides. We engage the mind and the heart to know and understand. An individual education in the Marianist Tradition faces the challenge to use what he has learned to serve others, establish justice, and ensure peace to all of God’s creatures. In a rapidly changing world, Marianist Education provides a firm foundation of Truth and knowledge to adapt as necessary, as believers have for over two millennia. It’s one of the paradoxes of a fully lived faith—a firm foundation from which to move the world!

Grounded in this faith-filled view, the Marianist tradition invites a prudent openness to social and cultural change in the world, following the example of Blessed William Joseph Chaminade; ""For new times, new methods."" Facing new times, while relying on faith benefits all those who work in Marianist education, including those of other faiths, because it so deeply respects what is most human in students and in one another. In being faithful to the gospel of Jesus Christ, the Word Incarnate, we live with and for the people of our time and share with them their joys and hopes, their anxieties and sufferings.

In this vision and this ministry, we give encouragement and confidence to each other. Open and attentive to new approaches, each educator keeps Marianist education relevant and up-to-date by his or her contributions. As lay and religious Marianist educators, we are called to offer to those around us the testimony of our lives, to live in such a way that we vigorously revivify the message of the reign of God, already present in the midst of our world, but the fullness of which is yet to come. We hope that by putting the characteristics of Marianist education into practice, our school can be continue to be a blessing for all those whom we serve in our educational communities."
recRYBMoH0yzkz0hH,"Proud to be a 3‑Star Texas Rising Star program, one of the highest ratings awarded in Texas. Our team is made up of dedicated early childhood professionals—most holding bachelor’s degrees or Child Development certifications—who consistently exceed state training requirements to ensure exceptional care and learning for every child."
recRi8awgENlgdtXH,"Named to the 2025 AP® School Honor Roll PLATINUM member!
2025 AP SCHOLARS:
33 AP Scholars, 17 AP Scholars with Honors, 35 AP Scholars with Distinction"
recRqPBzbL1j0laly,"Strong kindergarten readiness outcomes in early literacy, math foundations, and self-regulation
Consistent developmental growth supported by high-quality, play-based instruction
Ongoing alignment with recognized early childhood quality standards"
recRrgyhhWb7VAMxK,"Country Home Learning Center is accredited through Texas Rising Star and the Cognia organization. Cognia helps assure parents of a school’s commitment to quality education by “engaging the school community in meeting high quality standards, implementing a continuous improvement process and engaging in quality assurance through internal and external review.”"
recSNgWiw8RwYu3LW,Our students performed on or two grades above level.
recSU3EWJBYYxzEgD,"Many of our preschoolers enter Kindergarten with a beginning ability to blend sounds and recognize sight words.  They also have a strong number sense, an ability to subitize up to sets of 10 and have a basic understanding our base ten math system.  Our strong social emotional curriculum helps ready kids for Kindergarten by developing their ability to identify their emotions and self-regulate with calming strategies."
recSltyhf0Vr2IeAV,"100% of students attend college, most receiving merit-based scholarships."
recSnjd0mTOsdDZy4,"Edutainment is in the process of earning system-wide Cognia accreditation, with completion expected by May 2026. This reflects our commitment to high academic standards, continuous improvement, and measurable student growth across programs."
recSnlkRnEXoT1r7g,Cognia Accreditation
recTACkk8Jqgwuiv4,"Spelling Bee
Honor Roll
Science Fair
Student Council
After-school Robotics"
recTMyeUPqJ2OzlZC,"Children who graduate from INIC don’t just keep up in elementary school - they often lead their classrooms, equipped with advanced language skills, confidence, and strong social-emotional readiness."
recTSMECDHFIdlKcM,"Country Home Learning Center participates in the Texas School Ready Program, and is accredited through Texas Rising Star, and the Cognia organization. Cognia helps assure parents of a school’s commitment to quality education by “engaging the school community in meeting high quality standards, implementing a continuous improvement process and engaging in quality assurance through internal and external review.”"
recUUxSk5wS4h8P9C,"Average ACT Score is 26.6 (30.2 for the top 25% of the class); 

Of the 85 graduating seniors in the Class of 2025, 76% received a total of $13,101,824 in merit based scholarships; 

Since 2010, Grapevine Faith has had 10 National Merit Scholars, 12 National Merit Semi-finalists, 44 National Merit Commended Students, 5 National Hispanic Scholars, and 2 African American Scholars

In TAPPS State academic and speech and debate competitions, Grapevine Faith traditionally lands in the top 1st, 2nd, and/or 3rd place depending on divisions, and placed 3rd in state in 2025 as an overall team; 

Speech and debate students have also competed on the national level. 

In 2024-2025, Grapevine Faith had 32 Academic All State student athletes

At the elementary level, for the past two years, students have participated in"
recUhhttQzn6Y2pP1,"We are a small preschool, with a focus on our academics
We take pride in our ability to ready our children for the next step in their journey. Due to our academic excellence, we have children who excel in kindergarten who are able to test up a grade level, master the assessments, or test into Gifted and talented program.  We look forward to serving you"
recUqfC9kjzGeAKpe,Governor's academic recognition award.  Katy Christian Academy was chosen for the 2018 and 2019 Best of Katy Awards in the category of Private Schools K-12. The Best of Katy Award was created to acknowledge the best businesses in our Katy community.
recV0cUFEfSUUmaSV,"Mission: Enriching the Lives of Laredo's Children

At Shining Stars Learning Academy, our mission is clear: to enrich the lives of the children of Laredo, Texas. We achieve this by providing a nurturing environment that fosters a love for learning. Each child is uniquely brilliant, and our goal is to uncover their special talents through exploration, experimentation, and imaginative play.

We follow a unique play-to-learn approach. Our curriculum combines structured learning objectives with open-ended, hands-on, creative activities that encourage active engagement, problem-solving, and social interaction. We recognize that children learn best through exploration and play, and we embrace this philosophy to help them thrive.

We specialize in a play-to-learn curriculum, featuring rotating stations designed to provide real-life experiences. From lemonade stands to community gardens and pretend kitchens, our innovative teaching methods immerse children in interactive learning adventures that enrich their fine and gross motor skills, emotional intelligence, and problem-solving abilities.

Our commitment to quality education extends to our facilities. We maintain small class sizes designed to have a low student to teacher ratio, ensuring that each child receives individualized attention. Our classrooms feature a diverse range of books celebrating different cultures, fostering appreciation and understanding. We also take pride in our community garden, offering hands-on agricultural experiences to our young learners."
recVHcxIITfrSExct,"We are a 4 Star Texas Rising Star school.
We currently have our Pre-K teachers on a Texas School Ready program, which helps prepare our Pre-K students for a successful transition to public school."
recVTttmz1UzlMios,"For the past 4 years, The Learning Experience Sienna has been recognized as a Texas Rising Star school, reflecting our continued commitment to high-quality care, early education, and meaningful family partnerships."
recWLJP3xu5qV63gH,"3 recipients of the Regional Scholar Award for the CLT-10.

Various College Board awards related to PSAT and SAT.

Our graduates have been accepted into the following colleges: New Saint Andrews, DBU, Baylor, Texas A&M, ACU, Charleston Southern, Grove City, Anderson, Auburn, OSU, Samford, Tarleton, Texas Tech, University of Tennessee - Knoxville, UMHB, Harding."
recWQrfIv7aGX5Cof,We have some students who’ve completed our Pre-K program and were able to test for 1st grade!
recWVP6yeIbuGQy9Y,National Merit Scholars; Average over $7 million annually in university scholarships; Ivy League and Military Service Academy acceptances
recWrW9cIcyftBgb1,"St. John's has the only SMART Lab STREAM technology lab in South Texas. Our graduates consistently go on to become members of the National Honor Society, top performers in their class, take on leadership roles and graduate at the very top of their class. In the last several years our former students have been salutatorian and valedictorian of their high schools."
recWwaA5qgovPEDHA,"Accredited through Cognia and aligned with Texas early learning standards, our school has implemented strong instructional systems and assessment practices that support student learning. From beginning- to end-of-year, approximately 85% of students showed growth in early literacy skills and 80% showed growth in early mathematics."
recX5tz2T8RGU1s9w,"Our teachers ""teach to the top,"" meaning the highest ability learners are the focus of whole group lessons at all times. We regularly track data and provide interventions and enrichment based upon that data. Through MTSS meetings, we ensure students receive the support they need to advance."
recXCqiakR3IpvjGF,Majority of students advanced and performed one or two grades ahead.
recXENDgQAEsdJW90,"We are proud that our learners' growth is measured not only in exemplary academic achievement, but also achievement in leadership, high moral character, and soft skills such as communication, perseverance, problem-solving, analytical, public speaking, and conflict resolution. While there is no test or scoring that can give justice to growth in these significant areas, our ""Heroes"" skills are on display every six weeks at our school's public exhibitions."
recXLdMORg9gnF3hw,"Our daycare is proud of the remarkable academic milestones our children achieve, from early literacy skills to advanced problem-solving. We focus on preparing each child for future academic success in a nurturing environment."
recXQrEODTy2faJu9,Texas Rising Stars
recY6KwPfYJLtfb4N,"Since our founding in 2012, Arcadia First Baptist Christian School (AFBCS) has been steadfast in its commitment to academic excellence rooted in a Christ-centered curriculum. Our mission to disciple students for Christ is reflected not only in their spiritual growth but also in their outstanding academic accomplishments. 

*Award-Winning Scholars: AFBCS students have received numerous awards for academic excellence, leadership, and character, demonstrating the holistic development fostered by our school environment.

*College Preparatory Success: Graduates from AFBCS have been accepted into respected colleges and universities, equipped with strong academic foundations and a Christ-like character that prepares them for lifelong success.

Christ-Centered Curriculum Impact
Our curriculum integrates biblical principles with rigorous academics, nurturing both the mind and heart. This approach:

*Encourages critical thinking grounding in a Biblical worldview.
*Fosters integrity, perseverance, and compassion alongside intellectual growth.
*Creates a supportive environment where students thrive academically while growing in faith and character.

Holistic Student Growth
At AFBCS, we believe true education encompasses more than grades. Our students develop spiritually, morally, and socially, preparing them to be leaders who serve with humility and wisdom. The family atmosphere and personalized attention help cultivate confident, compassionate individuals ready to impact their communities for Christ."
recY6xIgalRqvA4dM,Four star Texas Rising Star Center
recYXlRrZbbaAT0qZ,"Our Pre-K students achieve academic milestones while also developing critical social-emotional and self-regulation skills, ensuring they enter kindergarten confident, curious, and ready to learn. Through modeled behavior, advanced learning resources, interactive play centers, and state-of-the-art facilities, your child will thrive and grow with us."
recYikdb15T2JccxH,"Zion Lutheran School has had the following Academic Achievement:
3rd place elementary division in State PSIA 2025
3rd place middle school division in State PSIA 2025
2nd place elementary division in District 8A PSIA 2025
2nd place middle school division in District 8A PSIA 2025
Area Lutheran School Spelling Bee Champion for 2024, 2025 and 2026"
recYtjteuHKyvFjUo,"4 Star Texas Rising Star Rating School. Highly passionate management, great organization and structure in place."
recYzjyXFwqKqt1zu,"Our preschoolers are able to read, write, add and subtract."
recZ5QRv9QcHjfnsu,"Our Pre-K and Kindergarten students graduate with strong early reading and math skills, often performing at or above age expectations. Children confidently present projects, participate in science fairs, deliver speeches, and take on leadership roles during school events, building independence, communication, and a love for learning."
recZPLh1q7OxCsIwY,"Our Pre-K and Kindergarten students graduate with strong early reading and math skills, often performing at or above age expectations. Children confidently present projects, participate in science fairs, deliver speeches, and take on leadership roles during school events, building independence, communication, and a love for learning."
recZhnNmt5avRGBwh,Our school's SAT average is 200 points higher than the average score of area schools
recZkEZOKSi2UEHAd,"Students in grades 1-8 take the NWEA Measure of Academic Progress (MAP) assessment three times annually. On the most recent winter test, the average score at Holy Family was higher than the national and diocesan averages.  

The median scores on the MAP assessment are as follows:
Math: 72%
Reading: 78%
Language: 83%
Science: 82%

Our school scores show that our students are continuing to learn and grow at an average to high-average rate based on the NWEA MAP test.

Annually, our students compete in the Private School Interscholastic Association (PSIA) competitions. All students are welcome to join the team starting the 1st grade. Last year, our school won first place in the district meet and scored third place at the state competition."
reca8JOqv0FwGrfLd,"We are Texas Rising Star 4-Star certified.  

Our Junior Pre-school students are starting to learn to read and write at 2 1/2 years old!  Our Pre-kindergarten students are reading and writing independently!

We focus on social/emotional development with play based learning!"
recaVwwTcx58ErL8Z,"Nine-time defending TAPPS State Academic Champion
TAPPS State Academic Contest Champion
5-time ""Best Private School"" in central Texas per the Austin American Statesman
3-time ""Best Private Preschool"" in central Texas per the Austin American Statesman
5-time ""Favorite Private School"" in central Texas per Austin Family Magazine
Henderson Cup recipient for 2023 and 2024 (Top overall school in TAPPS)
5-time recognition as one of the top private schools in Austin through Niche.com
3-time reigning state champions for Drill/Dance
2-time reigning state champions for Band
Multiple athletic team representations at the state level/playoffs through TAPPS"
recaW0bnDpHY8Y6zH,"Providence graduates EACH earn an average of $300K in scholarships each year, due to our individualized support for students in the college application process. This is the highest for San Antonio area Catholic high schools.
Providence earned Gold Recognition from College Board for AP and college readiness and growth in student achievement in 2025.
Providence uses NWEA Map Growth testing to assess middle school student aptitude and growth year over year to address individual student needs and address curriculum to prepare students to be successful on PSAT, SAT and future post graduate certification exams."
recairnzHc6sqLzib,"PSAT scholar, PSAT commended, NASA scholars, VFW Essay national qualifier, VFW Art state and national honors, Robotics State Champions, ACSI writing regional and state honors"
recaqdHRyFXkzKQVX,"TKA's solution is a smaller, individualized approach to education supported by wraparound services tailored to each student’s needs. Our model includes:

-Early childhood education to address gaps early

-Literacy and academic support, including tutoring and differentiated instruction

- Science, Technology, Engineering, and Math enrichment

- Talented and Gifted Instruction

-Social-emotional learning embedded throughout our curriculum

-Physical support, including breakfast, lunch, snacks, exercise, uniforms, and extended care

-Family support services and counseling referrals

-Transportation assistance and access to extracurriculars, such as fine arts and sports

-90% of our students scored average or above on nationally normed  standardized tests for the 2024-2025 school year

- 96% of our students experience academic growth as demonstrated on nationally normed standardized tests"
recarwHfQDhyAp6vA,"Guided by a multi-year strategic plan, we continue to expand curriculum and opportunities, including additional AP, Dual Credit offerings and onsite ACT testing. Our students are equipped to excel academically while serving others, reflecting our commitment to faith, learning, and leadership."
recbS7LzT1zx1gD7h,"Cognia Accredited, TRS certified"
recbbBwOcS2TVtGAQ,"We are a Gold-Standard, accredited Acton Academy Campus. We've had two graduates from our program who are currently at UT Austin. We started with 16 learners in a house in 2016 and have grown to a full campus with 5 multi-age studios."
recbdIFzqVwTh5EVS,This early learning center is an accredited Texas Rising Star 4 Star Center!
recbhryL4wcs4U0ri,"4 Star TRS approved. Leading Franchise in the Nation. Secured entrances, background-checked staff, and detailed health protocols keep your child safe and protected."
recbj5fZ6N2gfRoLZ,"Through our dual credit program, high school students can graduate with college credits. Some students have graduated with their associates degree. 
Our strong academic program enables students to master content above grade level in elementary school."
recc67ahK0ID4QohG,"NAEYC Accredited
Texas Rising Star 4-Star School"
reccUyR62s3l0yngV,Children's Lighthouse follows a proprietary and nationally accredited curriculum.  The school is also Texas Rising Star certified.  Our students graduate with higher-than-average reading capabilities.
recdAPL6MoL95EuYo,"Signature Programs

• AgriSTEAM hands on science and nature learning
• Spanish immersion language program
• Ready Readers early literacy and guided reading
• KidFit weekly physical education
• Art and music enrichment
• Themed summer camps and literacy bootcamps

Key Metrics

• Dual accredited by NAEYC and Cognia
• Serving families since 1979
• 220 students currently enrolled
• 23 lead teachers and 16 assistant teachers
• 20 classrooms including spaces for art, music, Fine Gross Motor and Spanish
• Outdoor classroom and nature based learning spaces that support AgriSTEAM and hands on exploration
• All lead teachers hold degrees in education or child development
• First Nature Explore Certified playground in Texas
• Only NAEYC accredited early childhood school in Denton County

Staff to child ratios
• Toddlers (18 to 36 months): 1 to 6
• Preschool (ages 3 and 4): 1 to 10
• Junior Kindergarten and Kindergarten: 1 to 12
• 1st and 2nd Grade: 1 to 12"
recdESWr2fvyJU0oj,"A true Pre-K through 12 continuum:

SJCA is a full Pre-K–12 school, not a collection of disconnected programs. Students can begin in early childhood and continue through graduation in one unified system. This continuity allows for strong relationships, consistent expectations, and intentional academic and spiritual growth at every stage.

A comprehensive school, not a niche program:

SJCA presents itself as a comprehensive Christian school, offering academics, athletics, fine arts, leadership opportunities, and student support across all grade levels. This includes specialized services such as the Take Flight Dyslexia program, led by a Certified Academic Language Therapist, through SJCA’s Fearfully and Wonderfully Made (FWM) program. Families are not choosing between academics and extracurriculars, they receive both, fully developed and intentionally aligned.

Biblical worldview woven into daily learning:

Rather than separating faith from academics, SJCA communicates that students are taught to view the world through a biblical worldview across subjects and experiences. Scripture, character development, and Christian perspective are intentionally connected to classroom instruction, decision-making, and community life, not treated as an add-on.

Strong academics with personal attention:

SJCA offers small class sizes, low student-teacher ratios, and individualized attention. SJCA is often noted as ranking favorably among private schools in Texas, with graduates continuing on to four-year colleges and post-secondary programs.

Experienced and stable leadership:

San Jacinto Christian Academy’s leadership has extensive experience in education and recognized leadership credentials and is mission-driven, and focused on long-term excellence rather than short-term trends.

Well-rounded student life:

 SJCA promotes a balanced student experience that includes competitive athletics, fine arts, clubs, leadership opportunities, and service, all aligned with the school’s mission and values. Athletics and activities are presented as extensions of character formation, teamwork, and discipline.

Established history and community trust:

Founded in 1982, SJCA has served families in the Texas Panhandle for decades. San Jacinto Christian Academy is a covenantal, close-knit, family-oriented community where students are known, supported, and challenged."
recdZ7xKF4TSsnetI,This early learning center is an accredited Texas Rising Star 4 Star Center!
recdbs25pXNS9jopT,"Shelton’s Class of 2025 included 101 seniors who received 506 college acceptances, are enrolled at 54 colleges across 21 states, and earned $12.6 million in merit scholarships. College acceptances range from Southern Methodist University, Baylor University, The University of Texas at Austin and Texas A&M University to Wake Forest University, Hofstra University, Carnegie Mellon University and Savannah College of Art and Design, among others. Academic highlights include one senior earning a 35 composite ACT score, and two seniors earning a 36 on the ACT Reading section; the highest ACT Math, Science and English scores in the class are 35."
recdeHRuFRv1YSx9W,"Students demonstrate measurable academic growth through individualized instruction, small class sizes, and targeted support tailored to each learner’s needs.

Successful integration of a Bible-based curriculum with core academic subjects, promoting both academic proficiency and character development.

Consistent student engagement and improved classroom performance as a result of personalized learning plans and hands-on instructional approaches.

Strong foundational skill development in reading, mathematics, and critical thinking through mastery-based instruction.

A supportive learning environment that fosters confidence, accountability, and a love of learning, contributing to positive academic outcomes."
recdyJ1crRehFD8At,"1st place CAPIT's National January Reading Challenge - 2nd Grade
Our alumni have achieved Valedictorian's and Salutatorian status in 6 out of 7 Catholic High Schools in the Archdiocese of San Antonio."
rece19fL2tnwRR2o8,"TCS students achieve academic excellence through a rigorous, accredited curriculum delivered by highly experienced educators. Graduates earn recognized transcripts and diplomas while completing advanced coursework and engaging in meaningful enrichment opportunities. Our personalized model allows students to accelerate in advanced subjects while receiving targeted support where needed, empowering them to reach their highest academic potential and pursue competitive post-secondary opportunities. The flexibility of our approach also enables students to balance high-level academics alongside their passions, including arts, music, languages, STEM, and more."
rece69fXBBX7ok0av,"Our school was the five-year winner in annual spelling-bees;

We have had good success with children requiring additional attention for learning and behavior."
receQNkhLZUiVBTRg,"Our students graduate, and matriculate to a diverse option of college and career opportunities, many with a tremendous amount of financial aid.  Some of the universities our students have moved onto in the last few years include:

- University of Arkansas
- Auburn University
- Baylor University
- Dallas Baptist University
- Liberty University
- Texas A&M University
- Texas Christian University
- Texas Tech University
- Stanford University"
receRy2DmjX253D5U,"WASC-Accredited School. On average, faculty members bring 15 years of educational experience, 5 years of service at CMASAS, and 50% hold post-graduate degrees. Ranked a Top Private Online School in America by Niche. Average Graduation Rate = 100%, Average SAT = 1240 Average ACT = 27"
receoKrLnvOPpH3Un,"St. Gregory Cathedral School is proud to be a three-time U.S. Department of Education Blue Ribbon School — earning this highest academic honor in 1999, 2006, and 2014 — reflecting consistently exceptional student achievement and rigorous academics. With a strong faith-based foundation and curriculum that nurtures critical thinking and academic excellence, students are inspired to reach their full potential. Families value the school’s commitment to high achievement, character formation, and preparation for future success."
recfQyZDA4ohKl3FE,"The Dallas Diocese Academic Curriculum has been adopted by James L. Collins Catholic School. It meets and exceeds the state curriculum regulations for other public accredited schools in Texas. The curriculum offers the student a challenging and well-integrated program of study. In addition, a variety of instructional programs and methods provide students with learning experiences and opportunities to develop their potential. All students are taught problem-solving and critical thinking skills and are given the opportunity to participate in enrichment activities that challenge every child in every classroom. Students are charged to become creative, future-oriented thinkers. Two-third of our graduates rank in the top 10% in high school.  Our students compete in the PSIA Academic Competition, Diocesan Spelling Bee, and Religion Bowl. Students in Kindergarten through the 8th grade participate in the Accelerated Reader Program at Collins Catholic School.  We have our very own SmartLab® Innovation Center on our campus. The SmartLab is a fully integrated learning environment where everything from the furniture and technology focuses on the STEM curriculum."
recfR5HYospGueawp,48 Commended National Merit Scholars; 12 National Merit Finalists; ACT & SAT scores that exceed the state & national averages; MAP Growth Assessment scores that exceed the national average for grades K-8. National Blue Ribbon School
recfX7TkoFYMRqxSq,Students participating in Dual Credit courses earn on average 15 - 36 college credits.
recgCePPc7AUWvvw8,"Notable Wholesome Academic Achievements (K–8)
Students demonstrate consistent academic growth, with many performing above grade level in reading, writing, and mathematics (especially our middle-schoolers).
Early learners establish strong foundational literacy and numeracy skills, preparing them for advanced academic success.
Advanced learners participate in accelerated and enriched instruction.
Students engage in interdisciplinary, project-based learning integrating core academics, entrepreneurship, and applied problem-solving.
Middle school students develop high school readiness skills, including critical thinking, executive functioning, and effective communication.
Inclusive instructional practices ensure students from diverse backgrounds and learning styles achieve measurable academic progress.
Students at Wholesome Generation feel happy, worthy, and supported, cultivating self-motivation and confidence as they discover their strengths and purpose."
recgLlehQYmGZaZET,We score above average on nationally normed tests.
recgM15MDWVXjpF6H,We proudly prepare 99% of our children to be kindergarten-ready while nurturing strong social-emotional skills that help them excel in school and beyond.
recgxk9Tcd6ZGYNJn,"Why Families Choose Holy Family Catholic Academy

A strong and stable school community, formed through a successful merger, that offers continuity, trust, and long-term growth for families.

An International Baccalaureate (IB) candidate program that challenges students academically while developing critical thinking, curiosity, and global awareness.

A faith-centered environment where children grow in prayer, values, service, and a personal relationship with Christ.

A welcoming, multicultural community where every child is known, valued, and celebrated.

Purposeful leadership and careful planning that ensure a safe, nurturing, and high-quality educational experience for every student."
rech4OZpW530Ai8W0,"Children who graduate from Kiddie Academy of League City West leave confident, curious, and First grade ready. Our graduates demonstrate strong early literacy and math skills, independence in learning, effective communication, and well-developed social-emotional foundations setting them up to excel as they transition into elementary school and beyond."
rechKrJYBjExxGEs2,"We are committed to measurable academic growth through developmentally appropriate, research-based instruction for children from infancy through Pre-K 4, with enrichment for ages 5–12. Our Texas Rising Star 3-Star rating reflects our dedication to high instructional standards, consistent progress monitoring, and academic success."
rechMPwUX3lFNla5d,Texas Rising Star and Private kindergarten
rechQpJJ9ifaE6JJ1,"2024 2nd Place in Odyssey of the Mind TX Regionals, 2019 3rd Place HARO Odyssey of the Mind, 25-26 1 Scholastic Gold Key Winner, 25-26 1 Scholastic Silver Key Winner, 25-26 2 Scholastic Honorable Mentions"
rechTwJDDiSwnUPMD,"Curriculum & Learning Outcomes

Children consistently meet or exceed developmental milestones (language, math, social-emotional, motor skills)

Successful kindergarten readiness rates for Pre-K graduates

Implementation of a research-based curriculum (e.g., Frog Street, Creative Curriculum, HighScope)

Strong gains shown through ongoing child assessments and portfolios

Children demonstrate early literacy and numeracy skills (letter recognition, phonics, counting, problem-solving)
Program Quality & Accreditation

Achieved or maintained state quality rating (e.g., Texas Rising Star, QRIS level)

Licensed with zero or minimal deficiencies during state inspections

Recognized as a model or demonstration site for early childhood best practices
Teacher & Instructional Excellence

Teachers hold CDA, Associate, or Bachelor’s degrees in Early Childhood Education

Staff complete ongoing professional development aligned to best practices

Implementation of developmentally appropriate practices (DAP)

Low teacher-to-child ratios supporting individualized instruction

Enrichment & Academic Programs
Pre-k 3 and 4 Partnership Program

Strong STEM/STEAM integration at the early childhood level

Dual language or language-rich classrooms

Social-emotional learning programs with positive behavior outcomes

Evidence of project-based or inquiry-based learning

Family & Community Impact

High levels of parent satisfaction and engagement in learning activities

Strong partnerships with local elementary schools or Pre-K programs

Family workshops that support learning at home (literacy nights, math games)

Data & Recognition

Positive trends in child progress data year over year

Recognition from school districts, childcare agencies, or community organizations"
rechWkbRHuEwWevR5,"Saint Joseph Catholic School is gifted at meeting students where they are academically, socially, emotionally, and spiritually, nurturing each child and accompanying them to the next level of growth. This individualized approach builds a strong foundation for success, and our students often go on to earn Valedictorian and Salutatorian honors at our sister school, Holy Cross Catholic Academy, reflecting the lasting impact of a Saint Joseph education."
recheqh6j7bBuF1XU,"LeafSpring Schools are nationally accredited through NAEYC (the National Association for the Education of Young Children) and hold the top honor, a 4 star certification, from Texas Rising Star."
rechl17OBmwLw3z2O,Texas Rising Stars
rechnopCYosPQlzdH,"TAPPS 4A Academic/Debate/Speech Overall State
Champion
TAPPS Speech State Team Champion
TAPPS Academic State Team Champion
TAPPS 4A Fine Arts Female Student of the Year
Virginia Wirth Award Winner
2023 - 1 National Merit Scholarship Winner
2024 - 1 National Merit Semi-Finalist
2025 - 3 National Merit Scholarship Eligible (awards TBD)"
rechujdh3xCzN9QNx,"Middle school students demonstrated strong academic growth and achievement, with the 8th-grade TSI passing rate doubling from 4 to 8 students and notable success in high school readiness pathways. In UISD magnet admissions, 9 of 14 applicants earned acceptance into their first-choice program at the Alexander Health & Science Magnet, including two Top-10 placements (4th and 6th), and five students qualified for the UISD Early Start Pathway. Nineteen students were inducted into the National Junior Honor Society, two MATHCOUNTS teams advanced to the Gateway Chapter competition with one student qualifying for the State Meet in Arlington, and the UDS Spelling Bee champion placed 3rd at Regionals. Students also earned ongoing recognition through KGNS/Police Department and LULAC Scholar of the Month programs, including a city-wide 3rd-place LULAC Scholar of the Year. In STEM, Robotics teams earned multiple first-place awards, advanced to Regional competition with a 2nd-place Innovation Project finish, and gained valuable collaborative experience, while students also placed in numerous categories at the LIFE Fair across Livestock, Canning, Baking, Sewing, and Art competitions."
recid4HvD0F0Nd4Ea,Cognia Accredited since 2015
recimxhUpEuTkORYY,"Our preschool students advance greatly in vocabulary and language skills, social skills, math and science knowledge,  gross and fine motor skills, and character building."
recjAox9uZDs0bXml,This early learning center is an accredited Texas Rising Star Center!
recjF2GWZB25wMhnd,"In the past three years, 1 National Merit Semifinalist and 9 National Merit Commended Scholars
Two students named 2025 CLT10 regional scholars (top 5% of all testers in the southwest region)
 93.1% average passing rate (3 or higher) for all our 2025 Advanced Placement (AP) exams
24 students named 2025 AP Scholars
6 students named 2025 AP Scholars with Honors
25 students named 2025 AP Scholars with Distinction"
recjbKajGKiM8GTyU,"City Champions in Co-ed Soccer
City Champions in Volleyball
We have had numerous Valedictorians and Salutatorians in Private and Public High Schools.
We continue to send students to the Private School Interscholastic Association State Level.
We have students place in the Top 10% in high school."
recje3a2MHYc0aSjg,I have been open for 2 years now. We have not had any kids that was 5 years of age.
recjidbG0UFqyJ0EF,Texas Rising Stars
recjwqefMrF9YrgLY,"DBS Kids consistently prepares children for success in kindergarten and beyond through strong instruction and intentional curriculum planning. With an on-site, dedicated curriculum director and a blended approach using Frog Street and Abeka, we ensure high-quality, developmentally appropriate learning. Our graduates regularly score high on benchmark assessments, and local kindergarten teachers often share that they can immediately tell when a student has come from our program. Each year, approximately 60–70% of our students enter kindergarten already reading, reflecting the strong academic foundation we provide."
reck7LhemsUewJRO7,"Through our Montessori-based program, our Pre- K children graduate our program reading and writing at a 1st–2nd grade level, building strong confidence and academic skills early on. Our classrooms are led by degree-holding, Montessori-certified teachers who provide individualized instruction in a nurturing, high-quality learning environment."
reckFoOzkJtimfpyu,"CDA certified teachers
Texas 4 Star rating
Part of United way Bright Beginnings program
Working on NAEYC"
reckhUcnpcwGUzulo,"We offer advanced academics (dual credit) beginning in the 9th grade. 
Above grade level instruction.
Interventionist to help students close learning gaps."
recklYBXQHBHfuw8R,"For more than 30 years, Covenant Christian Academy has been committed to academic excellence, character formation, and faith-based education. Our students consistently excel in academic competitions, including speech meet, science fair, spelling bee, math olympics, and creative writing. Competing against both private and charter schools, our students have placed at regional competitions and advanced to state-level events for more than ten consecutive years.
Our athletic programs are equally strong, with students competing in multiple leagues across soccer, basketball, volleyball, flag football, and cross country. Teams compete against both public and private schools and have earned numerous league and tournament championships.

Beyond academics and athletics, Covenant students are deeply engaged in service, leadership, and community impact. We partner annually with Samaritan’s Purse, sending several hundred Operation Christmas Child gifts to children around the world. Locally, we collaborate each year with the City of Mission to collect hundreds of gifts for children in the foster care system and were recently recognized as a top community donor and partner.

Covenant Christian Academy also hosts Colonial Holiday, one of our signature annual events. Colonial Holiday is a family-friendly, school-wide community celebration that brings together students, families, alumni, and the broader community through themed experiences, student involvement, performances, and service opportunities. The event supports school programs while reinforcing our values of community, generosity, leadership, and joyful participation, and has become a cherished tradition that reflects the heart and culture of Covenant Christian Academy.

At the high school level, Covenant Christian Academy offers dual enrollment through a partnership with South Texas College, allowing students to earn college credits while still in high school. Through this program, motivated students may significantly reduce future college costs and, in some cases, graduate from high school having completed an associate degree. This partnership reflects our long-standing commitment to academic rigor, college readiness, and student success."
recl38JAHXc26Xfar,"Texas Rising Star 4-star
Centers of Excellence 4 Tier Designation
Excellence in Early Learning Outcomes Award"
recl3TJ9NGmtdaV34,"Regional & State PSIA Award Recipients
Greek Mythology Award Recipients"
reclGIWnVJNU0IbLJ,"AP School Honor Roll
Academic support services are available to students with diagnosed learning differences. 
15 AP Classes offered 
17 Dual Credit Courses offered
Service Requirement of 10 hour of community Service per year of high school."
reclULlO9jYJODT6B,Lutheran High School is celebrating three years of receiving College Board's Advanced Placement Platinum honors!
reclfIMwVVA153NC2,"Houston Award Program for Top Rated School in the Houston area
Year to year academic growth across grade levels
High percentage of students reading at or above grade level
Strong math proficiency or accelerated math placement
Students accepted into honors or gifted programs
High School students earning college credit through Lone Star College
Graduates accepted into college of their choice
Honor Roll
Successful intervention programs for struggling learners"
recli6D509eHt9wBC,Science Fair Winner among Archdiocese.
reclzKartTwsM4jbY,"Aviation Ratings
Early College Entrance and Trade Exposure
Advanced Courses (Students are able to take Regular or Honors core academic courses.
National Honors Technical Society
Aviation Maintenance Program to include building of aircraft
Part 107 Remote Pilot FAA license
Dual Credit Enrollments
Scholarships"
recmEUByBWJGoN69p,"Notre Dame students engage in enriching academic experiences that blend timeless skills with innovative opportunities:

Elementary Program

 - Master the art of cursive handwriting, developing fine motor skills and a personal connection to written expression
 - Compete in the annual ""Keep Christ in Christmas"" art competition, bringing faith and creativity together

Middle School Distinctions

 - Compete in the annual ""Keep Christ in Christmas"" art competition, bringing faith and creativity together
 - Participate in the prestigious Daughters of the American Revolution Essay Contest, honing research and writing skills
 - Represent Notre Dame in the National ""We the Future"" Contest, exploring civic engagement and constitutional knowledge
 - Collaborate through the Robotics Cultural Exchange Program in China, gaining global perspective and STEM expertise
 - Access concurrent college coursework for 7th and 8th graders, earning college credits while still in middle school and getting a head start on higher education"
recmTI2uJgH5M0Qin,"Favorably reviewed on Niche's list ""Best Catholic Schools in Corpus Christi,"" St. Patrick School is also a three-time ""Blue Ribbon School of Excellence"" awardee, as determined by the Department of Education.

Students in all grade levels compete successfully in local, state, national and international competitions in STREAM areas (Science, Technology, Religion, Engineering, Art, and Math)."
recmYrH0wX2N2OCNM,"**First STEM-Certified Preschool in the Nation**  
FPC Day School is proud to be recognized as the first preschool in the United States to receive STEM certification from the National Institute for STEM Education (NISE). This accomplishment reflects our strong commitment to science, technology, engineering, and mathematics (STEM) learning, even in early childhood.

**Texas Rising Star Four-Star Quality Rating**  
FPC Day School has achieved the highest possible four-star rating from the Texas Workforce Commission’s Texas Rising Star program. This designation highlights our excellence in early childhood education quality, curriculum, teacher qualifications, and family engagement.

**STEAM Curriculum and Dedicated STEAM Lab**  
We offer a dedicated STEAM Lab that integrates science, technology, engineering, art, and math into hands-on, project-based learning experiences, tailored for young learners.

**Decades of Sustained Educational Service**  
Serving the Dallas community since 1983, FPC Day School brings over four decades of experience in early childhood education. Our team includes tenured educators, many of whom have been with us for over three decades, demonstrating our dedication, longevity, and consistent growth in academic programming.

**Inclusive Play-Based and Project-Based Learning**  
Our curriculum is designed around developmentally appropriate play-based and project-based learning strategies. This approach supports cognitive, social, emotional, and physical development, fostering strong partnerships with families."
recmwdhG1DYXNIrY7,"Abiding Word has a long history of academic success. 100% of students that have graduated from Abiding Word since 2014 have also gone on to graduate from high school.

Currently half of our 6th students and half of our 5th grade students are on track to be taking Algebra 1 by 7th grade.

Abiding Word Students on average test 17 points above the national average in math and 18 points above the national average in reading. Additionally, students who have been at Abiding Word for three or more years have shown substantial growth year over year."
recmxYG1jE4E3IoPl,"100% college acceptance rate, graduates regularly receive merit-based scholarships, juniors complete independent junior projects and internships, students compete and have received awards in austin science fair (one student received blue ribbon in state competition), competitive athletic program, student clubs and extracurriculars."
recn2Z6KjlLdPEyys,"At Enlighten Academy, we use the Circle student monitoring system to track each child's progress and acheevments. This system probide valuable insights for both the school and paretns. it helps everyone understand each child's progress, celebrate milestons and support countinued growth."
recn3QTiTWlUULlHP,"Preschool students learn to read before graduating to kindergarten.
Mastery-based academics promote high achievement.
School-age students perform above the state average in math and reading."
recn3w3LWoC5vT3R5,"Country Home Learning Center participates in the Texas School Ready Program, and is accredited through Texas Rising Star, and the Cognia organization. Cognia helps assure parents of a school’s commitment to quality education by “engaging the school community in meeting high quality standards, implementing a continuous improvement process and engaging in quality assurance through internal and external review.”"
recn4qaIV99a4srGg,"Excellent, above age level results in standardized testing (IOWA Test). Our Montessori programs foster a creative, highly motivated and independent thinkers. Students have performed extremely well in later ages and higher learning including alumni having admitted to St. Johns, Kinkaid and Awty and college diplomas received from Harvard, Duke, Stanford, UT-Austin, Texas A&M, NYU and Northwestern."
recoLXZXbvKVI6kdx,"Legacy of service and growth: Serving families since 1955, St. Gregory the Great has fostered thousands of hours of community service, reflecting its deep commitment to faith and stewardship.

Strong student outcomes: An impressive 99% of students are accepted into Catholic high schools, and 98% of graduates pursue college, demonstrating academic success and preparation.

Faith-centered tradition: With decades of Catholic education rooted in prayer, leadership, and service, the school continues to build leaders who live Gospel values.

Vibrant community engagement: Annual events like service projects, faith celebrations, and school festivals, and programs build a strong sense of belonging and active participation by students and families."
recoOj2yNnwOE8sgb,Dual credit classes offered through Weatherford College
recoiTFNdqCsBvDLK,We are a TRS Certified Facility and our Kiddie Academy Life Essential Preschool/Pre-K Curriculum Exceeds Texas State Standards.
recozC50SKj6V1Q96,NAEYC Accreditation
recp0U1PT0UVk0lc7,"Sacred Heart Catholic School alumni have proven academically successful and are leaders among their graduating classes. 
Over 20 National Technical Honors Society Members
Over 35 National Honor Society 
Over 20 Alumni in the Top 20
5 Valedictorians
1 Salutatorian"
recp4vNOvhIw7l5eD,"Many of our Prek students graduate into gifted and talented programs at Private, Public, Montessori and Charter Schools. Graduates of our Program have gone on to attend Parker Elementary School and the Rice School."
recpHTXiVdZI7aNzE,"Holy Spirit Catholic School students consistently demonstrate outstanding academic achievement and growth. On the Winter 2026 NWEA MAP assessments, 96% of HSCS students scored above the national average in both Reading and Math. Students also showed exceptional growth across all grade levels, with 178% growth in English Language Arts, 129% growth in Math, and 194% growth in Science.

Based on Winter 2026 NWEA MAP results, all grade levels are on track to meet National Blue Ribbon School eligibility, defined as scoring within the top 15% of schools nationally.

HSCS’s strong academic foundation continues beyond elementary and middle school. Over the past 25 years, 30 HSCS alumni have been named Valedictorian or Salutatorian at area Catholic high schools, and Holy Spirit graduates regularly earn academic merit scholarships at local high schools.

Rigor and leadership are hallmarks of the HSCS middle school experience. Fifty-seven percent of middle school students are enrolled in one or more honors classes, and students actively participate in the National Junior Honor Society and Student Council, where they develop leadership skills and a deep commitment to service."
recpK06iQdN8lfdeJ,"By blending academic rigor—including Honors, AP, and dual credit classes—with a deep commitment to spiritual formation, WCS cultivates the academic and spiritual growth of each student to thrive. Our AP Program has been recognized as a Platinum-level program by the College Board for three years in a row due to its college readiness preparation. With strong Christian values, our Christ-centered focus prepares students to use their gifts, talents, and interests in service of God and others. Graduates go on to attend universities across the state, region, and nation."
recpR76VBR3XXX8yw,"Certified special education -early childhood to 12th grade
Generalist ec to 6th
Non expiring directors license 
Dyslexia certified
Math and reading specialist
Bachelor of science in Human Services and Consumer Sciences  woth an emphasis on Child and Family development"
recpTKMgqPfKlllK0,TRS Certified
recphoR8nC0O9FQjS,"4.12 median high school GPA
5 National Merit Scholars
5 National Merit Semi-Finalists
4 National Hispanic Scholars
18 National Merit Commended Scholars
Alumni accepted to top universities and military academies"
recpnbzXKAZa6FkSj,"COGNIA Accreditation
Texas Rising Star 4 star"
recpuyG1DqWEOmOJd,"Through our hands-on learning -based program, our Pre-K children build strong confident and academic skills early on. We are committed to fostering curiosity, independence, and a lifelong love of learning in every student, preparing them for success in school and beyond. Our classrooms are led by committed, caring, loving teachers who provide individualized instruction in a nurturing, high-quality learning environment."
recqNVIfQyRkII0lk,"Toy Town PreSchool, LLC is proud to participate in the Texas School Ready program and has maintained a 4-Star CCS / Texas Rising Star rating for over 10 years. We utilize the CLI (Texas School Ready) curriculum in all classrooms and complete their developmental and milestone assessments for every enrolled student three times each school year. Our program is designed to prepare children for formal education both academically and emotionally, ensuring they enter school confident, capable, and ready to succeed."
recqWKYVhaENy7jXZ,"Texas Rising Star, Texas School Ready"
recqhINJ0SjC5dJyp,Our school has been helping kids since 1969.
recqmKlvuYqT2bym6,Our IOWA scores confirm our students are achieving scores ABOVE the national average!
recr5ub0ELucxrnVv,"St. Louis Catholic School students consistently score higher than the national average and the Archdiocese of San Antonio average on the NWEA MAP assessment in all subjects. 
St. Louis Catholic School has qualified to apply for the Blue Ribbon School Award."
recrQdoD6ir3JFSKm,"Texas Rising Star, Texas School Ready"
recrZvKX4OvMe2mgl,"Trinity Episcopal School is known for strong academic preparation that equips students for success in high school and beyond. Our graduates consistently perform at high levels at St. Joseph High School and area public schools, with many earning Top 3 class rankings each year as well as graduation honors including Valedictorian, Salutatorian, and Historian. Trinity students leave well prepared academically, socially, and personally for the next stage of their education."
recrkOz38IgLFaPvA,"SHCS has a robust dual credit partnership with North Central Texas College. Currently, 33% of our high school students are enrolled in at least one dual credit online course. For GPA calculation purposes, students receive a 6 point bonus for all dual credit courses in which a grade of 85 or higher is earned.  
Sacred Heart students consistently score well above state and national standardized test scores."
recrqZM39U3b6syy8,"PSIA State Champions
Battle of the Flowers essay contest winners
NJHS
Catholic Arts & Academic Competition (CAAC) 
STEM
Student Council 
Robotics Awards
Academic Scholarships"
recsV97uvbSpQTBxY,"An impressive 75% of our graduating students test into Gifted and Talented programs, reflecting our strong academic foundation."
recsavjEObbgAouSm,We offer Pre-K if looking for public school alternatives
recsb2DVoMzSPd0cy,"National Blue Ribbon
Accredited by the TCCBED
NCEA Membership
Theology of the Body Campus through Ruah Woods Theology
Catholic Liberal Arts Education"
recsd0XnW5cI14kGu,"Purple Rose Learning Academy was proudly recognized by Google as a 2025 Best Childcare Center in Houston, reflecting our dedication to quality care and education. We have been awarded multiple grants that have allowed us to enhance our facility, upgrade furniture, and improve learning environments for our children. Purple Rose has also maintained a strong and stable team, with many staff members serving families for 3–5 years, creating consistency and trust. Additionally, we have successfully maintained our Texas Rising Star Level 4 certification for four consecutive years, demonstrating our continued commitment to the highest standards in early childhood education."
recsmH0Wt9wkd6A2x,"Kindergarten through 3rd grade classes currently follow a Classical Curriculum; all grade levels integrate Classical pedagogy. Hands-on science coursework in PK3-12th grades. Dual Credit coursework allows high school students to graduate with as many as 24 credit hours. Honors, GT, and Enrichment programs challenge students. One-on-One tutoring intervention, special services, and Catholic education plans provide additional support for students with mild to moderate learning differences. Students in grades PK3-3rd enjoy recess twice a day in addition to PE. 4th - 12th have one recess and PE daily. Our outdoor classroom and nature study programs provide opportunities to take advantage of the 30 acre campus. Students participate in PSIA, TAPPS, CSAC. High School students participate in AllPath Engineering competitions. Summer trip to for high school students to visit Washington DC scheduled for Summer 2026. Math, Science, and Reading scores above the national average and trending up. Field trips are integral to the St. Mary's experience such as: the 5th grade 4 day trip to The Pines Camp in Big Sandy, TX; 7th grade travels within Texas to explore history; 9th grade attends a weeklong science trip with Nature's Classroom Institute; 11th and 12th grades participate in College trips throughout Texas. 
St. Mary's Catholic School serves PK3 - 12th grade students in the Greater Longview area of East Texas. Our high school students complete a minimum of 100 hours of community service by graduation."
rect4lBeSMtkQfKt4,"Accredited through Cognia and aligned with Texas early learning standards, our school has established strong instructional systems, assessment practices, and family engagement structures that support measurable student growth. From beginning- to end-of-year, 85% of students demonstrated growth in early literacy skills and 80% demonstrated growth in early mathematics."
rect65eLGTTJHaBqV,"Students can earn the following achievements in National Junior Honor Society, Pastor's Award, Principal's Award, St. Joseph Award, Virtue Awards, Reading Olympics and Science Fair."
rectAcsAPt4mz3qZI,"College Board AP School: Gold Honor Roll; Student average ACT and SAT scores consistently higher than the local, state and national averages; 100% student acceptance to colleges and universities; annual student recognition by AP College Board recognition for AP scholars, AP scholars with honor, and AP scholars with distinction; and affiliation with John Hopkins Center for Talented Youth."
rectEZqSzG5UDilLx,Texas School Ready curriculum with developmentally appropriate instruction and developmental check list twice a year.
rectHDbi7suzoA7ke,"Graduates consistently excel in high school, with many ranking in the top 10% of their class, serving in multiple student leadership positions, being in multiple extracurricular clubs and activities, and standing out athletically.

Our students consistently show growth and high achievement on the standardized NWEA testing. 
Participate in Catholic Arts and Academic Competition (CAAC)
National Junior Honor Society
Robotics
Essay Contests
Band Competition
AIAL Athletics"
rectmvdqFCwjhiM1T,"PSIA
TAPPS- ART
PSAT
GARSEF
Texas History Day"
rectyLEPMuxhq5z72,"Graduates from Alpha Omega Academy demonstrate a strong knowledge in Truth found in God's word, an ability to discern well, communicate efficiently and problem solve. These attributes have transferred to success in top tier colleges, trade schools, in the work force and military service."
recuDErjTMqiaCTYB,"Franchise School
Structured curriculum
Outdoor Activities
Texas Ready School (TRS) Certified"
recuKbxvRYRdPNpTW,"100% College Acceptance Rate; High Volume of Senior Scholarships; Many 8th-11th Graders Consistently Testing at Post High School Levels; Literacy is Thriving Early, with 4-year-olds engaging in daily reading; Nationally Recognized 7-Time State Championship Basketball Teams and 2-Time State Championship 6-Man Football Team; Staff and Students Dedicated to community Service and Outreach; Guardian GOLD Program: Where Faith Meets Proven Strategies to Unlock Your Child’s Potential."
recuYtLmgOpqZkUgE,Texas Rising Star Certified Program & Texas School Ready Certified Program
recusYINHFmpWRkke,"Multiple national-merit scholars, 38 seniors in class of 2025 earned over $6.7 million in scholarships, multiple students received appointments to military academies, many students received NAIA and NCAA scholarships"
recv6uObPbtQsXlR5,"North Dallas Adventist Academy offers a college-preparatory education with AP and dual credit courses, preparing students for academic success beyond high school. Our students excel in robotics competitions, music festivals, and Bible knowledge challenges, showcasing both intellect and creativity. NDAA is also home to championship-winning athletics teams in sports such as basketball, soccer, and volleyball, developing leaders on and off the field. Graduates go on to earn scholarships and attend top colleges, a testament to the strength of our academics and whole-child approach."
recvHQzepaB5b6Xyw,"Bracken has a 100% college acceptance rate. The 2025 graduating class received 4.4 million dollars in college scholarships. Our PSAT and SAT averages are higher than state, national, and global averages."
recvi3nx4URXEUpEG,Cognia Accreditation
recwIjeYZbvFK2JJ7,"Children enrolled in our Pre-Kindergarten program demonstrate strong kindergarten readiness skills upon program completion. By the end of Pre-K, students are able to write and recognize their first and last names, identify upper- and lowercase letters, demonstrate early phonological awareness, recognize numbers, and follow structured classroom routines. Students also show growth in social-emotional skills, independence, and self-regulation, supporting a successful transition into kindergarten."
recwJ0GJFY72SmTZc,"We follow ISD-aligned learning objectives while embracing the Montessori philosophy, offering an individualized curriculum based on each child’s unique strengths and developmental needs. Through hands-on materials and purposeful play, children are encouraged to explore their curiosity, build independence, and develop a love for learning."
recwdSTgIfBQoPGGk,Children are well prepared for Kinder and First Grade
recwzD9yiHZby75H3,"Through our structured curriculum, children often achieve significant vocabulary expansion and early reading fluency.
We track and celebrate several developmental milestones, ranging from fine motor precision to advanced social empathy."
recx2SWttZkKDvL2b,.
recx5WyHG91LHg733,"St. Pius X Catholic School demonstrates strong academic performance and student growth across all grade levels. NWEA MAP Growth data places SPX in the High Achievement / High Growth quadrant for Math, Reading, Language Usage, and Science in grades K–8, reflecting both high academic standards and consistent student progress.

World language instruction is a key component of the curriculum. Students receive Spanish instruction weekly in elementary school and daily in middle school, building a strong foundation in language acquisition and cultural awareness.

To further prepare students for secondary education, eligible eighth-grade students may earn high school credit through Algebra I and Spanish I. In addition, SPX eighth graders consistently perform well on the PSAT, demonstrating Advanced Placement (AP) potential as they transition to high school."
recx74rViW0Dy29DO,At our facility we exceed in educational value by allowing our PreK class to participate church events. This gives your child experience in public speaking and performance.
recxDqBVJIOeRY3bD,"At House of Little Angels, our academic program is proudly recognized through Texas Rising Star, reflecting our commitment to high-quality early education. In partnership with United Way for Greater Austin and aligned with Austin Independent School District expectations, we prepare children with strong foundations in literacy, math, and classroom readiness—helping them transition confidently into kindergarten and beyond."
recxLuPokDaYm0Ld3,"At Vintage Christian Academy, small class sizes ensure every student receives personalized attention from our dedicated faculty. Our active Parent Teacher Volunteer Organization, signature events like the Lone Starry Night Gala, and robust athletic programs create a tightly-knit community united in our mission of Christ-centered education. Many VCA students achieve Classical Learning Test scores above the national average, demonstrating the academic excellence that equips them to serve God's kingdom with distinction."
recxM8gmYquZ55qq2,Accredited through Texas Workforce Commission: Texas Rising Star Level 4 out of 4 Stars- ⭐️ ⭐️ ⭐️ ⭐️
recxhv6CLmHYskJ7k,"Kreative Kids Academy is proud to be a Texas Rising Star certified program with a Four -Star rating, recognizing our commitment to a high-quality early learning education. Our program prepares children for Kindergarten through intentional, developmentally appropriate instruction that builds strong foundations in classroom readiness, early literacy, and math. We believe children learn best through hands on experiences, positive guidance, and consistent routines that support each child intellectual, language, social, emotional, physical and creative development."
recxtk2sT8KSW0844,High school has Early College Academy in which we provide dual credit classes in which students can earn an Associates Degree by graduation.
recyEjoflPEZetpt3,Texas Rising Stars
recyaQsc19Vy6WeE3,Texas Rising Star 4
recybPMG3pznssJjS,"Dallas International School offers a rigorous multi-lingual academic program for students in EC2 through 12th grade (EC2-4th on our Churchill campus and 5th-12th on our Waterview campus). Our school is exceptionally diverse with students and staff hailing from over fifty different countries. Nearly 75% of our students speak three or more languages and over half hold multiple citizenships. We are the only school in the metroplex to hold dual accreditation regionally and internationally (Independent Schools Association of the Southwest and the French Ministry of Education). We are authorized to offer the International Baccalaureate Diploma Program (11th-12th), the IB Career-related Program (11th-12th), and the IB Middle Years Program (6th-10th). DIS is one of only a handful of schools worldwide to offer access to the IB's Advanced Bilingual Diploma. Our graduates are highly regarded by universities. All students graduate from DIS with two accredited diplomas (DIS High School Diploma and either the International Baccalaureate Diploma or the French Baccalaureate Diploma) and go on to attend top universities across the globe. We are a member of the TAPPS and IAA sports leagues, and we offer a range of competitive athletic opportunities for our students. DIS has visual arts, instrumental music (orchestra and band), and theatre programs (including musical theatre). We offer a wide range of clubs and afterschool activities for students of all ages. Field trips (local, national, and international) are offered at all grade levels and high school students have the opportunity to participate in a study abroad program of up to six weeks. DIS has an aviation program that allows students to earn an FAA private pilot's license or an unmanned aerial vehicle (drone) license before they graduate from school."
recz9ui2OokPg19l8,"A Montessori preschool and kindergarten experience give children a strong foundation academically, socially, and emotionally. The hands‑on materials help them truly understand early math, language, and science concepts, while the environment encourages independence, focus, and confidence. Mixed‑age classrooms allow children to learn from one another, building leadership and collaboration skills."
reczIarcqDeRIcBv3,"CCA was the first private school in Texas and the 2nd in the U.S. that was awarded ""Accreditation with Honors"" from the ACTS accrediting agency. We were awarded the ACE School of Tomorrow ""Quality School"" status, and a member of the Texas Association of Private Schools."
reczUPlLhTpQriRGt,National Merit Scholars
reczV8tbvNq6XCnQw,"LeafSpring Schools are nationally accredited through NAEYC (the National Association for the Education of Young Children) and hold the top honor, a 4 star certification, from Texas Rising Star."
reczWuoNDZrBsBuq6,"Gateway Academy Learning Center proudly serves infants, toddlers, preschoolers, and after-school students with developmentally appropriate, high-quality instruction. Our learners consistently demonstrate strong growth in early literacy, numeracy, social–emotional development, and school readiness. Through individualized learning plans, structured enrichment, and a safe, supportive environment, Gateway Academy helps children build a strong academic foundation that supports long-term success in school and beyond."
reczhIHEyS84HB2M5,"We work with students of varying abilities and tailor instruction to help each student experience success. We also don't place a ceiling on advanced students, allowing them to work at a faster pace to achieve their personal goals."
reczy9uCLrVcWKWuA,"Bay Area Christian School (High School) has been recognized by the College Board as an AP School Honor Roll recipient.

Our students' achievement test results rank in the top quartile in the nation.

Our students' SAT scores rank higher than state and national averages."
