vendor_id,feature_category,feature_value
rec02A3QUWtTH4msz,academicFocusAreas,STEM/STEAM
rec02A3QUWtTH4msz,academicFocusAreas,Classical Education
rec02A3QUWtTH4msz,academicFocusAreas,Project-Based Learning
rec02A3QUWtTH4msz,supportResources,One-on-One Tutoring
rec02A3QUWtTH4msz,supportResources,Summer School Programs
rec02A3QUWtTH4msz,supportResources,After-School Academic Help
rec02A3QUWtTH4msz,cultureAndValues,Social-Emotional Learning
rec02A3QUWtTH4msz,cultureAndValues,Character Education
rec02A3QUWtTH4msz,extracurricularOfferings,After School Programs
rec02A3QUWtTH4msz,extracurricularOfferings,Field Trips & Travel Opportunities
rec02A3QUWtTH4msz,amenities,Small Class Sizes
rec02A3QUWtTH4msz,amenities,Meal Programs
rec02A3QUWtTH4msz,amenities,Uniforms/Dress Code
rec02A3QUWtTH4msz,amenities,Technology Access
rec02A3QUWtTH4msz,amenities,Multi-Age Classrooms
rec040XwIN6rdU09I,academicFocusAreas,STEM/STEAM
rec040XwIN6rdU09I,academicFocusAreas,Classical Education
rec040XwIN6rdU09I,supportResources,After-School Academic Help
rec040XwIN6rdU09I,supportResources,Summer School Programs
rec040XwIN6rdU09I,cultureAndValues,Community Service Focus
rec040XwIN6rdU09I,cultureAndValues,Social-Emotional Learning
rec040XwIN6rdU09I,cultureAndValues,Environmental/Outdoor Focus
rec040XwIN6rdU09I,cultureAndValues,Character Education
rec040XwIN6rdU09I,extracurricularOfferings,Sports Programs
rec040XwIN6rdU09I,extracurricularOfferings,Clubs & Activities
rec040XwIN6rdU09I,extracurricularOfferings,After School Programs
rec040XwIN6rdU09I,extracurricularOfferings,Before School Programs
rec040XwIN6rdU09I,extracurricularOfferings,Field Trips & Travel Opportunities
rec040XwIN6rdU09I,amenities,Transportation Services
rec040XwIN6rdU09I,amenities,Meal Programs
rec040XwIN6rdU09I,amenities,Small Class Sizes
rec040XwIN6rdU09I,amenities,Multi-Age Classrooms
rec040XwIN6rdU09I,amenities,Extended School Day/Year
rec05fCMHCinpVaog,academicFocusAreas,STEM/STEAM
rec05fCMHCinpVaog,academicFocusAreas,Advanced Placement (AP)
rec05fCMHCinpVaog,academicFocusAreas,College Prep
rec05fCMHCinpVaog,supportResources,Counseling Services
rec05fCMHCinpVaog,cultureAndValues,Religious Affiliation
rec05fCMHCinpVaog,cultureAndValues,Character Education
rec05fCMHCinpVaog,cultureAndValues,Community Service Focus
rec05fCMHCinpVaog,cultureAndValues,Social-Emotional Learning
rec05fCMHCinpVaog,extracurricularOfferings,"Arts Programs (Visual, Music, Drama, Dance)"
rec05fCMHCinpVaog,extracurricularOfferings,Sports Programs
rec05fCMHCinpVaog,extracurricularOfferings,Robotics/Coding
rec05fCMHCinpVaog,extracurricularOfferings,Clubs & Activities
rec05fCMHCinpVaog,extracurricularOfferings,Field Trips & Travel Opportunities
rec05fCMHCinpVaog,extracurricularOfferings,After School Programs
rec05fCMHCinpVaog,amenities,Meal Programs
rec05fCMHCinpVaog,amenities,Technology Access
rec05fCMHCinpVaog,amenities,"Great Facilities (gym, auditorium, etc.)"
rec05fCMHCinpVaog,amenities,Small Class Sizes
rec05fCMHCinpVaog,amenities,Extended School Day/Year
rec05fCMHCinpVaog,amenities,Uniforms/Dress Code
rec05fCMHCinpVaog,amenities,Security Features
rec0QpiOMNxuBfxvF,academicFocusAreas,STEM/STEAM
rec0QpiOMNxuBfxvF,supportResources,ESL/ELL Support
rec0QpiOMNxuBfxvF,supportResources,Special Education Services
rec0QpiOMNxuBfxvF,supportResources,Summer School Programs
rec0QpiOMNxuBfxvF,supportResources,After-School Academic Help
rec0QpiOMNxuBfxvF,cultureAndValues,Social-Emotional Learning
rec0QpiOMNxuBfxvF,cultureAndValues,Character Education
rec0QpiOMNxuBfxvF,cultureAndValues,Environmental/Outdoor Focus
rec0QpiOMNxuBfxvF,cultureAndValues,Community Service Focus
rec0QpiOMNxuBfxvF,extracurricularOfferings,Sports Programs
rec0QpiOMNxuBfxvF,extracurricularOfferings,After School Programs
rec0QpiOMNxuBfxvF,amenities,Meal Programs
rec0QpiOMNxuBfxvF,amenities,Technology Access
rec0QpiOMNxuBfxvF,amenities,"Great Facilities (gym, auditorium, etc.)"
rec0QpiOMNxuBfxvF,amenities,Small Class Sizes
rec0QpiOMNxuBfxvF,amenities,Extended School Day/Year
rec0QpiOMNxuBfxvF,amenities,Security Features
rec0b00SnG1QGtTF5,academicFocusAreas,STEM/STEAM
rec0b00SnG1QGtTF5,academicFocusAreas,Classical Education
rec0b00SnG1QGtTF5,cultureAndValues,Social-Emotional Learning
rec0b00SnG1QGtTF5,extracurricularOfferings,Sports Programs
rec0b00SnG1QGtTF5,extracurricularOfferings,"Arts Programs (Visual, Music, Drama, Dance)"
rec0b00SnG1QGtTF5,amenities,Extended School Day/Year
rec0b00SnG1QGtTF5,amenities,Security Features
rec0jEmymh16i3Cb2,academicFocusAreas,STEM/STEAM
rec0jEmymh16i3Cb2,academicFocusAreas,Project-Based Learning
rec0jEmymh16i3Cb2,academicFocusAreas,Classical Education
rec0jEmymh16i3Cb2,academicFocusAreas,Montessori
rec0jEmymh16i3Cb2,supportResources,One-on-One Tutoring
rec0jEmymh16i3Cb2,supportResources,Summer School Programs
rec0jEmymh16i3Cb2,cultureAndValues,Environmental/Outdoor Focus
rec0jEmymh16i3Cb2,cultureAndValues,Social-Emotional Learning
rec0jEmymh16i3Cb2,cultureAndValues,Character Education
rec0jEmymh16i3Cb2,cultureAndValues,Community Service Focus
rec0jEmymh16i3Cb2,extracurricularOfferings,After School Programs
rec0jEmymh16i3Cb2,amenities,Meal Programs
rec0jEmymh16i3Cb2,amenities,Multi-Age Classrooms
rec0jEmymh16i3Cb2,amenities,Extended School Day/Year
rec0jEmymh16i3Cb2,amenities,Small Class Sizes
rec0zmu32f2ykhcDY,academicFocusAreas,Classical Education
rec0zmu32f2ykhcDY,cultureAndValues,Social-Emotional Learning
rec0zmu32f2ykhcDY,extracurricularOfferings,Before School Programs
rec0zmu32f2ykhcDY,extracurricularOfferings,After School Programs
rec0zmu32f2ykhcDY,amenities,Transportation Services
rec0zmu32f2ykhcDY,amenities,Meal Programs
rec0zmu32f2ykhcDY,amenities,Small Class Sizes
rec0zmu32f2ykhcDY,amenities,Extended School Day/Year
rec0zmu32f2ykhcDY,amenities,Security Features
rec0zmu32f2ykhcDY,amenities,Technology Access
rec0zmu32f2ykhcDY,amenities,Uniforms/Dress Code
rec12SU3KqseTrfNw,academicFocusAreas,Classical Education
rec12SU3KqseTrfNw,academicFocusAreas,Project-Based Learning
rec12SU3KqseTrfNw,academicFocusAreas,College Prep
rec12SU3KqseTrfNw,supportResources,Reading Specialists
rec12SU3KqseTrfNw,cultureAndValues,Religious Affiliation
rec12SU3KqseTrfNw,cultureAndValues,Character Education
rec12SU3KqseTrfNw,cultureAndValues,Community Service Focus
rec12SU3KqseTrfNw,extracurricularOfferings,Sports Programs
rec12SU3KqseTrfNw,extracurricularOfferings,"Arts Programs (Visual, Music, Drama, Dance)"
rec12SU3KqseTrfNw,extracurricularOfferings,Clubs & Activities
rec12SU3KqseTrfNw,amenities,Technology Access
rec12SU3KqseTrfNw,amenities,Small Class Sizes
rec12SU3KqseTrfNw,amenities,Uniforms/Dress Code
rec12SU3KqseTrfNw,amenities,Security Features
rec12yux4qX7mPRuZ,academicFocusAreas,STEM/STEAM
rec12yux4qX7mPRuZ,academicFocusAreas,Advanced Placement (AP)
rec12yux4qX7mPRuZ,academicFocusAreas,College Prep
rec12yux4qX7mPRuZ,academicFocusAreas,Project-Based Learning
rec12yux4qX7mPRuZ,supportResources,Counseling Services
rec12yux4qX7mPRuZ,supportResources,Speech Therapy
rec12yux4qX7mPRuZ,supportResources,After-School Academic Help
rec12yux4qX7mPRuZ,supportResources,Reading Specialists
rec12yux4qX7mPRuZ,supportResources,Math Specialists
rec12yux4qX7mPRuZ,cultureAndValues,Religious Affiliation
rec12yux4qX7mPRuZ,cultureAndValues,Character Education
rec12yux4qX7mPRuZ,cultureAndValues,Community Service Focus
rec12yux4qX7mPRuZ,cultureAndValues,Environmental/Outdoor Focus
rec12yux4qX7mPRuZ,cultureAndValues,Social-Emotional Learning
rec12yux4qX7mPRuZ,extracurricularOfferings,Sports Programs
rec12yux4qX7mPRuZ,extracurricularOfferings,Clubs & Activities
rec12yux4qX7mPRuZ,extracurricularOfferings,Robotics/Coding
rec12yux4qX7mPRuZ,extracurricularOfferings,Debate/Speech
rec12yux4qX7mPRuZ,extracurricularOfferings,Student Publications
rec12yux4qX7mPRuZ,extracurricularOfferings,Field Trips & Travel Opportunities
rec12yux4qX7mPRuZ,extracurricularOfferings,After School Programs
rec12yux4qX7mPRuZ,extracurricularOfferings,"Arts Programs (Visual, Music, Drama, Dance)"
rec12yux4qX7mPRuZ,amenities,Technology Access
rec12yux4qX7mPRuZ,amenities,"Great Facilities (gym, auditorium, etc.)"
rec12yux4qX7mPRuZ,amenities,Small Class Sizes
rec12yux4qX7mPRuZ,amenities,Uniforms/Dress Code
rec12yux4qX7mPRuZ,amenities,Security Features
rec12yux4qX7mPRuZ,amenities,Extended School Day/Year
rec12yux4qX7mPRuZ,amenities,Meal Programs
rec1AonKqMLanSbDk,academicFocusAreas,Gifted & Talented
rec1AonKqMLanSbDk,academicFocusAreas,STEM/STEAM
rec1AonKqMLanSbDk,supportResources,One-on-One Tutoring
rec1AonKqMLanSbDk,supportResources,Special Education Services
rec1AonKqMLanSbDk,supportResources,Speech Therapy
rec1AonKqMLanSbDk,supportResources,Reading Specialists
rec1AonKqMLanSbDk,supportResources,After-School Academic Help
rec1AonKqMLanSbDk,supportResources,Math Specialists
rec1AonKqMLanSbDk,cultureAndValues,Community Service Focus
rec1AonKqMLanSbDk,cultureAndValues,Social-Emotional Learning
rec1AonKqMLanSbDk,cultureAndValues,Environmental/Outdoor Focus
rec1AonKqMLanSbDk,cultureAndValues,Character Education
rec1AonKqMLanSbDk,extracurricularOfferings,Sports Programs
rec1AonKqMLanSbDk,extracurricularOfferings,Field Trips & Travel Opportunities
rec1AonKqMLanSbDk,extracurricularOfferings,Before School Programs
rec1AonKqMLanSbDk,extracurricularOfferings,After School Programs
rec1AonKqMLanSbDk,extracurricularOfferings,Clubs & Activities
rec1AonKqMLanSbDk,amenities,Technology Access
rec1AonKqMLanSbDk,amenities,Meal Programs
rec1AonKqMLanSbDk,amenities,"Great Facilities (gym, auditorium, etc.)"
rec1AonKqMLanSbDk,amenities,Small Class Sizes
rec1AonKqMLanSbDk,amenities,Security Features
rec1AonKqMLanSbDk,amenities,Extended School Day/Year
rec1SzAwSbhUXtC5A,academicFocusAreas,Classical Education
rec1SzAwSbhUXtC5A,academicFocusAreas,STEM/STEAM
rec1SzAwSbhUXtC5A,academicFocusAreas,Language Immersion
rec1SzAwSbhUXtC5A,supportResources,After-School Academic Help
rec1SzAwSbhUXtC5A,supportResources,Summer School Programs
rec1SzAwSbhUXtC5A,cultureAndValues,Social-Emotional Learning
rec1SzAwSbhUXtC5A,extracurricularOfferings,Before School Programs
rec1SzAwSbhUXtC5A,extracurricularOfferings,After School Programs
rec1SzAwSbhUXtC5A,amenities,Transportation Services
rec1SzAwSbhUXtC5A,amenities,Meal Programs
rec1SzAwSbhUXtC5A,amenities,Technology Access
rec1SzAwSbhUXtC5A,amenities,"Great Facilities (gym, auditorium, etc.)"
rec1SzAwSbhUXtC5A,amenities,Small Class Sizes
rec1SzAwSbhUXtC5A,amenities,Extended School Day/Year
rec1SzAwSbhUXtC5A,amenities,Security Features
rec1WNQ2GGBwUHgU8,cultureAndValues,Religious Affiliation
rec1WNQ2GGBwUHgU8,cultureAndValues,Character Education
rec1WNQ2GGBwUHgU8,cultureAndValues,Community Service Focus
rec1WNQ2GGBwUHgU8,extracurricularOfferings,Sports Programs
rec1WNQ2GGBwUHgU8,extracurricularOfferings,Clubs & Activities
rec1WNQ2GGBwUHgU8,extracurricularOfferings,Field Trips & Travel Opportunities
rec1WNQ2GGBwUHgU8,extracurricularOfferings,After School Programs
rec1WNQ2GGBwUHgU8,amenities,Technology Access
rec1WNQ2GGBwUHgU8,amenities,"Great Facilities (gym, auditorium, etc.)"
rec1WNQ2GGBwUHgU8,amenities,Small Class Sizes
rec1WNQ2GGBwUHgU8,amenities,Uniforms/Dress Code
rec1WNQ2GGBwUHgU8,amenities,Security Features
rec1s3wrheI48qqFM,academicFocusAreas,Classical Education
rec1s3wrheI48qqFM,academicFocusAreas,College Prep
rec1s3wrheI48qqFM,cultureAndValues,Religious Affiliation
rec1s3wrheI48qqFM,cultureAndValues,Community Service Focus
rec1s3wrheI48qqFM,cultureAndValues,Character Education
rec1s3wrheI48qqFM,cultureAndValues,Social-Emotional Learning
rec1s3wrheI48qqFM,cultureAndValues,Environmental/Outdoor Focus
rec1s3wrheI48qqFM,extracurricularOfferings,Sports Programs
rec1s3wrheI48qqFM,extracurricularOfferings,Field Trips & Travel Opportunities
rec1s3wrheI48qqFM,amenities,Small Class Sizes
rec1s3wrheI48qqFM,amenities,Uniforms/Dress Code
rec1s3wrheI48qqFM,amenities,Security Features
rec1s3wrheI48qqFM,amenities,Technology Access
rec1wRZSLSXxqXwEa,academicFocusAreas,Project-Based Learning
rec1wRZSLSXxqXwEa,academicFocusAreas,STEM/STEAM
rec1wRZSLSXxqXwEa,supportResources,Summer School Programs
rec1wRZSLSXxqXwEa,supportResources,ESL/ELL Support
rec1wRZSLSXxqXwEa,cultureAndValues,Character Education
rec1wRZSLSXxqXwEa,cultureAndValues,Social-Emotional Learning
rec1wRZSLSXxqXwEa,cultureAndValues,Community Service Focus
rec1wRZSLSXxqXwEa,extracurricularOfferings,Before School Programs
rec1wRZSLSXxqXwEa,extracurricularOfferings,After School Programs
rec1wRZSLSXxqXwEa,amenities,Transportation Services
rec1wRZSLSXxqXwEa,amenities,Meal Programs
rec1wRZSLSXxqXwEa,amenities,Technology Access
rec1wRZSLSXxqXwEa,amenities,Small Class Sizes
rec1wRZSLSXxqXwEa,amenities,Extended School Day/Year
rec1wRZSLSXxqXwEa,amenities,Security Features
rec1wRZSLSXxqXwEa,amenities,Multi-Age Classrooms
rec23iOt8uZjwqige,academicFocusAreas,Classical Education
rec23iOt8uZjwqige,supportResources,After-School Academic Help
rec23iOt8uZjwqige,supportResources,Summer School Programs
rec23iOt8uZjwqige,cultureAndValues,Social-Emotional Learning
rec23iOt8uZjwqige,extracurricularOfferings,After School Programs
rec23iOt8uZjwqige,amenities,Transportation Services
rec23iOt8uZjwqige,amenities,Meal Programs
rec23iOt8uZjwqige,amenities,Extended School Day/Year
rec27J80NJd4GmWBO,academicFocusAreas,STEM/STEAM
rec27J80NJd4GmWBO,academicFocusAreas,Project-Based Learning
rec27J80NJd4GmWBO,supportResources,After-School Academic Help
rec27J80NJd4GmWBO,supportResources,Reading Specialists
rec27J80NJd4GmWBO,cultureAndValues,Religious Affiliation
rec27J80NJd4GmWBO,cultureAndValues,Community Service Focus
rec27J80NJd4GmWBO,cultureAndValues,Social-Emotional Learning
rec27J80NJd4GmWBO,cultureAndValues,Character Education
rec27J80NJd4GmWBO,extracurricularOfferings,Before School Programs
rec27J80NJd4GmWBO,extracurricularOfferings,After School Programs
rec27J80NJd4GmWBO,extracurricularOfferings,Field Trips & Travel Opportunities
rec27J80NJd4GmWBO,extracurricularOfferings,Clubs & Activities
rec27J80NJd4GmWBO,extracurricularOfferings,Sports Programs
rec27J80NJd4GmWBO,amenities,Meal Programs
rec27J80NJd4GmWBO,amenities,Technology Access
rec27J80NJd4GmWBO,amenities,"Great Facilities (gym, auditorium, etc.)"
rec27J80NJd4GmWBO,amenities,Small Class Sizes
rec27J80NJd4GmWBO,amenities,Extended School Day/Year
rec27J80NJd4GmWBO,amenities,Uniforms/Dress Code
rec27J80NJd4GmWBO,amenities,Security Features
rec2Atg9AQeWSrg4v,academicFocusAreas,Advanced Placement (AP)
rec2Atg9AQeWSrg4v,academicFocusAreas,College Prep
rec2Atg9AQeWSrg4v,supportResources,Reading Specialists
rec2Atg9AQeWSrg4v,supportResources,One-on-One Tutoring
rec2Atg9AQeWSrg4v,cultureAndValues,Character Education
rec2Atg9AQeWSrg4v,cultureAndValues,Social-Emotional Learning
rec2Atg9AQeWSrg4v,extracurricularOfferings,Sports Programs
rec2Atg9AQeWSrg4v,extracurricularOfferings,Clubs & Activities
rec2Atg9AQeWSrg4v,amenities,Technology Access
rec2Atg9AQeWSrg4v,amenities,"Great Facilities (gym, auditorium, etc.)"
rec2Atg9AQeWSrg4v,amenities,Small Class Sizes
rec2Atg9AQeWSrg4v,amenities,Extended School Day/Year
rec2Atg9AQeWSrg4v,amenities,Multi-Age Classrooms
rec2dFFcylNtNb9io,academicFocusAreas,Classical Education
rec2dFFcylNtNb9io,cultureAndValues,Religious Affiliation
rec2dFFcylNtNb9io,cultureAndValues,Community Service Focus
rec2dFFcylNtNb9io,cultureAndValues,Character Education
rec2dFFcylNtNb9io,extracurricularOfferings,Clubs & Activities
rec2dFFcylNtNb9io,extracurricularOfferings,After School Programs
rec2dFFcylNtNb9io,amenities,Uniforms/Dress Code
rec2dFFcylNtNb9io,amenities,Security Features
rec2dFFcylNtNb9io,amenities,"Great Facilities (gym, auditorium, etc.)"
rec2jOPUr93U8N0xf,academicFocusAreas,Language Immersion
rec2jOPUr93U8N0xf,academicFocusAreas,STEM/STEAM
rec2jOPUr93U8N0xf,cultureAndValues,Social-Emotional Learning
rec2jOPUr93U8N0xf,amenities,Meal Programs
rec2jOPUr93U8N0xf,amenities,Extended School Day/Year
rec2uNiGuKcmCKCeO,academicFocusAreas,Project-Based Learning
rec2uNiGuKcmCKCeO,academicFocusAreas,Montessori
rec2uNiGuKcmCKCeO,academicFocusAreas,Language Immersion
rec2uNiGuKcmCKCeO,cultureAndValues,Environmental/Outdoor Focus
rec2uNiGuKcmCKCeO,cultureAndValues,Social-Emotional Learning
rec2uNiGuKcmCKCeO,extracurricularOfferings,After School Programs
rec2uNiGuKcmCKCeO,amenities,Small Class Sizes
rec2uNiGuKcmCKCeO,amenities,Multi-Age Classrooms
rec2uNiGuKcmCKCeO,amenities,Extended School Day/Year
rec2yGjMEVHjpFDSF,academicFocusAreas,Classical Education
rec2yGjMEVHjpFDSF,cultureAndValues,Environmental/Outdoor Focus
rec2yGjMEVHjpFDSF,cultureAndValues,Character Education
rec2yGjMEVHjpFDSF,cultureAndValues,Religious Affiliation
rec2yGjMEVHjpFDSF,extracurricularOfferings,"Arts Programs (Visual, Music, Drama, Dance)"
rec2yGjMEVHjpFDSF,extracurricularOfferings,After School Programs
rec2yGjMEVHjpFDSF,extracurricularOfferings,Sports Programs
rec2yGjMEVHjpFDSF,amenities,Small Class Sizes
rec2yGjMEVHjpFDSF,amenities,Extended School Day/Year
rec2yGjMEVHjpFDSF,amenities,Uniforms/Dress Code
rec2yHlMK0aagIXk1,academicFocusAreas,STEM/STEAM
rec2yHlMK0aagIXk1,academicFocusAreas,Project-Based Learning
rec2yHlMK0aagIXk1,academicFocusAreas,Advanced Placement (AP)
rec2yHlMK0aagIXk1,academicFocusAreas,College Prep
rec2yHlMK0aagIXk1,cultureAndValues,Religious Affiliation
rec2yHlMK0aagIXk1,cultureAndValues,Character Education
rec2yHlMK0aagIXk1,cultureAndValues,Community Service Focus
rec2yHlMK0aagIXk1,extracurricularOfferings,Sports Programs
rec2yHlMK0aagIXk1,extracurricularOfferings,"Arts Programs (Visual, Music, Drama, Dance)"
rec2yHlMK0aagIXk1,extracurricularOfferings,Clubs & Activities
rec2yHlMK0aagIXk1,extracurricularOfferings,Robotics/Coding
rec2yHlMK0aagIXk1,extracurricularOfferings,Student Publications
rec2yHlMK0aagIXk1,extracurricularOfferings,Field Trips & Travel Opportunities
rec2yHlMK0aagIXk1,extracurricularOfferings,After School Programs
rec2yHlMK0aagIXk1,amenities,Transportation Services
rec2yHlMK0aagIXk1,amenities,"Great Facilities (gym, auditorium, etc.)"
rec2yHlMK0aagIXk1,amenities,Technology Access
rec2yHlMK0aagIXk1,amenities,Extended School Day/Year
rec2yHlMK0aagIXk1,amenities,Uniforms/Dress Code
rec2yHlMK0aagIXk1,amenities,Security Features
rec2zivIrLDvMJRrO,academicFocusAreas,Classical Education
rec2zivIrLDvMJRrO,supportResources,Speech Therapy
rec2zivIrLDvMJRrO,supportResources,Occupational Therapy
rec2zivIrLDvMJRrO,supportResources,Summer School Programs
rec2zivIrLDvMJRrO,cultureAndValues,Social-Emotional Learning
rec2zivIrLDvMJRrO,cultureAndValues,Character Education
rec2zivIrLDvMJRrO,cultureAndValues,Environmental/Outdoor Focus
rec2zivIrLDvMJRrO,extracurricularOfferings,Field Trips & Travel Opportunities
rec2zivIrLDvMJRrO,extracurricularOfferings,After School Programs
rec2zivIrLDvMJRrO,extracurricularOfferings,Before School Programs
rec2zivIrLDvMJRrO,amenities,Transportation Services
rec2zivIrLDvMJRrO,amenities,Meal Programs
rec2zivIrLDvMJRrO,amenities,Extended School Day/Year
rec2zivIrLDvMJRrO,amenities,Uniforms/Dress Code
rec2zivIrLDvMJRrO,amenities,Security Features
rec31uiSmEUR44687,academicFocusAreas,Project-Based Learning
rec31uiSmEUR44687,academicFocusAreas,Language Immersion
rec31uiSmEUR44687,cultureAndValues,Character Education
rec31uiSmEUR44687,cultureAndValues,Environmental/Outdoor Focus
rec31uiSmEUR44687,cultureAndValues,Community Service Focus
rec31uiSmEUR44687,extracurricularOfferings,"Arts Programs (Visual, Music, Drama, Dance)"
rec36gswkz9393REx,academicFocusAreas,STEM/STEAM
rec36gswkz9393REx,academicFocusAreas,Language Immersion
rec36gswkz9393REx,academicFocusAreas,International Baccalaureate (IB)
rec36gswkz9393REx,academicFocusAreas,Advanced Placement (AP)
rec36gswkz9393REx,academicFocusAreas,Gifted & Talented
rec36gswkz9393REx,academicFocusAreas,College Prep
rec36gswkz9393REx,academicFocusAreas,Classical Education
rec36gswkz9393REx,academicFocusAreas,Project-Based Learning
rec36gswkz9393REx,supportResources,One-on-One Tutoring
rec36gswkz9393REx,supportResources,ESL/ELL Support
rec36gswkz9393REx,supportResources,Speech Therapy
rec36gswkz9393REx,supportResources,After-School Academic Help
rec36gswkz9393REx,supportResources,Summer School Programs
rec36gswkz9393REx,cultureAndValues,Character Education
rec36gswkz9393REx,cultureAndValues,Social-Emotional Learning
rec36gswkz9393REx,extracurricularOfferings,Sports Programs
rec36gswkz9393REx,extracurricularOfferings,"Arts Programs (Visual, Music, Drama, Dance)"
rec36gswkz9393REx,extracurricularOfferings,Clubs & Activities
rec36gswkz9393REx,extracurricularOfferings,Debate/Speech
rec36gswkz9393REx,extracurricularOfferings,Field Trips & Travel Opportunities
rec36gswkz9393REx,extracurricularOfferings,After School Programs
rec36gswkz9393REx,amenities,Transportation Services
rec36gswkz9393REx,amenities,Meal Programs
rec36gswkz9393REx,amenities,Technology Access
rec36gswkz9393REx,amenities,"Great Facilities (gym, auditorium, etc.)"
rec36gswkz9393REx,amenities,Small Class Sizes
rec36gswkz9393REx,amenities,Extended School Day/Year
rec36gswkz9393REx,amenities,Uniforms/Dress Code
rec36gswkz9393REx,amenities,Security Features
rec36gswkz9393REx,amenities,Multi-Age Classrooms
rec39ZvKfzpamRMsn,academicFocusAreas,Project-Based Learning
rec39ZvKfzpamRMsn,academicFocusAreas,STEM/STEAM
rec39ZvKfzpamRMsn,academicFocusAreas,Gifted & Talented
rec39ZvKfzpamRMsn,supportResources,One-on-One Tutoring
rec39ZvKfzpamRMsn,supportResources,Reading Specialists
rec39ZvKfzpamRMsn,supportResources,Math Specialists
rec39ZvKfzpamRMsn,supportResources,Counseling Services
rec39ZvKfzpamRMsn,supportResources,After-School Academic Help
rec39ZvKfzpamRMsn,supportResources,Summer School Programs
rec39ZvKfzpamRMsn,supportResources,ESL/ELL Support
rec39ZvKfzpamRMsn,cultureAndValues,Religious Affiliation
rec39ZvKfzpamRMsn,cultureAndValues,Character Education
rec39ZvKfzpamRMsn,cultureAndValues,Community Service Focus
rec39ZvKfzpamRMsn,cultureAndValues,Environmental/Outdoor Focus
rec39ZvKfzpamRMsn,cultureAndValues,Social-Emotional Learning
rec39ZvKfzpamRMsn,extracurricularOfferings,Sports Programs
rec39ZvKfzpamRMsn,extracurricularOfferings,"Arts Programs (Visual, Music, Drama, Dance)"
rec39ZvKfzpamRMsn,extracurricularOfferings,Clubs & Activities
rec39ZvKfzpamRMsn,extracurricularOfferings,Robotics/Coding
rec39ZvKfzpamRMsn,extracurricularOfferings,Student Publications
rec39ZvKfzpamRMsn,extracurricularOfferings,Field Trips & Travel Opportunities
rec39ZvKfzpamRMsn,extracurricularOfferings,Before School Programs
rec39ZvKfzpamRMsn,extracurricularOfferings,After School Programs
rec39ZvKfzpamRMsn,amenities,Meal Programs
rec39ZvKfzpamRMsn,amenities,Technology Access
rec39ZvKfzpamRMsn,amenities,Small Class Sizes
rec39ZvKfzpamRMsn,amenities,Uniforms/Dress Code
rec39ZvKfzpamRMsn,amenities,Security Features
rec3DsHo7uBBcw12R,academicFocusAreas,Language Immersion
rec3DsHo7uBBcw12R,academicFocusAreas,Advanced Placement (AP)
rec3DsHo7uBBcw12R,academicFocusAreas,College Prep
rec3DsHo7uBBcw12R,academicFocusAreas,Gifted & Talented
rec3DsHo7uBBcw12R,academicFocusAreas,STEM/STEAM
rec3DsHo7uBBcw12R,supportResources,One-on-One Tutoring
rec3DsHo7uBBcw12R,supportResources,Reading Specialists
rec3DsHo7uBBcw12R,supportResources,Math Specialists
rec3DsHo7uBBcw12R,supportResources,Speech Therapy
rec3DsHo7uBBcw12R,supportResources,Counseling Services
rec3DsHo7uBBcw12R,supportResources,After-School Academic Help
rec3DsHo7uBBcw12R,cultureAndValues,Religious Affiliation
rec3DsHo7uBBcw12R,cultureAndValues,Character Education
rec3DsHo7uBBcw12R,cultureAndValues,Community Service Focus
rec3DsHo7uBBcw12R,extracurricularOfferings,Sports Programs
rec3DsHo7uBBcw12R,extracurricularOfferings,"Arts Programs (Visual, Music, Drama, Dance)"
rec3DsHo7uBBcw12R,extracurricularOfferings,Robotics/Coding
rec3DsHo7uBBcw12R,extracurricularOfferings,Clubs & Activities
rec3DsHo7uBBcw12R,extracurricularOfferings,Field Trips & Travel Opportunities
rec3DsHo7uBBcw12R,extracurricularOfferings,Debate/Speech
rec3DsHo7uBBcw12R,extracurricularOfferings,Student Publications
rec3DsHo7uBBcw12R,extracurricularOfferings,After School Programs
rec3DsHo7uBBcw12R,amenities,Meal Programs
rec3DsHo7uBBcw12R,amenities,Technology Access
rec3DsHo7uBBcw12R,amenities,"Great Facilities (gym, auditorium, etc.)"
rec3DsHo7uBBcw12R,amenities,Uniforms/Dress Code
rec3DsHo7uBBcw12R,amenities,Security Features
rec3LREfvn91mEbB1,academicFocusAreas,Montessori
rec3LREfvn91mEbB1,cultureAndValues,Social-Emotional Learning
rec3LREfvn91mEbB1,cultureAndValues,Character Education
rec3LREfvn91mEbB1,extracurricularOfferings,Sports Programs
rec3LREfvn91mEbB1,extracurricularOfferings,"Arts Programs (Visual, Music, Drama, Dance)"
rec3LREfvn91mEbB1,extracurricularOfferings,Field Trips & Travel Opportunities
rec3LREfvn91mEbB1,extracurricularOfferings,Before School Programs
rec3LREfvn91mEbB1,extracurricularOfferings,After School Programs
rec3LREfvn91mEbB1,extracurricularOfferings,Clubs & Activities
rec3LREfvn91mEbB1,amenities,Meal Programs
rec3LREfvn91mEbB1,amenities,Technology Access
rec3LREfvn91mEbB1,amenities,"Great Facilities (gym, auditorium, etc.)"
rec3LREfvn91mEbB1,amenities,Small Class Sizes
rec3LREfvn91mEbB1,amenities,Multi-Age Classrooms
rec3LREfvn91mEbB1,amenities,Extended School Day/Year
rec3LREfvn91mEbB1,amenities,Uniforms/Dress Code
rec3LREfvn91mEbB1,amenities,Security Features
rec3Mkt249EXJmJjF,academicFocusAreas,STEM/STEAM
rec3Mkt249EXJmJjF,academicFocusAreas,College Prep
rec3Mkt249EXJmJjF,cultureAndValues,Character Education
rec3Mkt249EXJmJjF,cultureAndValues,Religious Affiliation
rec3Mkt249EXJmJjF,extracurricularOfferings,Sports Programs
rec3Mkt249EXJmJjF,extracurricularOfferings,"Arts Programs (Visual, Music, Drama, Dance)"
rec3Mkt249EXJmJjF,extracurricularOfferings,Robotics/Coding
rec3Mkt249EXJmJjF,extracurricularOfferings,Field Trips & Travel Opportunities
rec3Mkt249EXJmJjF,extracurricularOfferings,Debate/Speech
rec3Mkt249EXJmJjF,amenities,Technology Access
rec3Mkt249EXJmJjF,amenities,"Great Facilities (gym, auditorium, etc.)"
rec3Mkt249EXJmJjF,amenities,Multi-Age Classrooms
rec3Mkt249EXJmJjF,amenities,Extended School Day/Year
rec3Mkt249EXJmJjF,amenities,Uniforms/Dress Code
rec3Mkt249EXJmJjF,amenities,Security Features
rec3kgDfGHKqthhb5,academicFocusAreas,STEM/STEAM
rec3kgDfGHKqthhb5,academicFocusAreas,Project-Based Learning
rec3kgDfGHKqthhb5,academicFocusAreas,Gifted & Talented
rec3kgDfGHKqthhb5,academicFocusAreas,College Prep
rec3kgDfGHKqthhb5,supportResources,One-on-One Tutoring
rec3kgDfGHKqthhb5,supportResources,Reading Specialists
rec3kgDfGHKqthhb5,supportResources,Math Specialists
rec3kgDfGHKqthhb5,supportResources,ESL/ELL Support
rec3kgDfGHKqthhb5,supportResources,After-School Academic Help
rec3kgDfGHKqthhb5,supportResources,Summer School Programs
rec3kgDfGHKqthhb5,cultureAndValues,Religious Affiliation
rec3kgDfGHKqthhb5,cultureAndValues,Character Education
rec3kgDfGHKqthhb5,cultureAndValues,Community Service Focus
rec3kgDfGHKqthhb5,cultureAndValues,Social-Emotional Learning
rec3kgDfGHKqthhb5,extracurricularOfferings,Sports Programs
rec3kgDfGHKqthhb5,extracurricularOfferings,"Arts Programs (Visual, Music, Drama, Dance)"
rec3kgDfGHKqthhb5,extracurricularOfferings,Clubs & Activities
rec3kgDfGHKqthhb5,extracurricularOfferings,Robotics/Coding
rec3kgDfGHKqthhb5,extracurricularOfferings,Debate/Speech
rec3kgDfGHKqthhb5,extracurricularOfferings,Student Publications
rec3kgDfGHKqthhb5,extracurricularOfferings,Field Trips & Travel Opportunities
rec3kgDfGHKqthhb5,extracurricularOfferings,After School Programs
rec3kgDfGHKqthhb5,amenities,Meal Programs
rec3kgDfGHKqthhb5,amenities,Technology Access
rec3kgDfGHKqthhb5,amenities,"Great Facilities (gym, auditorium, etc.)"
rec3kgDfGHKqthhb5,amenities,Small Class Sizes
rec3kgDfGHKqthhb5,amenities,Extended School Day/Year
rec3kgDfGHKqthhb5,amenities,Uniforms/Dress Code
rec3kgDfGHKqthhb5,amenities,Security Features
rec3odCobz94ltJNv,academicFocusAreas,STEM/STEAM
rec3odCobz94ltJNv,academicFocusAreas,Project-Based Learning
rec3odCobz94ltJNv,supportResources,After-School Academic Help
rec3odCobz94ltJNv,supportResources,Summer School Programs
rec3odCobz94ltJNv,supportResources,Speech Therapy
rec3odCobz94ltJNv,cultureAndValues,Character Education
rec3odCobz94ltJNv,extracurricularOfferings,Before School Programs
rec3odCobz94ltJNv,extracurricularOfferings,After School Programs
rec3odCobz94ltJNv,extracurricularOfferings,Sports Programs
rec3odCobz94ltJNv,amenities,Transportation Services
rec3odCobz94ltJNv,amenities,Meal Programs
rec3odCobz94ltJNv,amenities,Technology Access
rec3odCobz94ltJNv,amenities,"Great Facilities (gym, auditorium, etc.)"
rec3odCobz94ltJNv,amenities,Small Class Sizes
rec3odCobz94ltJNv,amenities,Multi-Age Classrooms
rec3odCobz94ltJNv,amenities,Extended School Day/Year
rec3odCobz94ltJNv,amenities,Security Features
rec3qrmY6jii23yIO,academicFocusAreas,College Prep
rec3qrmY6jii23yIO,academicFocusAreas,STEM/STEAM
rec3qrmY6jii23yIO,supportResources,One-on-One Tutoring
rec3qrmY6jii23yIO,supportResources,Counseling Services
rec3qrmY6jii23yIO,supportResources,Summer School Programs
rec3qrmY6jii23yIO,supportResources,After-School Academic Help
rec3qrmY6jii23yIO,cultureAndValues,Religious Affiliation
rec3qrmY6jii23yIO,cultureAndValues,Character Education
rec3qrmY6jii23yIO,cultureAndValues,Community Service Focus
rec3qrmY6jii23yIO,cultureAndValues,Social-Emotional Learning
rec3qrmY6jii23yIO,extracurricularOfferings,Sports Programs
rec3qrmY6jii23yIO,extracurricularOfferings,"Arts Programs (Visual, Music, Drama, Dance)"
rec3qrmY6jii23yIO,extracurricularOfferings,Clubs & Activities
rec3qrmY6jii23yIO,extracurricularOfferings,Robotics/Coding
rec3qrmY6jii23yIO,extracurricularOfferings,Student Publications
rec3qrmY6jii23yIO,extracurricularOfferings,Field Trips & Travel Opportunities
rec3qrmY6jii23yIO,extracurricularOfferings,After School Programs
rec3qrmY6jii23yIO,amenities,Technology Access
rec3qrmY6jii23yIO,amenities,Small Class Sizes
rec3qrmY6jii23yIO,amenities,Extended School Day/Year
rec3qrmY6jii23yIO,amenities,Uniforms/Dress Code
rec3tCZbGMULgHlNe,academicFocusAreas,Classical Education
rec3tCZbGMULgHlNe,supportResources,One-on-One Tutoring
rec3tCZbGMULgHlNe,supportResources,Math Specialists
rec3tCZbGMULgHlNe,supportResources,Reading Specialists
rec3tCZbGMULgHlNe,supportResources,After-School Academic Help
rec3tCZbGMULgHlNe,cultureAndValues,Character Education
rec3tCZbGMULgHlNe,cultureAndValues,Community Service Focus
rec3tCZbGMULgHlNe,extracurricularOfferings,Clubs & Activities
rec3tCZbGMULgHlNe,extracurricularOfferings,Field Trips & Travel Opportunities
rec3tCZbGMULgHlNe,extracurricularOfferings,Before School Programs
rec3tCZbGMULgHlNe,extracurricularOfferings,After School Programs
rec3tCZbGMULgHlNe,extracurricularOfferings,Sports Programs
rec3tCZbGMULgHlNe,amenities,Small Class Sizes
rec3tCZbGMULgHlNe,amenities,Uniforms/Dress Code
rec3tCZbGMULgHlNe,amenities,Security Features
rec3tCZbGMULgHlNe,amenities,Technology Access
rec3tCZbGMULgHlNe,amenities,"Great Facilities (gym, auditorium, etc.)"
rec3zTYAmsGQv7pYN,academicFocusAreas,College Prep
rec3zTYAmsGQv7pYN,supportResources,One-on-One Tutoring
rec3zTYAmsGQv7pYN,supportResources,Reading Specialists
rec3zTYAmsGQv7pYN,supportResources,Math Specialists
rec3zTYAmsGQv7pYN,supportResources,After-School Academic Help
rec3zTYAmsGQv7pYN,supportResources,Summer School Programs
rec3zTYAmsGQv7pYN,cultureAndValues,Social-Emotional Learning
rec3zTYAmsGQv7pYN,extracurricularOfferings,Sports Programs
rec3zTYAmsGQv7pYN,extracurricularOfferings,"Arts Programs (Visual, Music, Drama, Dance)"
rec3zTYAmsGQv7pYN,extracurricularOfferings,Clubs & Activities
rec3zTYAmsGQv7pYN,extracurricularOfferings,Robotics/Coding
rec3zTYAmsGQv7pYN,extracurricularOfferings,Debate/Speech
rec3zTYAmsGQv7pYN,extracurricularOfferings,Student Publications
rec3zTYAmsGQv7pYN,extracurricularOfferings,Field Trips & Travel Opportunities
rec3zTYAmsGQv7pYN,extracurricularOfferings,After School Programs
rec3zTYAmsGQv7pYN,amenities,Small Class Sizes
rec3zTYAmsGQv7pYN,amenities,Uniforms/Dress Code
rec3zTYAmsGQv7pYN,amenities,Extended School Day/Year
rec3zTYAmsGQv7pYN,amenities,Technology Access
rec3zTYAmsGQv7pYN,amenities,Security Features
rec461ggSwNbyWbcE,academicFocusAreas,Project-Based Learning
rec461ggSwNbyWbcE,academicFocusAreas,Classical Education
rec461ggSwNbyWbcE,academicFocusAreas,Montessori
rec461ggSwNbyWbcE,academicFocusAreas,Advanced Placement (AP)
rec461ggSwNbyWbcE,academicFocusAreas,College Prep
rec461ggSwNbyWbcE,academicFocusAreas,Vocational/Career Tech
rec461ggSwNbyWbcE,academicFocusAreas,Gifted & Talented
rec461ggSwNbyWbcE,supportResources,One-on-One Tutoring
rec461ggSwNbyWbcE,cultureAndValues,Character Education
rec461ggSwNbyWbcE,cultureAndValues,Community Service Focus
rec461ggSwNbyWbcE,cultureAndValues,Social-Emotional Learning
rec461ggSwNbyWbcE,cultureAndValues,Democratic/Student-Led Governance
rec461ggSwNbyWbcE,extracurricularOfferings,After School Programs
rec461ggSwNbyWbcE,amenities,Multi-Age Classrooms
rec461ggSwNbyWbcE,amenities,Extended School Day/Year
rec4M3KpISqynTJeC,supportResources,Reading Specialists
rec4M3KpISqynTJeC,supportResources,Special Education Services
rec4M3KpISqynTJeC,supportResources,Speech Therapy
rec4M3KpISqynTJeC,supportResources,After-School Academic Help
rec4M3KpISqynTJeC,supportResources,Summer School Programs
rec4M3KpISqynTJeC,cultureAndValues,Environmental/Outdoor Focus
rec4M3KpISqynTJeC,extracurricularOfferings,Before School Programs
rec4M3KpISqynTJeC,extracurricularOfferings,After School Programs
rec4M3KpISqynTJeC,extracurricularOfferings,Field Trips & Travel Opportunities
rec4M3KpISqynTJeC,amenities,Small Class Sizes
rec4M3KpISqynTJeC,amenities,Multi-Age Classrooms
rec4M3KpISqynTJeC,amenities,Extended School Day/Year
rec4M3KpISqynTJeC,amenities,Uniforms/Dress Code
rec4M3KpISqynTJeC,amenities,Security Features
rec4XE5hHk8HPAI7K,academicFocusAreas,STEM/STEAM
rec4XE5hHk8HPAI7K,academicFocusAreas,Project-Based Learning
rec4XE5hHk8HPAI7K,supportResources,After-School Academic Help
rec4XE5hHk8HPAI7K,supportResources,Summer School Programs
rec4XE5hHk8HPAI7K,cultureAndValues,Environmental/Outdoor Focus
rec4XE5hHk8HPAI7K,cultureAndValues,Social-Emotional Learning
rec4XE5hHk8HPAI7K,extracurricularOfferings,Sports Programs
rec4XE5hHk8HPAI7K,extracurricularOfferings,"Arts Programs (Visual, Music, Drama, Dance)"
rec4XE5hHk8HPAI7K,extracurricularOfferings,Field Trips & Travel Opportunities
rec4XE5hHk8HPAI7K,extracurricularOfferings,Before School Programs
rec4XE5hHk8HPAI7K,extracurricularOfferings,After School Programs
rec4XE5hHk8HPAI7K,amenities,Transportation Services
rec4XE5hHk8HPAI7K,amenities,Meal Programs
rec4XE5hHk8HPAI7K,amenities,Technology Access
rec4XE5hHk8HPAI7K,amenities,"Great Facilities (gym, auditorium, etc.)"
rec4XE5hHk8HPAI7K,amenities,Small Class Sizes
rec4XE5hHk8HPAI7K,amenities,Multi-Age Classrooms
rec4XE5hHk8HPAI7K,amenities,Extended School Day/Year
rec4XE5hHk8HPAI7K,amenities,Security Features
rec4ly58JLHC9DCZW,academicFocusAreas,Classical Education
rec4ly58JLHC9DCZW,cultureAndValues,Social-Emotional Learning
rec4ly58JLHC9DCZW,amenities,Small Class Sizes
rec4ly58JLHC9DCZW,amenities,Multi-Age Classrooms
rec4pIpFFsiAC7Say,academicFocusAreas,STEM/STEAM
rec4pIpFFsiAC7Say,academicFocusAreas,Classical Education
rec4pIpFFsiAC7Say,academicFocusAreas,College Prep
rec4pIpFFsiAC7Say,academicFocusAreas,Vocational/Career Tech
rec4pIpFFsiAC7Say,cultureAndValues,Religious Affiliation
rec4pIpFFsiAC7Say,cultureAndValues,Character Education
rec4pIpFFsiAC7Say,cultureAndValues,Community Service Focus
rec4pIpFFsiAC7Say,cultureAndValues,Environmental/Outdoor Focus
rec4pIpFFsiAC7Say,cultureAndValues,Social-Emotional Learning
rec4pIpFFsiAC7Say,cultureAndValues,Democratic/Student-Led Governance
rec4pIpFFsiAC7Say,extracurricularOfferings,Sports Programs
rec4pIpFFsiAC7Say,extracurricularOfferings,"Arts Programs (Visual, Music, Drama, Dance)"
rec4pIpFFsiAC7Say,extracurricularOfferings,Debate/Speech
rec4pIpFFsiAC7Say,extracurricularOfferings,Robotics/Coding
rec4pIpFFsiAC7Say,extracurricularOfferings,Field Trips & Travel Opportunities
rec4xIj9yD0IRdRXr,academicFocusAreas,STEM/STEAM
rec4xIj9yD0IRdRXr,supportResources,Summer School Programs
rec4xIj9yD0IRdRXr,cultureAndValues,Social-Emotional Learning
rec4xIj9yD0IRdRXr,extracurricularOfferings,After School Programs
rec4xIj9yD0IRdRXr,amenities,Extended School Day/Year
rec54EeKcQpptuaJU,academicFocusAreas,Project-Based Learning
rec54EeKcQpptuaJU,academicFocusAreas,Classical Education
rec54EeKcQpptuaJU,academicFocusAreas,College Prep
rec54EeKcQpptuaJU,academicFocusAreas,STEM/STEAM
rec54EeKcQpptuaJU,supportResources,Reading Specialists
rec54EeKcQpptuaJU,supportResources,One-on-One Tutoring
rec54EeKcQpptuaJU,cultureAndValues,Character Education
rec54EeKcQpptuaJU,cultureAndValues,Community Service Focus
rec54EeKcQpptuaJU,extracurricularOfferings,Sports Programs
rec54EeKcQpptuaJU,extracurricularOfferings,Clubs & Activities
rec54EeKcQpptuaJU,extracurricularOfferings,Robotics/Coding
rec54EeKcQpptuaJU,extracurricularOfferings,Debate/Speech
rec54EeKcQpptuaJU,extracurricularOfferings,"Arts Programs (Visual, Music, Drama, Dance)"
rec54EeKcQpptuaJU,extracurricularOfferings,Student Publications
rec54EeKcQpptuaJU,amenities,Small Class Sizes
rec54EeKcQpptuaJU,amenities,Uniforms/Dress Code
rec54EeKcQpptuaJU,amenities,Security Features
rec54EeKcQpptuaJU,amenities,Technology Access
rec5BykijJsnCuaz5,academicFocusAreas,Project-Based Learning
rec5BykijJsnCuaz5,academicFocusAreas,Language Immersion
rec5BykijJsnCuaz5,supportResources,Summer School Programs
rec5BykijJsnCuaz5,supportResources,After-School Academic Help
rec5BykijJsnCuaz5,cultureAndValues,Social-Emotional Learning
rec5BykijJsnCuaz5,cultureAndValues,Environmental/Outdoor Focus
rec5BykijJsnCuaz5,cultureAndValues,Community Service Focus
rec5BykijJsnCuaz5,extracurricularOfferings,Field Trips & Travel Opportunities
rec5BykijJsnCuaz5,extracurricularOfferings,"Arts Programs (Visual, Music, Drama, Dance)"
rec5BykijJsnCuaz5,extracurricularOfferings,Before School Programs
rec5BykijJsnCuaz5,extracurricularOfferings,After School Programs
rec5BykijJsnCuaz5,extracurricularOfferings,Robotics/Coding
rec5BykijJsnCuaz5,extracurricularOfferings,Clubs & Activities
rec5BykijJsnCuaz5,amenities,Transportation Services
rec5BykijJsnCuaz5,amenities,Meal Programs
rec5BykijJsnCuaz5,amenities,Technology Access
rec5BykijJsnCuaz5,amenities,Small Class Sizes
rec5BykijJsnCuaz5,amenities,Multi-Age Classrooms
rec5BykijJsnCuaz5,amenities,Extended School Day/Year
rec5BykijJsnCuaz5,amenities,Security Features
rec5KJkUHK7MDKJ7X,academicFocusAreas,Classical Education
rec5KJkUHK7MDKJ7X,academicFocusAreas,STEM/STEAM
rec5KJkUHK7MDKJ7X,academicFocusAreas,Project-Based Learning
rec5KJkUHK7MDKJ7X,supportResources,Summer School Programs
rec5KJkUHK7MDKJ7X,supportResources,After-School Academic Help
rec5KJkUHK7MDKJ7X,extracurricularOfferings,After School Programs
rec5KJkUHK7MDKJ7X,extracurricularOfferings,"Arts Programs (Visual, Music, Drama, Dance)"
rec5KJkUHK7MDKJ7X,extracurricularOfferings,Sports Programs
rec5KJkUHK7MDKJ7X,amenities,"Great Facilities (gym, auditorium, etc.)"
rec5KJkUHK7MDKJ7X,amenities,Small Class Sizes
rec5KJkUHK7MDKJ7X,amenities,Extended School Day/Year
rec5KJkUHK7MDKJ7X,amenities,Security Features
rec5KJkUHK7MDKJ7X,amenities,Meal Programs
rec5M3epEJShUf9v1,academicFocusAreas,College Prep
rec5M3epEJShUf9v1,supportResources,One-on-One Tutoring
rec5M3epEJShUf9v1,supportResources,Reading Specialists
rec5M3epEJShUf9v1,supportResources,Math Specialists
rec5M3epEJShUf9v1,supportResources,Counseling Services
rec5M3epEJShUf9v1,supportResources,After-School Academic Help
rec5M3epEJShUf9v1,cultureAndValues,Religious Affiliation
rec5M3epEJShUf9v1,cultureAndValues,Character Education
rec5M3epEJShUf9v1,cultureAndValues,Community Service Focus
rec5M3epEJShUf9v1,extracurricularOfferings,Sports Programs
rec5M3epEJShUf9v1,extracurricularOfferings,"Arts Programs (Visual, Music, Drama, Dance)"
rec5M3epEJShUf9v1,extracurricularOfferings,Clubs & Activities
rec5M3epEJShUf9v1,extracurricularOfferings,Robotics/Coding
rec5M3epEJShUf9v1,extracurricularOfferings,Debate/Speech
rec5M3epEJShUf9v1,extracurricularOfferings,Field Trips & Travel Opportunities
rec5M3epEJShUf9v1,extracurricularOfferings,After School Programs
rec5M3epEJShUf9v1,extracurricularOfferings,Before School Programs
rec5M3epEJShUf9v1,amenities,Meal Programs
rec5M3epEJShUf9v1,amenities,Technology Access
rec5M3epEJShUf9v1,amenities,Small Class Sizes
rec5M3epEJShUf9v1,amenities,Uniforms/Dress Code
rec5M3epEJShUf9v1,amenities,Security Features
rec5Oab5zOnQNH46V,academicFocusAreas,Project-Based Learning
rec5Oab5zOnQNH46V,academicFocusAreas,College Prep
rec5Oab5zOnQNH46V,cultureAndValues,Religious Affiliation
rec5Oab5zOnQNH46V,cultureAndValues,Community Service Focus
rec5Oab5zOnQNH46V,cultureAndValues,Environmental/Outdoor Focus
rec5Oab5zOnQNH46V,extracurricularOfferings,Sports Programs
rec5Oab5zOnQNH46V,extracurricularOfferings,"Arts Programs (Visual, Music, Drama, Dance)"
rec5Oab5zOnQNH46V,extracurricularOfferings,Clubs & Activities
rec5Oab5zOnQNH46V,extracurricularOfferings,Debate/Speech
rec5Oab5zOnQNH46V,extracurricularOfferings,Field Trips & Travel Opportunities
rec5Oab5zOnQNH46V,amenities,Technology Access
rec5Oab5zOnQNH46V,amenities,"Great Facilities (gym, auditorium, etc.)"
rec5Oab5zOnQNH46V,amenities,Small Class Sizes
rec5Oab5zOnQNH46V,amenities,Uniforms/Dress Code
rec5Oab5zOnQNH46V,amenities,Security Features
rec5XjdsCfoUuXs3N,academicFocusAreas,Project-Based Learning
rec5XjdsCfoUuXs3N,cultureAndValues,Social-Emotional Learning
rec5XjdsCfoUuXs3N,cultureAndValues,Character Education
rec5XjdsCfoUuXs3N,cultureAndValues,Community Service Focus
rec5XjdsCfoUuXs3N,extracurricularOfferings,Before School Programs
rec5XjdsCfoUuXs3N,extracurricularOfferings,After School Programs
rec5XjdsCfoUuXs3N,extracurricularOfferings,Field Trips & Travel Opportunities
rec5XjdsCfoUuXs3N,amenities,Technology Access
rec5XjdsCfoUuXs3N,amenities,Multi-Age Classrooms
rec5XjdsCfoUuXs3N,amenities,Extended School Day/Year
rec5XjdsCfoUuXs3N,amenities,Uniforms/Dress Code
rec5XjdsCfoUuXs3N,amenities,Security Features
rec5aMtR0ouhT3oS5,academicFocusAreas,STEM/STEAM
rec5aMtR0ouhT3oS5,supportResources,Summer School Programs
rec5aMtR0ouhT3oS5,cultureAndValues,Social-Emotional Learning
rec5aMtR0ouhT3oS5,cultureAndValues,Community Service Focus
rec5aMtR0ouhT3oS5,extracurricularOfferings,"Arts Programs (Visual, Music, Drama, Dance)"
rec5aMtR0ouhT3oS5,extracurricularOfferings,Before School Programs
rec5aMtR0ouhT3oS5,extracurricularOfferings,After School Programs
rec5aMtR0ouhT3oS5,amenities,Meal Programs
rec5aMtR0ouhT3oS5,amenities,"Great Facilities (gym, auditorium, etc.)"
rec5aMtR0ouhT3oS5,amenities,Extended School Day/Year
rec5aMtR0ouhT3oS5,amenities,Security Features
rec5aMtR0ouhT3oS5,amenities,Small Class Sizes
rec5bBezcYyk0hu3C,academicFocusAreas,Montessori
rec5bBezcYyk0hu3C,academicFocusAreas,Language Immersion
rec5bBezcYyk0hu3C,supportResources,Summer School Programs
rec5bBezcYyk0hu3C,supportResources,After-School Academic Help
rec5bBezcYyk0hu3C,cultureAndValues,Community Service Focus
rec5bBezcYyk0hu3C,extracurricularOfferings,After School Programs
rec5bBezcYyk0hu3C,amenities,Meal Programs
rec5bBezcYyk0hu3C,amenities,"Great Facilities (gym, auditorium, etc.)"
rec5bBezcYyk0hu3C,amenities,Multi-Age Classrooms
rec5bBezcYyk0hu3C,amenities,Security Features
rec5fjrs3eO2oSqnu,academicFocusAreas,Montessori
rec5fjrs3eO2oSqnu,supportResources,One-on-One Tutoring
rec5fjrs3eO2oSqnu,supportResources,Reading Specialists
rec5fjrs3eO2oSqnu,supportResources,Math Specialists
rec5fjrs3eO2oSqnu,supportResources,After-School Academic Help
rec5fjrs3eO2oSqnu,supportResources,Summer School Programs
rec5fjrs3eO2oSqnu,cultureAndValues,Character Education
rec5fjrs3eO2oSqnu,cultureAndValues,Community Service Focus
rec5fjrs3eO2oSqnu,cultureAndValues,Environmental/Outdoor Focus
rec5fjrs3eO2oSqnu,cultureAndValues,Social-Emotional Learning
rec5fjrs3eO2oSqnu,extracurricularOfferings,"Arts Programs (Visual, Music, Drama, Dance)"
rec5fjrs3eO2oSqnu,extracurricularOfferings,Clubs & Activities
rec5fjrs3eO2oSqnu,extracurricularOfferings,Robotics/Coding
rec5fjrs3eO2oSqnu,extracurricularOfferings,Field Trips & Travel Opportunities
rec5fjrs3eO2oSqnu,extracurricularOfferings,Before School Programs
rec5fjrs3eO2oSqnu,extracurricularOfferings,After School Programs
rec5fjrs3eO2oSqnu,amenities,Technology Access
rec5fjrs3eO2oSqnu,amenities,Small Class Sizes
rec5fjrs3eO2oSqnu,amenities,Multi-Age Classrooms
rec5fjrs3eO2oSqnu,amenities,Extended School Day/Year
rec5fjrs3eO2oSqnu,amenities,Security Features
rec5mAjx3lQoqZfan,academicFocusAreas,STEM/STEAM
rec5mAjx3lQoqZfan,academicFocusAreas,Project-Based Learning
rec5mAjx3lQoqZfan,supportResources,Speech Therapy
rec5mAjx3lQoqZfan,supportResources,After-School Academic Help
rec5mAjx3lQoqZfan,supportResources,Summer School Programs
rec5mAjx3lQoqZfan,cultureAndValues,Character Education
rec5mAjx3lQoqZfan,cultureAndValues,Community Service Focus
rec5mAjx3lQoqZfan,cultureAndValues,Environmental/Outdoor Focus
rec5mAjx3lQoqZfan,cultureAndValues,Social-Emotional Learning
rec5mAjx3lQoqZfan,extracurricularOfferings,Field Trips & Travel Opportunities
rec5mAjx3lQoqZfan,extracurricularOfferings,After School Programs
rec5mAjx3lQoqZfan,amenities,Transportation Services
rec5mAjx3lQoqZfan,amenities,Meal Programs
rec5mAjx3lQoqZfan,amenities,Technology Access
rec5mAjx3lQoqZfan,amenities,"Great Facilities (gym, auditorium, etc.)"
rec5mAjx3lQoqZfan,amenities,Small Class Sizes
rec5mAjx3lQoqZfan,amenities,Extended School Day/Year
rec5mAjx3lQoqZfan,amenities,Security Features
rec5zXYHRA9LWbF4v,supportResources,After-School Academic Help
rec5zXYHRA9LWbF4v,supportResources,Counseling Services
rec5zXYHRA9LWbF4v,cultureAndValues,Religious Affiliation
rec5zXYHRA9LWbF4v,cultureAndValues,Character Education
rec5zXYHRA9LWbF4v,extracurricularOfferings,Sports Programs
rec5zXYHRA9LWbF4v,extracurricularOfferings,"Arts Programs (Visual, Music, Drama, Dance)"
rec5zXYHRA9LWbF4v,extracurricularOfferings,After School Programs
rec5zXYHRA9LWbF4v,extracurricularOfferings,Clubs & Activities
rec5zXYHRA9LWbF4v,amenities,Meal Programs
rec5zXYHRA9LWbF4v,amenities,Technology Access
rec5zXYHRA9LWbF4v,amenities,Small Class Sizes
rec5zXYHRA9LWbF4v,amenities,Uniforms/Dress Code
rec612QGYDIenmkuP,cultureAndValues,Religious Affiliation
rec612QGYDIenmkuP,extracurricularOfferings,After School Programs
rec612QGYDIenmkuP,amenities,Small Class Sizes
rec612QGYDIenmkuP,amenities,Extended School Day/Year
rec612QGYDIenmkuP,amenities,Meal Programs
rec61lV1MeyYvxN5f,academicFocusAreas,STEM/STEAM
rec61lV1MeyYvxN5f,academicFocusAreas,Project-Based Learning
rec61lV1MeyYvxN5f,supportResources,One-on-One Tutoring
rec61lV1MeyYvxN5f,supportResources,Reading Specialists
rec61lV1MeyYvxN5f,supportResources,Math Specialists
rec61lV1MeyYvxN5f,cultureAndValues,Religious Affiliation
rec61lV1MeyYvxN5f,cultureAndValues,Character Education
rec61lV1MeyYvxN5f,extracurricularOfferings,Sports Programs
rec61lV1MeyYvxN5f,extracurricularOfferings,After School Programs
rec61lV1MeyYvxN5f,extracurricularOfferings,Before School Programs
rec61lV1MeyYvxN5f,extracurricularOfferings,Field Trips & Travel Opportunities
rec61lV1MeyYvxN5f,extracurricularOfferings,Clubs & Activities
rec61lV1MeyYvxN5f,amenities,Meal Programs
rec61lV1MeyYvxN5f,amenities,Technology Access
rec61lV1MeyYvxN5f,amenities,"Great Facilities (gym, auditorium, etc.)"
rec61lV1MeyYvxN5f,amenities,Small Class Sizes
rec61lV1MeyYvxN5f,amenities,Uniforms/Dress Code
rec61lV1MeyYvxN5f,amenities,Security Features
rec62LDUfJHMd4CSS,academicFocusAreas,Classical Education
rec62LDUfJHMd4CSS,academicFocusAreas,STEM/STEAM
rec62LDUfJHMd4CSS,supportResources,Speech Therapy
rec62LDUfJHMd4CSS,supportResources,Occupational Therapy
rec62LDUfJHMd4CSS,cultureAndValues,Community Service Focus
rec62LDUfJHMd4CSS,cultureAndValues,Environmental/Outdoor Focus
rec62LDUfJHMd4CSS,cultureAndValues,Social-Emotional Learning
rec62LDUfJHMd4CSS,extracurricularOfferings,Sports Programs
rec62LDUfJHMd4CSS,extracurricularOfferings,Field Trips & Travel Opportunities
rec62LDUfJHMd4CSS,extracurricularOfferings,Before School Programs
rec62LDUfJHMd4CSS,extracurricularOfferings,After School Programs
rec62LDUfJHMd4CSS,extracurricularOfferings,"Arts Programs (Visual, Music, Drama, Dance)"
rec62LDUfJHMd4CSS,extracurricularOfferings,Clubs & Activities
rec62LDUfJHMd4CSS,amenities,Transportation Services
rec62LDUfJHMd4CSS,amenities,Meal Programs
rec62LDUfJHMd4CSS,amenities,Technology Access
rec62LDUfJHMd4CSS,amenities,"Great Facilities (gym, auditorium, etc.)"
rec62LDUfJHMd4CSS,amenities,Security Features
rec67w4UrKMgaZ33T,academicFocusAreas,Gifted & Talented
rec67w4UrKMgaZ33T,academicFocusAreas,STEM/STEAM
rec67w4UrKMgaZ33T,academicFocusAreas,Classical Education
rec67w4UrKMgaZ33T,supportResources,One-on-One Tutoring
rec67w4UrKMgaZ33T,supportResources,After-School Academic Help
rec67w4UrKMgaZ33T,supportResources,Summer School Programs
rec67w4UrKMgaZ33T,cultureAndValues,Character Education
rec67w4UrKMgaZ33T,extracurricularOfferings,Sports Programs
rec67w4UrKMgaZ33T,extracurricularOfferings,"Arts Programs (Visual, Music, Drama, Dance)"
rec67w4UrKMgaZ33T,extracurricularOfferings,Clubs & Activities
rec67w4UrKMgaZ33T,extracurricularOfferings,Field Trips & Travel Opportunities
rec67w4UrKMgaZ33T,extracurricularOfferings,After School Programs
rec67w4UrKMgaZ33T,amenities,Meal Programs
rec67w4UrKMgaZ33T,amenities,Technology Access
rec67w4UrKMgaZ33T,amenities,Small Class Sizes
rec67w4UrKMgaZ33T,amenities,Extended School Day/Year
rec67w4UrKMgaZ33T,amenities,Uniforms/Dress Code
rec67w4UrKMgaZ33T,amenities,Security Features
rec67w4UrKMgaZ33T,amenities,Multi-Age Classrooms
rec6BfLYkUoBzNAQP,academicFocusAreas,STEM/STEAM
rec6BfLYkUoBzNAQP,academicFocusAreas,Gifted & Talented
rec6BfLYkUoBzNAQP,academicFocusAreas,Project-Based Learning
rec6BfLYkUoBzNAQP,supportResources,One-on-One Tutoring
rec6BfLYkUoBzNAQP,supportResources,Reading Specialists
rec6BfLYkUoBzNAQP,supportResources,Math Specialists
rec6BfLYkUoBzNAQP,supportResources,Special Education Services
rec6BfLYkUoBzNAQP,supportResources,Speech Therapy
rec6BfLYkUoBzNAQP,supportResources,After-School Academic Help
rec6BfLYkUoBzNAQP,supportResources,Summer School Programs
rec6BfLYkUoBzNAQP,cultureAndValues,Religious Affiliation
rec6BfLYkUoBzNAQP,cultureAndValues,Social-Emotional Learning
rec6BfLYkUoBzNAQP,cultureAndValues,Character Education
rec6BfLYkUoBzNAQP,extracurricularOfferings,"Arts Programs (Visual, Music, Drama, Dance)"
rec6BfLYkUoBzNAQP,extracurricularOfferings,Clubs & Activities
rec6BfLYkUoBzNAQP,extracurricularOfferings,Sports Programs
rec6BfLYkUoBzNAQP,extracurricularOfferings,Robotics/Coding
rec6BfLYkUoBzNAQP,extracurricularOfferings,Field Trips & Travel Opportunities
rec6BfLYkUoBzNAQP,extracurricularOfferings,Before School Programs
rec6BfLYkUoBzNAQP,extracurricularOfferings,After School Programs
rec6BfLYkUoBzNAQP,amenities,Meal Programs
rec6BfLYkUoBzNAQP,amenities,Technology Access
rec6BfLYkUoBzNAQP,amenities,Small Class Sizes
rec6BfLYkUoBzNAQP,amenities,Multi-Age Classrooms
rec6BfLYkUoBzNAQP,amenities,Uniforms/Dress Code
rec6BfLYkUoBzNAQP,amenities,Security Features
rec6D0LcQGesiF0KW,academicFocusAreas,STEM/STEAM
rec6D0LcQGesiF0KW,academicFocusAreas,Advanced Placement (AP)
rec6D0LcQGesiF0KW,academicFocusAreas,College Prep
rec6D0LcQGesiF0KW,supportResources,One-on-One Tutoring
rec6D0LcQGesiF0KW,supportResources,Reading Specialists
rec6D0LcQGesiF0KW,supportResources,Math Specialists
rec6D0LcQGesiF0KW,supportResources,Counseling Services
rec6D0LcQGesiF0KW,cultureAndValues,Religious Affiliation
rec6D0LcQGesiF0KW,cultureAndValues,Character Education
rec6D0LcQGesiF0KW,cultureAndValues,Community Service Focus
rec6D0LcQGesiF0KW,extracurricularOfferings,Sports Programs
rec6D0LcQGesiF0KW,extracurricularOfferings,"Arts Programs (Visual, Music, Drama, Dance)"
rec6D0LcQGesiF0KW,extracurricularOfferings,Clubs & Activities
rec6D0LcQGesiF0KW,extracurricularOfferings,Field Trips & Travel Opportunities
rec6D0LcQGesiF0KW,extracurricularOfferings,After School Programs
rec6D0LcQGesiF0KW,amenities,Technology Access
rec6D0LcQGesiF0KW,amenities,"Great Facilities (gym, auditorium, etc.)"
rec6D0LcQGesiF0KW,amenities,Small Class Sizes
rec6D0LcQGesiF0KW,amenities,Uniforms/Dress Code
rec6D0LcQGesiF0KW,amenities,Security Features
rec6UTNItbIz4w8sI,academicFocusAreas,Advanced Placement (AP)
rec6UTNItbIz4w8sI,academicFocusAreas,College Prep
rec6UTNItbIz4w8sI,academicFocusAreas,STEM/STEAM
rec6UTNItbIz4w8sI,supportResources,One-on-One Tutoring
rec6UTNItbIz4w8sI,supportResources,Counseling Services
rec6UTNItbIz4w8sI,supportResources,After-School Academic Help
rec6UTNItbIz4w8sI,cultureAndValues,Religious Affiliation
rec6UTNItbIz4w8sI,cultureAndValues,Community Service Focus
rec6UTNItbIz4w8sI,cultureAndValues,Character Education
rec6UTNItbIz4w8sI,cultureAndValues,Social-Emotional Learning
rec6UTNItbIz4w8sI,extracurricularOfferings,Sports Programs
rec6UTNItbIz4w8sI,extracurricularOfferings,"Arts Programs (Visual, Music, Drama, Dance)"
rec6UTNItbIz4w8sI,extracurricularOfferings,Clubs & Activities
rec6UTNItbIz4w8sI,extracurricularOfferings,Student Publications
rec6UTNItbIz4w8sI,amenities,"Great Facilities (gym, auditorium, etc.)"
rec6UTNItbIz4w8sI,amenities,Security Features
rec6UTNItbIz4w8sI,amenities,Uniforms/Dress Code
rec6UTNItbIz4w8sI,amenities,Technology Access
rec6UTNItbIz4w8sI,amenities,Small Class Sizes
rec6VrmulnQSrU18l,academicFocusAreas,College Prep
rec6VrmulnQSrU18l,supportResources,One-on-One Tutoring
rec6VrmulnQSrU18l,supportResources,Reading Specialists
rec6VrmulnQSrU18l,supportResources,Math Specialists
rec6VrmulnQSrU18l,supportResources,Special Education Services
rec6VrmulnQSrU18l,cultureAndValues,Religious Affiliation
rec6VrmulnQSrU18l,cultureAndValues,Character Education
rec6VrmulnQSrU18l,cultureAndValues,Community Service Focus
rec6VrmulnQSrU18l,extracurricularOfferings,Sports Programs
rec6VrmulnQSrU18l,extracurricularOfferings,"Arts Programs (Visual, Music, Drama, Dance)"
rec6VrmulnQSrU18l,extracurricularOfferings,Clubs & Activities
rec6VrmulnQSrU18l,extracurricularOfferings,Field Trips & Travel Opportunities
rec6VrmulnQSrU18l,amenities,Meal Programs
rec6VrmulnQSrU18l,amenities,Technology Access
rec6VrmulnQSrU18l,amenities,"Great Facilities (gym, auditorium, etc.)"
rec6VrmulnQSrU18l,amenities,Small Class Sizes
rec6VrmulnQSrU18l,amenities,Uniforms/Dress Code
rec6VrmulnQSrU18l,amenities,Security Features
rec6isYpYcMfTsNI3,academicFocusAreas,STEM/STEAM
rec6isYpYcMfTsNI3,academicFocusAreas,Project-Based Learning
rec6isYpYcMfTsNI3,academicFocusAreas,Classical Education
rec6isYpYcMfTsNI3,supportResources,Reading Specialists
rec6isYpYcMfTsNI3,supportResources,ESL/ELL Support
rec6isYpYcMfTsNI3,supportResources,One-on-One Tutoring
rec6isYpYcMfTsNI3,supportResources,After-School Academic Help
rec6isYpYcMfTsNI3,supportResources,Summer School Programs
rec6isYpYcMfTsNI3,cultureAndValues,Character Education
rec6isYpYcMfTsNI3,cultureAndValues,Community Service Focus
rec6isYpYcMfTsNI3,cultureAndValues,Social-Emotional Learning
rec6isYpYcMfTsNI3,cultureAndValues,Environmental/Outdoor Focus
rec6isYpYcMfTsNI3,extracurricularOfferings,Field Trips & Travel Opportunities
rec6isYpYcMfTsNI3,extracurricularOfferings,Before School Programs
rec6isYpYcMfTsNI3,extracurricularOfferings,After School Programs
rec6isYpYcMfTsNI3,amenities,Transportation Services
rec6isYpYcMfTsNI3,amenities,Meal Programs
rec6isYpYcMfTsNI3,amenities,Small Class Sizes
rec6isYpYcMfTsNI3,amenities,Extended School Day/Year
rec6jTGTAshpTOXB9,academicFocusAreas,STEM/STEAM
rec6jTGTAshpTOXB9,cultureAndValues,Social-Emotional Learning
rec6jTGTAshpTOXB9,extracurricularOfferings,Before School Programs
rec6jTGTAshpTOXB9,extracurricularOfferings,After School Programs
rec6jTGTAshpTOXB9,amenities,Meal Programs
rec6jTGTAshpTOXB9,amenities,Small Class Sizes
rec6jTGTAshpTOXB9,amenities,Security Features
rec6jTGTAshpTOXB9,amenities,Extended School Day/Year
rec6nfYFHBMEWj7mI,supportResources,Special Education Services
rec6nfYFHBMEWj7mI,supportResources,Speech Therapy
rec6nfYFHBMEWj7mI,supportResources,Occupational Therapy
rec6nfYFHBMEWj7mI,supportResources,Summer School Programs
rec6nfYFHBMEWj7mI,cultureAndValues,Religious Affiliation
rec6nfYFHBMEWj7mI,cultureAndValues,Character Education
rec6nfYFHBMEWj7mI,cultureAndValues,Community Service Focus
rec6nfYFHBMEWj7mI,cultureAndValues,Social-Emotional Learning
rec6nfYFHBMEWj7mI,extracurricularOfferings,Sports Programs
rec6nfYFHBMEWj7mI,extracurricularOfferings,"Arts Programs (Visual, Music, Drama, Dance)"
rec6nfYFHBMEWj7mI,extracurricularOfferings,Clubs & Activities
rec6nfYFHBMEWj7mI,amenities,Meal Programs
rec6nfYFHBMEWj7mI,amenities,Technology Access
rec6nfYFHBMEWj7mI,amenities,"Great Facilities (gym, auditorium, etc.)"
rec6nfYFHBMEWj7mI,amenities,Small Class Sizes
rec6nfYFHBMEWj7mI,amenities,Multi-Age Classrooms
rec6nfYFHBMEWj7mI,amenities,Uniforms/Dress Code
rec6nfYFHBMEWj7mI,amenities,Transportation Services
rec6qPv4v1HbpDI5m,academicFocusAreas,Project-Based Learning
rec6qPv4v1HbpDI5m,academicFocusAreas,College Prep
rec6qPv4v1HbpDI5m,academicFocusAreas,Classical Education
rec6qPv4v1HbpDI5m,supportResources,One-on-One Tutoring
rec6qPv4v1HbpDI5m,supportResources,Reading Specialists
rec6qPv4v1HbpDI5m,supportResources,Math Specialists
rec6qPv4v1HbpDI5m,supportResources,After-School Academic Help
rec6qPv4v1HbpDI5m,supportResources,Summer School Programs
rec6qPv4v1HbpDI5m,cultureAndValues,Religious Affiliation
rec6qPv4v1HbpDI5m,cultureAndValues,Character Education
rec6qPv4v1HbpDI5m,cultureAndValues,Community Service Focus
rec6qPv4v1HbpDI5m,extracurricularOfferings,"Arts Programs (Visual, Music, Drama, Dance)"
rec6qPv4v1HbpDI5m,extracurricularOfferings,Sports Programs
rec6qPv4v1HbpDI5m,extracurricularOfferings,Clubs & Activities
rec6qPv4v1HbpDI5m,extracurricularOfferings,Debate/Speech
rec6qPv4v1HbpDI5m,extracurricularOfferings,Field Trips & Travel Opportunities
rec6qPv4v1HbpDI5m,extracurricularOfferings,Before School Programs
rec6qPv4v1HbpDI5m,extracurricularOfferings,After School Programs
rec6qPv4v1HbpDI5m,extracurricularOfferings,Student Publications
rec6qPv4v1HbpDI5m,amenities,Meal Programs
rec6qPv4v1HbpDI5m,amenities,Technology Access
rec6qPv4v1HbpDI5m,amenities,"Great Facilities (gym, auditorium, etc.)"
rec6qPv4v1HbpDI5m,amenities,Small Class Sizes
rec6qPv4v1HbpDI5m,amenities,Extended School Day/Year
rec6qPv4v1HbpDI5m,amenities,Uniforms/Dress Code
rec6qPv4v1HbpDI5m,amenities,Security Features
rec70510dGNjbDr9T,academicFocusAreas,Classical Education
rec70510dGNjbDr9T,supportResources,Reading Specialists
rec70510dGNjbDr9T,supportResources,Math Specialists
rec70510dGNjbDr9T,cultureAndValues,Religious Affiliation
rec70510dGNjbDr9T,extracurricularOfferings,Sports Programs
rec70510dGNjbDr9T,extracurricularOfferings,Clubs & Activities
rec70510dGNjbDr9T,extracurricularOfferings,Before School Programs
rec70510dGNjbDr9T,extracurricularOfferings,After School Programs
rec70510dGNjbDr9T,amenities,Uniforms/Dress Code
rec70510dGNjbDr9T,amenities,Security Features
rec70510dGNjbDr9T,amenities,Meal Programs
rec70510dGNjbDr9T,amenities,"Great Facilities (gym, auditorium, etc.)"
rec7FggskiGwYrNMx,academicFocusAreas,Classical Education
rec7FggskiGwYrNMx,academicFocusAreas,Advanced Placement (AP)
rec7FggskiGwYrNMx,academicFocusAreas,College Prep
rec7FggskiGwYrNMx,supportResources,One-on-One Tutoring
rec7FggskiGwYrNMx,supportResources,Counseling Services
rec7FggskiGwYrNMx,cultureAndValues,Character Education
rec7FggskiGwYrNMx,cultureAndValues,Social-Emotional Learning
rec7FggskiGwYrNMx,cultureAndValues,Community Service Focus
rec7FggskiGwYrNMx,extracurricularOfferings,"Arts Programs (Visual, Music, Drama, Dance)"
rec7FggskiGwYrNMx,extracurricularOfferings,Sports Programs
rec7FggskiGwYrNMx,extracurricularOfferings,Clubs & Activities
rec7FggskiGwYrNMx,extracurricularOfferings,Robotics/Coding
rec7FggskiGwYrNMx,extracurricularOfferings,Debate/Speech
rec7FggskiGwYrNMx,extracurricularOfferings,Student Publications
rec7FggskiGwYrNMx,extracurricularOfferings,Field Trips & Travel Opportunities
rec7FggskiGwYrNMx,amenities,Technology Access
rec7FggskiGwYrNMx,amenities,"Great Facilities (gym, auditorium, etc.)"
rec7FggskiGwYrNMx,amenities,Small Class Sizes
rec7FggskiGwYrNMx,amenities,Uniforms/Dress Code
rec7FggskiGwYrNMx,amenities,Security Features
rec7IeVUaC4uJHmLJ,academicFocusAreas,Classical Education
rec7IeVUaC4uJHmLJ,academicFocusAreas,STEM/STEAM
rec7IeVUaC4uJHmLJ,supportResources,Summer School Programs
rec7IeVUaC4uJHmLJ,cultureAndValues,Social-Emotional Learning
rec7IeVUaC4uJHmLJ,cultureAndValues,Environmental/Outdoor Focus
rec7IeVUaC4uJHmLJ,extracurricularOfferings,After School Programs
rec7IeVUaC4uJHmLJ,amenities,Multi-Age Classrooms
rec7NGg93Q18lfvas,academicFocusAreas,STEM/STEAM
rec7NGg93Q18lfvas,academicFocusAreas,Classical Education
rec7NGg93Q18lfvas,academicFocusAreas,Language Immersion
rec7NGg93Q18lfvas,academicFocusAreas,Montessori
rec7NGg93Q18lfvas,supportResources,After-School Academic Help
rec7NGg93Q18lfvas,supportResources,Summer School Programs
rec7NGg93Q18lfvas,cultureAndValues,Character Education
rec7NGg93Q18lfvas,cultureAndValues,Environmental/Outdoor Focus
rec7NGg93Q18lfvas,cultureAndValues,Social-Emotional Learning
rec7NGg93Q18lfvas,cultureAndValues,Community Service Focus
rec7NGg93Q18lfvas,cultureAndValues,Religious Affiliation
rec7NGg93Q18lfvas,extracurricularOfferings,Field Trips & Travel Opportunities
rec7NGg93Q18lfvas,extracurricularOfferings,Before School Programs
rec7NGg93Q18lfvas,extracurricularOfferings,After School Programs
rec7NGg93Q18lfvas,amenities,Transportation Services
rec7NGg93Q18lfvas,amenities,Small Class Sizes
rec7NGg93Q18lfvas,amenities,Extended School Day/Year
rec7NGg93Q18lfvas,amenities,Security Features
rec7NGg93Q18lfvas,amenities,Meal Programs
rec7WgxjxgUDSYKOF,academicFocusAreas,Classical Education
rec7WgxjxgUDSYKOF,cultureAndValues,Religious Affiliation
rec7WgxjxgUDSYKOF,cultureAndValues,Character Education
rec7WgxjxgUDSYKOF,amenities,"Great Facilities (gym, auditorium, etc.)"
rec7WgxjxgUDSYKOF,amenities,Small Class Sizes
rec7WgxjxgUDSYKOF,amenities,Security Features
rec7qbIfkNkGPuhrv,academicFocusAreas,Classical Education
rec7qbIfkNkGPuhrv,academicFocusAreas,STEM/STEAM
rec7qbIfkNkGPuhrv,academicFocusAreas,Project-Based Learning
rec7qbIfkNkGPuhrv,supportResources,After-School Academic Help
rec7qbIfkNkGPuhrv,supportResources,Summer School Programs
rec7qbIfkNkGPuhrv,cultureAndValues,Community Service Focus
rec7qbIfkNkGPuhrv,cultureAndValues,Environmental/Outdoor Focus
rec7qbIfkNkGPuhrv,cultureAndValues,Social-Emotional Learning
rec7qbIfkNkGPuhrv,extracurricularOfferings,"Arts Programs (Visual, Music, Drama, Dance)"
rec7qbIfkNkGPuhrv,extracurricularOfferings,Field Trips & Travel Opportunities
rec7qbIfkNkGPuhrv,extracurricularOfferings,Before School Programs
rec7qbIfkNkGPuhrv,extracurricularOfferings,After School Programs
rec7qbIfkNkGPuhrv,amenities,Transportation Services
rec7qbIfkNkGPuhrv,amenities,Meal Programs
rec7qbIfkNkGPuhrv,amenities,Technology Access
rec7qbIfkNkGPuhrv,amenities,Small Class Sizes
rec7qbIfkNkGPuhrv,amenities,Extended School Day/Year
rec7qbIfkNkGPuhrv,amenities,Security Features
rec7xKTxDPGmg3Bcc,academicFocusAreas,Classical Education
rec7xKTxDPGmg3Bcc,supportResources,ESL/ELL Support
rec7xKTxDPGmg3Bcc,cultureAndValues,Religious Affiliation
rec7xKTxDPGmg3Bcc,extracurricularOfferings,Before School Programs
rec7xKTxDPGmg3Bcc,extracurricularOfferings,After School Programs
rec7xKTxDPGmg3Bcc,amenities,"Great Facilities (gym, auditorium, etc.)"
rec7xKTxDPGmg3Bcc,amenities,Small Class Sizes
rec7xKTxDPGmg3Bcc,amenities,Extended School Day/Year
rec7xKTxDPGmg3Bcc,amenities,Security Features
rec8GWEDimd8XdEXl,academicFocusAreas,Advanced Placement (AP)
rec8GWEDimd8XdEXl,supportResources,Reading Specialists
rec8GWEDimd8XdEXl,supportResources,Math Specialists
rec8GWEDimd8XdEXl,cultureAndValues,Religious Affiliation
rec8GWEDimd8XdEXl,cultureAndValues,Character Education
rec8GWEDimd8XdEXl,cultureAndValues,Democratic/Student-Led Governance
rec8GWEDimd8XdEXl,extracurricularOfferings,Sports Programs
rec8GWEDimd8XdEXl,extracurricularOfferings,"Arts Programs (Visual, Music, Drama, Dance)"
rec8GWEDimd8XdEXl,extracurricularOfferings,Clubs & Activities
rec8GWEDimd8XdEXl,extracurricularOfferings,Student Publications
rec8GWEDimd8XdEXl,extracurricularOfferings,Field Trips & Travel Opportunities
rec8GWEDimd8XdEXl,extracurricularOfferings,Before School Programs
rec8GWEDimd8XdEXl,extracurricularOfferings,After School Programs
rec8GWEDimd8XdEXl,amenities,Small Class Sizes
rec8GWEDimd8XdEXl,amenities,"Great Facilities (gym, auditorium, etc.)"
rec8GWEDimd8XdEXl,amenities,Uniforms/Dress Code
rec8GWEDimd8XdEXl,amenities,Security Features
rec8GWEDimd8XdEXl,amenities,Meal Programs
rec8O3vlvndC5g5mS,cultureAndValues,Religious Affiliation
rec8O3vlvndC5g5mS,cultureAndValues,Character Education
rec8O3vlvndC5g5mS,cultureAndValues,Community Service Focus
rec8O3vlvndC5g5mS,cultureAndValues,Environmental/Outdoor Focus
rec8O3vlvndC5g5mS,cultureAndValues,Social-Emotional Learning
rec8O3vlvndC5g5mS,extracurricularOfferings,After School Programs
rec8O3vlvndC5g5mS,amenities,Meal Programs
rec8O3vlvndC5g5mS,amenities,Technology Access
rec8O3vlvndC5g5mS,amenities,Small Class Sizes
rec8O3vlvndC5g5mS,amenities,Multi-Age Classrooms
rec8O3vlvndC5g5mS,amenities,Extended School Day/Year
rec8O3vlvndC5g5mS,amenities,Uniforms/Dress Code
rec8O3vlvndC5g5mS,amenities,Security Features
rec8O3vlvndC5g5mS,amenities,"Great Facilities (gym, auditorium, etc.)"
rec8Sw9XkiQAkTemj,cultureAndValues,Religious Affiliation
rec8Sw9XkiQAkTemj,cultureAndValues,Character Education
rec8Sw9XkiQAkTemj,cultureAndValues,Social-Emotional Learning
rec8Sw9XkiQAkTemj,extracurricularOfferings,Field Trips & Travel Opportunities
rec8Sw9XkiQAkTemj,extracurricularOfferings,Before School Programs
rec8Sw9XkiQAkTemj,extracurricularOfferings,After School Programs
rec8Sw9XkiQAkTemj,amenities,Meal Programs
rec8Sw9XkiQAkTemj,amenities,Small Class Sizes
rec8Sw9XkiQAkTemj,amenities,Extended School Day/Year
rec8Sw9XkiQAkTemj,amenities,Security Features
rec8Sw9XkiQAkTemj,amenities,Transportation Services
rec8ZVoEjN3K1fy5J,academicFocusAreas,College Prep
rec8ZVoEjN3K1fy5J,academicFocusAreas,Vocational/Career Tech
rec8ZVoEjN3K1fy5J,academicFocusAreas,Advanced Placement (AP)
rec8ZVoEjN3K1fy5J,academicFocusAreas,STEM/STEAM
rec8ZVoEjN3K1fy5J,supportResources,One-on-One Tutoring
rec8ZVoEjN3K1fy5J,supportResources,Reading Specialists
rec8ZVoEjN3K1fy5J,supportResources,Math Specialists
rec8ZVoEjN3K1fy5J,supportResources,ESL/ELL Support
rec8ZVoEjN3K1fy5J,supportResources,Counseling Services
rec8ZVoEjN3K1fy5J,supportResources,After-School Academic Help
rec8ZVoEjN3K1fy5J,cultureAndValues,Religious Affiliation
rec8ZVoEjN3K1fy5J,cultureAndValues,Community Service Focus
rec8ZVoEjN3K1fy5J,cultureAndValues,Social-Emotional Learning
rec8ZVoEjN3K1fy5J,cultureAndValues,Character Education
rec8ZVoEjN3K1fy5J,extracurricularOfferings,Sports Programs
rec8ZVoEjN3K1fy5J,extracurricularOfferings,Clubs & Activities
rec8ZVoEjN3K1fy5J,extracurricularOfferings,Robotics/Coding
rec8ZVoEjN3K1fy5J,extracurricularOfferings,Debate/Speech
rec8ZVoEjN3K1fy5J,extracurricularOfferings,"Arts Programs (Visual, Music, Drama, Dance)"
rec8ZVoEjN3K1fy5J,amenities,Transportation Services
rec8ZVoEjN3K1fy5J,amenities,Meal Programs
rec8ZVoEjN3K1fy5J,amenities,Technology Access
rec8ZVoEjN3K1fy5J,amenities,"Great Facilities (gym, auditorium, etc.)"
rec8ZVoEjN3K1fy5J,amenities,Small Class Sizes
rec8ZVoEjN3K1fy5J,amenities,Uniforms/Dress Code
rec8ZVoEjN3K1fy5J,amenities,Security Features
rec96pp1PQQ7q9oDE,academicFocusAreas,STEM/STEAM
rec96pp1PQQ7q9oDE,academicFocusAreas,Project-Based Learning
rec96pp1PQQ7q9oDE,supportResources,After-School Academic Help
rec96pp1PQQ7q9oDE,supportResources,Math Specialists
rec96pp1PQQ7q9oDE,supportResources,Reading Specialists
rec96pp1PQQ7q9oDE,cultureAndValues,Religious Affiliation
rec96pp1PQQ7q9oDE,extracurricularOfferings,Sports Programs
rec96pp1PQQ7q9oDE,extracurricularOfferings,Field Trips & Travel Opportunities
rec96pp1PQQ7q9oDE,amenities,Technology Access
rec96pp1PQQ7q9oDE,amenities,"Great Facilities (gym, auditorium, etc.)"
rec96pp1PQQ7q9oDE,amenities,Small Class Sizes
rec96pp1PQQ7q9oDE,amenities,Extended School Day/Year
rec96pp1PQQ7q9oDE,amenities,Uniforms/Dress Code
rec9A5yzbFFW8i92B,academicFocusAreas,Classical Education
rec9A5yzbFFW8i92B,academicFocusAreas,Montessori
rec9A5yzbFFW8i92B,supportResources,One-on-One Tutoring
rec9A5yzbFFW8i92B,supportResources,Reading Specialists
rec9A5yzbFFW8i92B,supportResources,Counseling Services
rec9A5yzbFFW8i92B,supportResources,Summer School Programs
rec9A5yzbFFW8i92B,cultureAndValues,Religious Affiliation
rec9A5yzbFFW8i92B,cultureAndValues,Character Education
rec9A5yzbFFW8i92B,cultureAndValues,Community Service Focus
rec9A5yzbFFW8i92B,cultureAndValues,Environmental/Outdoor Focus
rec9A5yzbFFW8i92B,cultureAndValues,Social-Emotional Learning
rec9A5yzbFFW8i92B,extracurricularOfferings,Sports Programs
rec9A5yzbFFW8i92B,extracurricularOfferings,After School Programs
rec9A5yzbFFW8i92B,extracurricularOfferings,Clubs & Activities
rec9A5yzbFFW8i92B,extracurricularOfferings,Field Trips & Travel Opportunities
rec9A5yzbFFW8i92B,extracurricularOfferings,"Arts Programs (Visual, Music, Drama, Dance)"
rec9A5yzbFFW8i92B,amenities,Transportation Services
rec9A5yzbFFW8i92B,amenities,Meal Programs
rec9A5yzbFFW8i92B,amenities,Small Class Sizes
rec9A5yzbFFW8i92B,amenities,Uniforms/Dress Code
rec9A5yzbFFW8i92B,amenities,Security Features
rec9BBqfBdudG19lx,cultureAndValues,Religious Affiliation
rec9BBqfBdudG19lx,cultureAndValues,Character Education
rec9BBqfBdudG19lx,cultureAndValues,Community Service Focus
rec9BBqfBdudG19lx,cultureAndValues,Social-Emotional Learning
rec9BBqfBdudG19lx,extracurricularOfferings,Sports Programs
rec9BBqfBdudG19lx,extracurricularOfferings,Clubs & Activities
rec9BBqfBdudG19lx,extracurricularOfferings,Debate/Speech
rec9BBqfBdudG19lx,extracurricularOfferings,Student Publications
rec9BBqfBdudG19lx,extracurricularOfferings,Field Trips & Travel Opportunities
rec9BBqfBdudG19lx,extracurricularOfferings,After School Programs
rec9BBqfBdudG19lx,extracurricularOfferings,"Arts Programs (Visual, Music, Drama, Dance)"
rec9BBqfBdudG19lx,amenities,Technology Access
rec9BBqfBdudG19lx,amenities,"Great Facilities (gym, auditorium, etc.)"
rec9BBqfBdudG19lx,amenities,Small Class Sizes
rec9BBqfBdudG19lx,amenities,Extended School Day/Year
rec9BBqfBdudG19lx,amenities,Uniforms/Dress Code
rec9BBqfBdudG19lx,amenities,Security Features
rec9NNyCy5LBRSys0,academicFocusAreas,Advanced Placement (AP)
rec9NNyCy5LBRSys0,academicFocusAreas,College Prep
rec9NNyCy5LBRSys0,supportResources,One-on-One Tutoring
rec9NNyCy5LBRSys0,supportResources,Reading Specialists
rec9NNyCy5LBRSys0,supportResources,After-School Academic Help
rec9NNyCy5LBRSys0,supportResources,Summer School Programs
rec9NNyCy5LBRSys0,cultureAndValues,Religious Affiliation
rec9NNyCy5LBRSys0,cultureAndValues,Character Education
rec9NNyCy5LBRSys0,cultureAndValues,Community Service Focus
rec9NNyCy5LBRSys0,cultureAndValues,Social-Emotional Learning
rec9NNyCy5LBRSys0,extracurricularOfferings,Sports Programs
rec9NNyCy5LBRSys0,extracurricularOfferings,"Arts Programs (Visual, Music, Drama, Dance)"
rec9NNyCy5LBRSys0,extracurricularOfferings,Clubs & Activities
rec9NNyCy5LBRSys0,extracurricularOfferings,Robotics/Coding
rec9NNyCy5LBRSys0,extracurricularOfferings,Field Trips & Travel Opportunities
rec9NNyCy5LBRSys0,extracurricularOfferings,After School Programs
rec9NNyCy5LBRSys0,amenities,Meal Programs
rec9NNyCy5LBRSys0,amenities,Technology Access
rec9NNyCy5LBRSys0,amenities,"Great Facilities (gym, auditorium, etc.)"
rec9NNyCy5LBRSys0,amenities,Small Class Sizes
rec9NNyCy5LBRSys0,amenities,Uniforms/Dress Code
rec9NNyCy5LBRSys0,amenities,Security Features
rec9Yq6FHZEQNdtOA,cultureAndValues,Religious Affiliation
rec9Yq6FHZEQNdtOA,cultureAndValues,Social-Emotional Learning
rec9Yq6FHZEQNdtOA,amenities,Technology Access
rec9Yq6FHZEQNdtOA,amenities,"Great Facilities (gym, auditorium, etc.)"
rec9Yq6FHZEQNdtOA,amenities,Small Class Sizes
rec9Yq6FHZEQNdtOA,amenities,Extended School Day/Year
rec9Yq6FHZEQNdtOA,amenities,Security Features
rec9fdzkKS7F930em,academicFocusAreas,Project-Based Learning
rec9fdzkKS7F930em,academicFocusAreas,STEM/STEAM
rec9fdzkKS7F930em,supportResources,After-School Academic Help
rec9fdzkKS7F930em,supportResources,Summer School Programs
rec9fdzkKS7F930em,cultureAndValues,Character Education
rec9fdzkKS7F930em,cultureAndValues,Environmental/Outdoor Focus
rec9fdzkKS7F930em,cultureAndValues,Social-Emotional Learning
rec9fdzkKS7F930em,extracurricularOfferings,Sports Programs
rec9fdzkKS7F930em,extracurricularOfferings,"Arts Programs (Visual, Music, Drama, Dance)"
rec9fdzkKS7F930em,extracurricularOfferings,Field Trips & Travel Opportunities
rec9fdzkKS7F930em,extracurricularOfferings,Before School Programs
rec9fdzkKS7F930em,extracurricularOfferings,After School Programs
rec9fdzkKS7F930em,amenities,Transportation Services
rec9fdzkKS7F930em,amenities,Meal Programs
rec9fdzkKS7F930em,amenities,Technology Access
rec9fdzkKS7F930em,amenities,"Great Facilities (gym, auditorium, etc.)"
rec9fdzkKS7F930em,amenities,Small Class Sizes
rec9fdzkKS7F930em,amenities,Multi-Age Classrooms
rec9fdzkKS7F930em,amenities,Extended School Day/Year
rec9fdzkKS7F930em,amenities,Security Features
rec9jANO4LMSpURR3,supportResources,Reading Specialists
rec9jANO4LMSpURR3,supportResources,ESL/ELL Support
rec9jANO4LMSpURR3,supportResources,Summer School Programs
rec9jANO4LMSpURR3,supportResources,Counseling Services
rec9jANO4LMSpURR3,supportResources,Speech Therapy
rec9jANO4LMSpURR3,supportResources,After-School Academic Help
rec9jANO4LMSpURR3,cultureAndValues,Religious Affiliation
rec9jANO4LMSpURR3,extracurricularOfferings,Sports Programs
rec9jANO4LMSpURR3,extracurricularOfferings,"Arts Programs (Visual, Music, Drama, Dance)"
rec9jANO4LMSpURR3,extracurricularOfferings,Clubs & Activities
rec9jANO4LMSpURR3,extracurricularOfferings,Student Publications
rec9jANO4LMSpURR3,extracurricularOfferings,Field Trips & Travel Opportunities
rec9jANO4LMSpURR3,extracurricularOfferings,After School Programs
rec9jANO4LMSpURR3,amenities,Meal Programs
rec9jANO4LMSpURR3,amenities,"Great Facilities (gym, auditorium, etc.)"
rec9jANO4LMSpURR3,amenities,Small Class Sizes
rec9jANO4LMSpURR3,amenities,Extended School Day/Year
rec9jANO4LMSpURR3,amenities,Uniforms/Dress Code
rec9jANO4LMSpURR3,amenities,Security Features
rec9jANO4LMSpURR3,amenities,Technology Access
rec9lJ1mbhtPcBlTp,academicFocusAreas,STEM/STEAM
rec9lJ1mbhtPcBlTp,academicFocusAreas,Project-Based Learning
rec9lJ1mbhtPcBlTp,academicFocusAreas,Classical Education
rec9lJ1mbhtPcBlTp,cultureAndValues,Character Education
rec9lJ1mbhtPcBlTp,cultureAndValues,Social-Emotional Learning
rec9lJ1mbhtPcBlTp,cultureAndValues,Environmental/Outdoor Focus
rec9lJ1mbhtPcBlTp,amenities,Meal Programs
rec9lJ1mbhtPcBlTp,amenities,Technology Access
rec9lJ1mbhtPcBlTp,amenities,Small Class Sizes
rec9lJ1mbhtPcBlTp,amenities,Extended School Day/Year
rec9lJ1mbhtPcBlTp,amenities,Multi-Age Classrooms
rec9lJ1mbhtPcBlTp,amenities,Security Features
rec9pJqUOFc5OMOHZ,academicFocusAreas,Classical Education
rec9pJqUOFc5OMOHZ,supportResources,After-School Academic Help
rec9pJqUOFc5OMOHZ,supportResources,One-on-One Tutoring
rec9pJqUOFc5OMOHZ,cultureAndValues,Religious Affiliation
rec9pJqUOFc5OMOHZ,cultureAndValues,Social-Emotional Learning
rec9pJqUOFc5OMOHZ,extracurricularOfferings,Field Trips & Travel Opportunities
rec9pJqUOFc5OMOHZ,extracurricularOfferings,Before School Programs
rec9pJqUOFc5OMOHZ,extracurricularOfferings,After School Programs
rec9pJqUOFc5OMOHZ,amenities,Technology Access
rec9pJqUOFc5OMOHZ,amenities,"Great Facilities (gym, auditorium, etc.)"
rec9pJqUOFc5OMOHZ,amenities,Small Class Sizes
rec9pJqUOFc5OMOHZ,amenities,Extended School Day/Year
rec9pJqUOFc5OMOHZ,amenities,Uniforms/Dress Code
rec9pJqUOFc5OMOHZ,amenities,Security Features
rec9sphtrQx9SmPqz,supportResources,One-on-One Tutoring
rec9sphtrQx9SmPqz,supportResources,After-School Academic Help
rec9sphtrQx9SmPqz,supportResources,Summer School Programs
rec9sphtrQx9SmPqz,cultureAndValues,Environmental/Outdoor Focus
rec9sphtrQx9SmPqz,cultureAndValues,Social-Emotional Learning
recAAdM0wwY3RtTu8,academicFocusAreas,STEM/STEAM
recAAdM0wwY3RtTu8,supportResources,Summer School Programs
recAAdM0wwY3RtTu8,cultureAndValues,Social-Emotional Learning
recAAdM0wwY3RtTu8,amenities,Meal Programs
recAAdM0wwY3RtTu8,amenities,Small Class Sizes
recAAdM0wwY3RtTu8,amenities,Extended School Day/Year
recAFfBoSuOIyF3Kv,academicFocusAreas,STEM/STEAM
recAFfBoSuOIyF3Kv,academicFocusAreas,Language Immersion
recAFfBoSuOIyF3Kv,academicFocusAreas,Classical Education
recAFfBoSuOIyF3Kv,supportResources,After-School Academic Help
recAFfBoSuOIyF3Kv,supportResources,Summer School Programs
recAFfBoSuOIyF3Kv,supportResources,Special Education Services
recAFfBoSuOIyF3Kv,cultureAndValues,Environmental/Outdoor Focus
recAFfBoSuOIyF3Kv,cultureAndValues,Social-Emotional Learning
recAFfBoSuOIyF3Kv,extracurricularOfferings,Field Trips & Travel Opportunities
recAFfBoSuOIyF3Kv,extracurricularOfferings,Before School Programs
recAFfBoSuOIyF3Kv,extracurricularOfferings,After School Programs
recAFfBoSuOIyF3Kv,extracurricularOfferings,Sports Programs
recAFfBoSuOIyF3Kv,amenities,Transportation Services
recAFfBoSuOIyF3Kv,amenities,Meal Programs
recAFfBoSuOIyF3Kv,amenities,Technology Access
recAFfBoSuOIyF3Kv,amenities,"Great Facilities (gym, auditorium, etc.)"
recAFfBoSuOIyF3Kv,amenities,Small Class Sizes
recAFfBoSuOIyF3Kv,amenities,Multi-Age Classrooms
recAFfBoSuOIyF3Kv,amenities,Extended School Day/Year
recAFfBoSuOIyF3Kv,amenities,Uniforms/Dress Code
recAFfBoSuOIyF3Kv,amenities,Security Features
recAWcSyREtyfzhDP,academicFocusAreas,Classical Education
recAWcSyREtyfzhDP,cultureAndValues,Religious Affiliation
recAWcSyREtyfzhDP,cultureAndValues,Character Education
recAWcSyREtyfzhDP,cultureAndValues,Community Service Focus
recAWcSyREtyfzhDP,extracurricularOfferings,Clubs & Activities
recAWcSyREtyfzhDP,amenities,Technology Access
recAWcSyREtyfzhDP,amenities,Small Class Sizes
recAWcSyREtyfzhDP,amenities,Uniforms/Dress Code
recAWcSyREtyfzhDP,amenities,Security Features
recAZjCZnUKpsjYRH,academicFocusAreas,Classical Education
recAZjCZnUKpsjYRH,academicFocusAreas,Project-Based Learning
recAZjCZnUKpsjYRH,supportResources,Summer School Programs
recAZjCZnUKpsjYRH,supportResources,After-School Academic Help
recAZjCZnUKpsjYRH,cultureAndValues,Social-Emotional Learning
recAZjCZnUKpsjYRH,cultureAndValues,Character Education
recAZjCZnUKpsjYRH,cultureAndValues,Community Service Focus
recAZjCZnUKpsjYRH,cultureAndValues,Environmental/Outdoor Focus
recAZjCZnUKpsjYRH,extracurricularOfferings,Sports Programs
recAZjCZnUKpsjYRH,extracurricularOfferings,"Arts Programs (Visual, Music, Drama, Dance)"
recAZjCZnUKpsjYRH,extracurricularOfferings,Field Trips & Travel Opportunities
recAZjCZnUKpsjYRH,extracurricularOfferings,After School Programs
recAZjCZnUKpsjYRH,extracurricularOfferings,Clubs & Activities
recAZjCZnUKpsjYRH,amenities,Small Class Sizes
recAZjCZnUKpsjYRH,amenities,Transportation Services
recAZjCZnUKpsjYRH,amenities,Meal Programs
recAZjCZnUKpsjYRH,amenities,Multi-Age Classrooms
recAZjCZnUKpsjYRH,amenities,Extended School Day/Year
recAZjCZnUKpsjYRH,amenities,Uniforms/Dress Code
recAZjCZnUKpsjYRH,amenities,Security Features
recAbXiKy5jw4klv0,academicFocusAreas,Project-Based Learning
recAbXiKy5jw4klv0,academicFocusAreas,Language Immersion
recAbXiKy5jw4klv0,supportResources,ESL/ELL Support
recAbXiKy5jw4klv0,supportResources,Special Education Services
recAbXiKy5jw4klv0,supportResources,Summer School Programs
recAbXiKy5jw4klv0,cultureAndValues,Character Education
recAbXiKy5jw4klv0,cultureAndValues,Social-Emotional Learning
recAbXiKy5jw4klv0,cultureAndValues,Environmental/Outdoor Focus
recAbXiKy5jw4klv0,extracurricularOfferings,Clubs & Activities
recAbXiKy5jw4klv0,extracurricularOfferings,Before School Programs
recAbXiKy5jw4klv0,extracurricularOfferings,After School Programs
recAbXiKy5jw4klv0,extracurricularOfferings,Field Trips & Travel Opportunities
recAbXiKy5jw4klv0,amenities,Transportation Services
recAbXiKy5jw4klv0,amenities,Meal Programs
recAbXiKy5jw4klv0,amenities,Small Class Sizes
recAbXiKy5jw4klv0,amenities,Multi-Age Classrooms
recAbXiKy5jw4klv0,amenities,Extended School Day/Year
recAbXiKy5jw4klv0,amenities,Uniforms/Dress Code
recAeZqt54bhTJyY0,academicFocusAreas,Advanced Placement (AP)
recAeZqt54bhTJyY0,academicFocusAreas,Project-Based Learning
recAeZqt54bhTJyY0,supportResources,One-on-One Tutoring
recAeZqt54bhTJyY0,supportResources,Reading Specialists
recAeZqt54bhTJyY0,supportResources,Counseling Services
recAeZqt54bhTJyY0,supportResources,After-School Academic Help
recAeZqt54bhTJyY0,supportResources,Summer School Programs
recAeZqt54bhTJyY0,cultureAndValues,Religious Affiliation
recAeZqt54bhTJyY0,cultureAndValues,Community Service Focus
recAeZqt54bhTJyY0,cultureAndValues,Social-Emotional Learning
recAeZqt54bhTJyY0,cultureAndValues,Character Education
recAeZqt54bhTJyY0,extracurricularOfferings,Sports Programs
recAeZqt54bhTJyY0,extracurricularOfferings,"Arts Programs (Visual, Music, Drama, Dance)"
recAeZqt54bhTJyY0,extracurricularOfferings,Clubs & Activities
recAeZqt54bhTJyY0,extracurricularOfferings,Field Trips & Travel Opportunities
recAeZqt54bhTJyY0,extracurricularOfferings,Before School Programs
recAeZqt54bhTJyY0,extracurricularOfferings,After School Programs
recAeZqt54bhTJyY0,amenities,"Great Facilities (gym, auditorium, etc.)"
recAeZqt54bhTJyY0,amenities,Uniforms/Dress Code
recAeZqt54bhTJyY0,amenities,Security Features
recAgNQZRb4Ulhpk9,academicFocusAreas,College Prep
recAgNQZRb4Ulhpk9,academicFocusAreas,Classical Education
recAgNQZRb4Ulhpk9,supportResources,One-on-One Tutoring
recAgNQZRb4Ulhpk9,supportResources,Reading Specialists
recAgNQZRb4Ulhpk9,supportResources,Math Specialists
recAgNQZRb4Ulhpk9,cultureAndValues,Religious Affiliation
recAgNQZRb4Ulhpk9,extracurricularOfferings,Sports Programs
recAgNQZRb4Ulhpk9,amenities,Extended School Day/Year
recAgNQZRb4Ulhpk9,amenities,Small Class Sizes
recAgNQZRb4Ulhpk9,amenities,Uniforms/Dress Code
recB6XBo1GoVtg41x,academicFocusAreas,Montessori
recB6XBo1GoVtg41x,academicFocusAreas,STEM/STEAM
recB6XBo1GoVtg41x,cultureAndValues,Character Education
recB6XBo1GoVtg41x,cultureAndValues,Community Service Focus
recB6XBo1GoVtg41x,cultureAndValues,Social-Emotional Learning
recB6XBo1GoVtg41x,cultureAndValues,Environmental/Outdoor Focus
recB6XBo1GoVtg41x,extracurricularOfferings,"Arts Programs (Visual, Music, Drama, Dance)"
recB6XBo1GoVtg41x,extracurricularOfferings,Before School Programs
recB6XBo1GoVtg41x,extracurricularOfferings,After School Programs
recB6XBo1GoVtg41x,amenities,Meal Programs
recB6XBo1GoVtg41x,amenities,Technology Access
recB6XBo1GoVtg41x,amenities,"Great Facilities (gym, auditorium, etc.)"
recB6XBo1GoVtg41x,amenities,Small Class Sizes
recB6XBo1GoVtg41x,amenities,Security Features
recB7HnmO0pSuxg2F,academicFocusAreas,Classical Education
recB7HnmO0pSuxg2F,academicFocusAreas,Project-Based Learning
recB7HnmO0pSuxg2F,academicFocusAreas,Language Immersion
recB7HnmO0pSuxg2F,supportResources,After-School Academic Help
recB7HnmO0pSuxg2F,supportResources,Summer School Programs
recB7HnmO0pSuxg2F,supportResources,Counseling Services
recB7HnmO0pSuxg2F,cultureAndValues,Religious Affiliation
recB7HnmO0pSuxg2F,cultureAndValues,Community Service Focus
recB7HnmO0pSuxg2F,cultureAndValues,Character Education
recB7HnmO0pSuxg2F,extracurricularOfferings,Before School Programs
recB7HnmO0pSuxg2F,extracurricularOfferings,After School Programs
recB7HnmO0pSuxg2F,extracurricularOfferings,Field Trips & Travel Opportunities
recB7HnmO0pSuxg2F,amenities,Small Class Sizes
recB7HnmO0pSuxg2F,amenities,Extended School Day/Year
recB7HnmO0pSuxg2F,amenities,Security Features
recB7HnmO0pSuxg2F,amenities,Transportation Services
recB7HnmO0pSuxg2F,amenities,Multi-Age Classrooms
recB7HnmO0pSuxg2F,amenities,Technology Access
recBGTwBrsC7cf3sv,supportResources,Special Education Services
recBGTwBrsC7cf3sv,cultureAndValues,Religious Affiliation
recBGTwBrsC7cf3sv,cultureAndValues,Character Education
recBGTwBrsC7cf3sv,cultureAndValues,Community Service Focus
recBGTwBrsC7cf3sv,extracurricularOfferings,Sports Programs
recBGTwBrsC7cf3sv,extracurricularOfferings,Clubs & Activities
recBGTwBrsC7cf3sv,extracurricularOfferings,"Arts Programs (Visual, Music, Drama, Dance)"
recBGTwBrsC7cf3sv,extracurricularOfferings,Field Trips & Travel Opportunities
recBGTwBrsC7cf3sv,extracurricularOfferings,After School Programs
recBGTwBrsC7cf3sv,amenities,Meal Programs
recBGTwBrsC7cf3sv,amenities,"Great Facilities (gym, auditorium, etc.)"
recBGTwBrsC7cf3sv,amenities,Small Class Sizes
recBGTwBrsC7cf3sv,amenities,Technology Access
recBGTwBrsC7cf3sv,amenities,Uniforms/Dress Code
recBGTwBrsC7cf3sv,amenities,Security Features
recBY8CE3j1KmfWok,academicFocusAreas,College Prep
recBY8CE3j1KmfWok,supportResources,Summer School Programs
recBY8CE3j1KmfWok,supportResources,ESL/ELL Support
recBY8CE3j1KmfWok,supportResources,One-on-One Tutoring
recBY8CE3j1KmfWok,supportResources,Counseling Services
recBY8CE3j1KmfWok,cultureAndValues,Religious Affiliation
recBY8CE3j1KmfWok,extracurricularOfferings,Before School Programs
recBY8CE3j1KmfWok,extracurricularOfferings,After School Programs
recBY8CE3j1KmfWok,amenities,Security Features
recBY8CE3j1KmfWok,amenities,Small Class Sizes
recBoKdl1EJtAqbOB,academicFocusAreas,STEM/STEAM
recBoKdl1EJtAqbOB,supportResources,After-School Academic Help
recBoKdl1EJtAqbOB,supportResources,Summer School Programs
recBoKdl1EJtAqbOB,supportResources,Special Education Services
recBoKdl1EJtAqbOB,cultureAndValues,Social-Emotional Learning
recBoKdl1EJtAqbOB,extracurricularOfferings,Field Trips & Travel Opportunities
recBoKdl1EJtAqbOB,extracurricularOfferings,Before School Programs
recBoKdl1EJtAqbOB,extracurricularOfferings,After School Programs
recBoKdl1EJtAqbOB,amenities,Meal Programs
recBoKdl1EJtAqbOB,amenities,Small Class Sizes
recBoKdl1EJtAqbOB,amenities,Technology Access
recBoKdl1EJtAqbOB,amenities,Extended School Day/Year
recBoKdl1EJtAqbOB,amenities,Uniforms/Dress Code
recBufKIq9zpMSsci,academicFocusAreas,STEM/STEAM
recBufKIq9zpMSsci,academicFocusAreas,Project-Based Learning
recBufKIq9zpMSsci,academicFocusAreas,International Baccalaureate (IB)
recBufKIq9zpMSsci,academicFocusAreas,Advanced Placement (AP)
recBufKIq9zpMSsci,academicFocusAreas,College Prep
recBufKIq9zpMSsci,supportResources,Reading Specialists
recBufKIq9zpMSsci,supportResources,Math Specialists
recBufKIq9zpMSsci,supportResources,ESL/ELL Support
recBufKIq9zpMSsci,supportResources,Counseling Services
recBufKIq9zpMSsci,supportResources,Summer School Programs
recBufKIq9zpMSsci,supportResources,After-School Academic Help
recBufKIq9zpMSsci,cultureAndValues,Democratic/Student-Led Governance
recBufKIq9zpMSsci,cultureAndValues,Community Service Focus
recBufKIq9zpMSsci,cultureAndValues,Character Education
recBufKIq9zpMSsci,cultureAndValues,Social-Emotional Learning
recBufKIq9zpMSsci,extracurricularOfferings,Sports Programs
recBufKIq9zpMSsci,extracurricularOfferings,"Arts Programs (Visual, Music, Drama, Dance)"
recBufKIq9zpMSsci,extracurricularOfferings,Robotics/Coding
recBufKIq9zpMSsci,extracurricularOfferings,Clubs & Activities
recBufKIq9zpMSsci,extracurricularOfferings,Debate/Speech
recBufKIq9zpMSsci,extracurricularOfferings,Student Publications
recBufKIq9zpMSsci,extracurricularOfferings,Field Trips & Travel Opportunities
recBufKIq9zpMSsci,extracurricularOfferings,Before School Programs
recBufKIq9zpMSsci,extracurricularOfferings,After School Programs
recBufKIq9zpMSsci,amenities,Transportation Services
recBufKIq9zpMSsci,amenities,Meal Programs
recBufKIq9zpMSsci,amenities,Technology Access
recBufKIq9zpMSsci,amenities,"Great Facilities (gym, auditorium, etc.)"
recBufKIq9zpMSsci,amenities,Small Class Sizes
recBufKIq9zpMSsci,amenities,Uniforms/Dress Code
recBufKIq9zpMSsci,amenities,Security Features
recBufKIq9zpMSsci,amenities,Extended School Day/Year
recCUVNTDY4SyO191,academicFocusAreas,Advanced Placement (AP)
recCUVNTDY4SyO191,academicFocusAreas,College Prep
recCUVNTDY4SyO191,supportResources,Summer School Programs
recCUVNTDY4SyO191,cultureAndValues,Religious Affiliation
recCUVNTDY4SyO191,cultureAndValues,Community Service Focus
recCUVNTDY4SyO191,cultureAndValues,Character Education
recCUVNTDY4SyO191,extracurricularOfferings,"Arts Programs (Visual, Music, Drama, Dance)"
recCUVNTDY4SyO191,extracurricularOfferings,Sports Programs
recCUVNTDY4SyO191,extracurricularOfferings,Clubs & Activities
recCUVNTDY4SyO191,extracurricularOfferings,Robotics/Coding
recCUVNTDY4SyO191,extracurricularOfferings,Field Trips & Travel Opportunities
recCUVNTDY4SyO191,amenities,Transportation Services
recCUVNTDY4SyO191,amenities,Meal Programs
recCUVNTDY4SyO191,amenities,Technology Access
recCUVNTDY4SyO191,amenities,"Great Facilities (gym, auditorium, etc.)"
recCUVNTDY4SyO191,amenities,Small Class Sizes
recCUVNTDY4SyO191,amenities,Uniforms/Dress Code
recCUVNTDY4SyO191,amenities,Security Features
recCWF6RxGUHjE7DC,academicFocusAreas,Classical Education
recCWF6RxGUHjE7DC,academicFocusAreas,Advanced Placement (AP)
recCWF6RxGUHjE7DC,supportResources,After-School Academic Help
recCWF6RxGUHjE7DC,supportResources,Reading Specialists
recCWF6RxGUHjE7DC,cultureAndValues,Religious Affiliation
recCWF6RxGUHjE7DC,cultureAndValues,Character Education
recCWF6RxGUHjE7DC,cultureAndValues,Community Service Focus
recCWF6RxGUHjE7DC,extracurricularOfferings,Sports Programs
recCWF6RxGUHjE7DC,extracurricularOfferings,Clubs & Activities
recCWF6RxGUHjE7DC,extracurricularOfferings,Student Publications
recCWF6RxGUHjE7DC,extracurricularOfferings,Field Trips & Travel Opportunities
recCWF6RxGUHjE7DC,extracurricularOfferings,Before School Programs
recCWF6RxGUHjE7DC,extracurricularOfferings,After School Programs
recCWF6RxGUHjE7DC,amenities,Meal Programs
recCWF6RxGUHjE7DC,amenities,Technology Access
recCWF6RxGUHjE7DC,amenities,"Great Facilities (gym, auditorium, etc.)"
recCWF6RxGUHjE7DC,amenities,Small Class Sizes
recCWF6RxGUHjE7DC,amenities,Extended School Day/Year
recCWF6RxGUHjE7DC,amenities,Uniforms/Dress Code
recCWF6RxGUHjE7DC,amenities,Security Features
recCa0ZbXQDwEHT19,academicFocusAreas,Classical Education
recCa0ZbXQDwEHT19,academicFocusAreas,Language Immersion
recCa0ZbXQDwEHT19,academicFocusAreas,Project-Based Learning
recCa0ZbXQDwEHT19,supportResources,Summer School Programs
recCa0ZbXQDwEHT19,supportResources,Special Education Services
recCa0ZbXQDwEHT19,supportResources,Speech Therapy
recCa0ZbXQDwEHT19,supportResources,Occupational Therapy
recCa0ZbXQDwEHT19,supportResources,After-School Academic Help
recCa0ZbXQDwEHT19,cultureAndValues,Religious Affiliation
recCa0ZbXQDwEHT19,cultureAndValues,Character Education
recCa0ZbXQDwEHT19,cultureAndValues,Community Service Focus
recCa0ZbXQDwEHT19,cultureAndValues,Environmental/Outdoor Focus
recCa0ZbXQDwEHT19,cultureAndValues,Social-Emotional Learning
recCa0ZbXQDwEHT19,extracurricularOfferings,Before School Programs
recCa0ZbXQDwEHT19,extracurricularOfferings,After School Programs
recCa0ZbXQDwEHT19,extracurricularOfferings,Field Trips & Travel Opportunities
recCa0ZbXQDwEHT19,extracurricularOfferings,Sports Programs
recCa0ZbXQDwEHT19,extracurricularOfferings,"Arts Programs (Visual, Music, Drama, Dance)"
recCa0ZbXQDwEHT19,extracurricularOfferings,Clubs & Activities
recCa0ZbXQDwEHT19,amenities,Meal Programs
recCa0ZbXQDwEHT19,amenities,Technology Access
recCa0ZbXQDwEHT19,amenities,"Great Facilities (gym, auditorium, etc.)"
recCa0ZbXQDwEHT19,amenities,Small Class Sizes
recCa0ZbXQDwEHT19,amenities,Extended School Day/Year
recCa0ZbXQDwEHT19,amenities,Uniforms/Dress Code
recCa0ZbXQDwEHT19,amenities,Security Features
recCa0ZbXQDwEHT19,amenities,Multi-Age Classrooms
recCa0ZbXQDwEHT19,amenities,Transportation Services
recCexCYnicBbRBqA,academicFocusAreas,Project-Based Learning
recCexCYnicBbRBqA,academicFocusAreas,Gifted & Talented
recCexCYnicBbRBqA,supportResources,One-on-One Tutoring
recCexCYnicBbRBqA,supportResources,Speech Therapy
recCexCYnicBbRBqA,supportResources,Summer School Programs
recCexCYnicBbRBqA,supportResources,After-School Academic Help
recCexCYnicBbRBqA,cultureAndValues,Social-Emotional Learning
recCexCYnicBbRBqA,cultureAndValues,Community Service Focus
recCexCYnicBbRBqA,cultureAndValues,Character Education
recCexCYnicBbRBqA,extracurricularOfferings,"Arts Programs (Visual, Music, Drama, Dance)"
recCexCYnicBbRBqA,extracurricularOfferings,Clubs & Activities
recCexCYnicBbRBqA,amenities,Meal Programs
recCexCYnicBbRBqA,amenities,Technology Access
recCexCYnicBbRBqA,amenities,Small Class Sizes
recCexCYnicBbRBqA,amenities,Multi-Age Classrooms
recCexCYnicBbRBqA,amenities,Extended School Day/Year
recCexCYnicBbRBqA,amenities,Uniforms/Dress Code
recCexCYnicBbRBqA,amenities,Security Features
recCjTLtTjucZIGcj,academicFocusAreas,Classical Education
recCjTLtTjucZIGcj,academicFocusAreas,Advanced Placement (AP)
recCjTLtTjucZIGcj,academicFocusAreas,College Prep
recCjTLtTjucZIGcj,academicFocusAreas,Gifted & Talented
recCjTLtTjucZIGcj,supportResources,ESL/ELL Support
recCjTLtTjucZIGcj,supportResources,Counseling Services
recCjTLtTjucZIGcj,supportResources,After-School Academic Help
recCjTLtTjucZIGcj,supportResources,Summer School Programs
recCjTLtTjucZIGcj,supportResources,One-on-One Tutoring
recCjTLtTjucZIGcj,cultureAndValues,Religious Affiliation
recCjTLtTjucZIGcj,cultureAndValues,Character Education
recCjTLtTjucZIGcj,cultureAndValues,Community Service Focus
recCjTLtTjucZIGcj,extracurricularOfferings,After School Programs
recCjTLtTjucZIGcj,extracurricularOfferings,Sports Programs
recCjTLtTjucZIGcj,extracurricularOfferings,Field Trips & Travel Opportunities
recCjTLtTjucZIGcj,amenities,"Great Facilities (gym, auditorium, etc.)"
recCjTLtTjucZIGcj,amenities,Small Class Sizes
recCjTLtTjucZIGcj,amenities,Uniforms/Dress Code
recCjTLtTjucZIGcj,amenities,Security Features
recCjTLtTjucZIGcj,amenities,Multi-Age Classrooms
recCjYwpyEIJ0YKZ7,academicFocusAreas,STEM/STEAM
recCjYwpyEIJ0YKZ7,academicFocusAreas,Project-Based Learning
recCjYwpyEIJ0YKZ7,academicFocusAreas,Classical Education
recCjYwpyEIJ0YKZ7,supportResources,One-on-One Tutoring
recCjYwpyEIJ0YKZ7,supportResources,After-School Academic Help
recCjYwpyEIJ0YKZ7,supportResources,Summer School Programs
recCjYwpyEIJ0YKZ7,cultureAndValues,Character Education
recCjYwpyEIJ0YKZ7,cultureAndValues,Environmental/Outdoor Focus
recCjYwpyEIJ0YKZ7,cultureAndValues,Social-Emotional Learning
recCjYwpyEIJ0YKZ7,extracurricularOfferings,"Arts Programs (Visual, Music, Drama, Dance)"
recCjYwpyEIJ0YKZ7,extracurricularOfferings,Before School Programs
recCjYwpyEIJ0YKZ7,extracurricularOfferings,After School Programs
recCjYwpyEIJ0YKZ7,extracurricularOfferings,Sports Programs
recCjYwpyEIJ0YKZ7,amenities,Meal Programs
recCjYwpyEIJ0YKZ7,amenities,Technology Access
recCjYwpyEIJ0YKZ7,amenities,Small Class Sizes
recCjYwpyEIJ0YKZ7,amenities,Multi-Age Classrooms
recCjYwpyEIJ0YKZ7,amenities,Extended School Day/Year
recCjYwpyEIJ0YKZ7,amenities,Security Features
recCnvfz16J6DFLbq,academicFocusAreas,Classical Education
recCnvfz16J6DFLbq,academicFocusAreas,Montessori
recCnvfz16J6DFLbq,academicFocusAreas,Project-Based Learning
recCnvfz16J6DFLbq,supportResources,Summer School Programs
recCnvfz16J6DFLbq,cultureAndValues,Social-Emotional Learning
recCnvfz16J6DFLbq,cultureAndValues,Character Education
recCnvfz16J6DFLbq,amenities,Meal Programs
recCnvfz16J6DFLbq,amenities,"Great Facilities (gym, auditorium, etc.)"
recCnvfz16J6DFLbq,amenities,Small Class Sizes
recCnvfz16J6DFLbq,amenities,Multi-Age Classrooms
recCnvfz16J6DFLbq,amenities,Extended School Day/Year
recCnvfz16J6DFLbq,amenities,Uniforms/Dress Code
recCnvfz16J6DFLbq,amenities,Security Features
recCoQOp7SztuwLaF,academicFocusAreas,Classical Education
recCoQOp7SztuwLaF,cultureAndValues,Religious Affiliation
recCoQOp7SztuwLaF,cultureAndValues,Community Service Focus
recCoQOp7SztuwLaF,cultureAndValues,Social-Emotional Learning
recCoQOp7SztuwLaF,cultureAndValues,Character Education
recCoQOp7SztuwLaF,cultureAndValues,Environmental/Outdoor Focus
recCoQOp7SztuwLaF,extracurricularOfferings,After School Programs
recCoQOp7SztuwLaF,amenities,Small Class Sizes
recCoQOp7SztuwLaF,amenities,Extended School Day/Year
recCoQOp7SztuwLaF,amenities,Security Features
recCoQOp7SztuwLaF,amenities,Technology Access
recCrumY1ZlSC6t7i,academicFocusAreas,STEM/STEAM
recCrumY1ZlSC6t7i,academicFocusAreas,Project-Based Learning
recCrumY1ZlSC6t7i,academicFocusAreas,Classical Education
recCrumY1ZlSC6t7i,supportResources,After-School Academic Help
recCrumY1ZlSC6t7i,cultureAndValues,Religious Affiliation
recCrumY1ZlSC6t7i,cultureAndValues,Character Education
recCrumY1ZlSC6t7i,extracurricularOfferings,Robotics/Coding
recCrumY1ZlSC6t7i,extracurricularOfferings,After School Programs
recCrumY1ZlSC6t7i,amenities,Meal Programs
recCrumY1ZlSC6t7i,amenities,Technology Access
recCrumY1ZlSC6t7i,amenities,Small Class Sizes
recCrumY1ZlSC6t7i,amenities,Multi-Age Classrooms
recCrumY1ZlSC6t7i,amenities,Uniforms/Dress Code
recCrumY1ZlSC6t7i,amenities,Security Features
recCtxll8lSEwltQk,supportResources,Summer School Programs
recCtxll8lSEwltQk,cultureAndValues,Social-Emotional Learning
recCtxll8lSEwltQk,cultureAndValues,Community Service Focus
recCtxll8lSEwltQk,cultureAndValues,Environmental/Outdoor Focus
recCtxll8lSEwltQk,cultureAndValues,Character Education
recCtxll8lSEwltQk,extracurricularOfferings,Before School Programs
recCtxll8lSEwltQk,extracurricularOfferings,After School Programs
recCtxll8lSEwltQk,amenities,Small Class Sizes
recCtxll8lSEwltQk,amenities,Security Features
recCv2Z9MU57SQMAt,academicFocusAreas,STEM/STEAM
recCv2Z9MU57SQMAt,supportResources,After-School Academic Help
recCv2Z9MU57SQMAt,cultureAndValues,Social-Emotional Learning
recCv2Z9MU57SQMAt,cultureAndValues,Character Education
recCv2Z9MU57SQMAt,cultureAndValues,Community Service Focus
recCv2Z9MU57SQMAt,cultureAndValues,Environmental/Outdoor Focus
recCv2Z9MU57SQMAt,extracurricularOfferings,Before School Programs
recCv2Z9MU57SQMAt,extracurricularOfferings,After School Programs
recCv2Z9MU57SQMAt,amenities,Transportation Services
recCv2Z9MU57SQMAt,amenities,Meal Programs
recCv2Z9MU57SQMAt,amenities,Technology Access
recCv2Z9MU57SQMAt,amenities,"Great Facilities (gym, auditorium, etc.)"
recCv2Z9MU57SQMAt,amenities,Extended School Day/Year
recCv2Z9MU57SQMAt,amenities,Security Features
recD79W36ww8cwsAc,academicFocusAreas,Classical Education
recD79W36ww8cwsAc,cultureAndValues,Religious Affiliation
recD79W36ww8cwsAc,extracurricularOfferings,Clubs & Activities
recD79W36ww8cwsAc,amenities,Small Class Sizes
recD79W36ww8cwsAc,amenities,Uniforms/Dress Code
recDB235hp35PHqfO,academicFocusAreas,STEM/STEAM
recDB235hp35PHqfO,academicFocusAreas,Project-Based Learning
recDB235hp35PHqfO,supportResources,Summer School Programs
recDB235hp35PHqfO,supportResources,After-School Academic Help
recDB235hp35PHqfO,cultureAndValues,Character Education
recDB235hp35PHqfO,cultureAndValues,Environmental/Outdoor Focus
recDB235hp35PHqfO,cultureAndValues,Social-Emotional Learning
recDB235hp35PHqfO,extracurricularOfferings,"Arts Programs (Visual, Music, Drama, Dance)"
recDB235hp35PHqfO,extracurricularOfferings,Sports Programs
recDB235hp35PHqfO,extracurricularOfferings,Before School Programs
recDB235hp35PHqfO,extracurricularOfferings,After School Programs
recDB235hp35PHqfO,extracurricularOfferings,Field Trips & Travel Opportunities
recDB235hp35PHqfO,amenities,Meal Programs
recDB235hp35PHqfO,amenities,Transportation Services
recDB235hp35PHqfO,amenities,"Great Facilities (gym, auditorium, etc.)"
recDB235hp35PHqfO,amenities,Small Class Sizes
recDB235hp35PHqfO,amenities,Technology Access
recDB235hp35PHqfO,amenities,Multi-Age Classrooms
recDB235hp35PHqfO,amenities,Extended School Day/Year
recDB235hp35PHqfO,amenities,Security Features
recDD0akOKzUfPSVQ,academicFocusAreas,Gifted & Talented
recDD0akOKzUfPSVQ,academicFocusAreas,College Prep
recDD0akOKzUfPSVQ,cultureAndValues,Religious Affiliation
recDD0akOKzUfPSVQ,extracurricularOfferings,Sports Programs
recDD0akOKzUfPSVQ,extracurricularOfferings,"Arts Programs (Visual, Music, Drama, Dance)"
recDD0akOKzUfPSVQ,extracurricularOfferings,Clubs & Activities
recDD0akOKzUfPSVQ,extracurricularOfferings,Debate/Speech
recDD0akOKzUfPSVQ,extracurricularOfferings,Field Trips & Travel Opportunities
recDD0akOKzUfPSVQ,extracurricularOfferings,Before School Programs
recDD0akOKzUfPSVQ,extracurricularOfferings,After School Programs
recDD0akOKzUfPSVQ,amenities,Meal Programs
recDD0akOKzUfPSVQ,amenities,Extended School Day/Year
recDD0akOKzUfPSVQ,amenities,Uniforms/Dress Code
recDD0akOKzUfPSVQ,amenities,Security Features
recDD0akOKzUfPSVQ,amenities,Small Class Sizes
recDD0akOKzUfPSVQ,amenities,"Great Facilities (gym, auditorium, etc.)"
recDD0akOKzUfPSVQ,amenities,Technology Access
recDPQh0sNpcrzRQB,academicFocusAreas,Classical Education
recDPQh0sNpcrzRQB,supportResources,One-on-One Tutoring
recDPQh0sNpcrzRQB,supportResources,Reading Specialists
recDPQh0sNpcrzRQB,supportResources,Math Specialists
recDPQh0sNpcrzRQB,supportResources,Special Education Services
recDPQh0sNpcrzRQB,supportResources,Counseling Services
recDPQh0sNpcrzRQB,supportResources,After-School Academic Help
recDPQh0sNpcrzRQB,cultureAndValues,Religious Affiliation
recDPQh0sNpcrzRQB,cultureAndValues,Character Education
recDPQh0sNpcrzRQB,cultureAndValues,Community Service Focus
recDPQh0sNpcrzRQB,cultureAndValues,Environmental/Outdoor Focus
recDPQh0sNpcrzRQB,cultureAndValues,Social-Emotional Learning
recDPQh0sNpcrzRQB,cultureAndValues,Democratic/Student-Led Governance
recDPQh0sNpcrzRQB,extracurricularOfferings,Sports Programs
recDPQh0sNpcrzRQB,extracurricularOfferings,"Arts Programs (Visual, Music, Drama, Dance)"
recDPQh0sNpcrzRQB,extracurricularOfferings,Clubs & Activities
recDPQh0sNpcrzRQB,extracurricularOfferings,Robotics/Coding
recDPQh0sNpcrzRQB,extracurricularOfferings,Field Trips & Travel Opportunities
recDPQh0sNpcrzRQB,extracurricularOfferings,After School Programs
recDPQh0sNpcrzRQB,amenities,Transportation Services
recDPQh0sNpcrzRQB,amenities,Meal Programs
recDPQh0sNpcrzRQB,amenities,Technology Access
recDPQh0sNpcrzRQB,amenities,"Great Facilities (gym, auditorium, etc.)"
recDPQh0sNpcrzRQB,amenities,Small Class Sizes
recDPQh0sNpcrzRQB,amenities,Extended School Day/Year
recDPQh0sNpcrzRQB,amenities,Uniforms/Dress Code
recDPQh0sNpcrzRQB,amenities,Security Features
recDbpWREKnRQuDQm,academicFocusAreas,STEM/STEAM
recDbpWREKnRQuDQm,cultureAndValues,Religious Affiliation
recDbpWREKnRQuDQm,cultureAndValues,Community Service Focus
recDbpWREKnRQuDQm,cultureAndValues,Social-Emotional Learning
recDbpWREKnRQuDQm,extracurricularOfferings,Sports Programs
recDbpWREKnRQuDQm,extracurricularOfferings,Clubs & Activities
recDbpWREKnRQuDQm,extracurricularOfferings,After School Programs
recDbpWREKnRQuDQm,amenities,Meal Programs
recDbpWREKnRQuDQm,amenities,Technology Access
recDbpWREKnRQuDQm,amenities,Small Class Sizes
recDbpWREKnRQuDQm,amenities,Multi-Age Classrooms
recDbpWREKnRQuDQm,amenities,Uniforms/Dress Code
recDcE8J4gfXG61Yj,academicFocusAreas,STEM/STEAM
recDcE8J4gfXG61Yj,academicFocusAreas,Project-Based Learning
recDcE8J4gfXG61Yj,academicFocusAreas,Classical Education
recDcE8J4gfXG61Yj,academicFocusAreas,Montessori
recDcE8J4gfXG61Yj,supportResources,After-School Academic Help
recDcE8J4gfXG61Yj,supportResources,Summer School Programs
recDcE8J4gfXG61Yj,cultureAndValues,Community Service Focus
recDcE8J4gfXG61Yj,cultureAndValues,Environmental/Outdoor Focus
recDcE8J4gfXG61Yj,cultureAndValues,Social-Emotional Learning
recDcE8J4gfXG61Yj,extracurricularOfferings,Sports Programs
recDcE8J4gfXG61Yj,extracurricularOfferings,"Arts Programs (Visual, Music, Drama, Dance)"
recDcE8J4gfXG61Yj,extracurricularOfferings,Field Trips & Travel Opportunities
recDcE8J4gfXG61Yj,extracurricularOfferings,Before School Programs
recDcE8J4gfXG61Yj,extracurricularOfferings,After School Programs
recDcE8J4gfXG61Yj,amenities,Transportation Services
recDcE8J4gfXG61Yj,amenities,Meal Programs
recDcE8J4gfXG61Yj,amenities,Technology Access
recDcE8J4gfXG61Yj,amenities,Small Class Sizes
recDcE8J4gfXG61Yj,amenities,Multi-Age Classrooms
recDcE8J4gfXG61Yj,amenities,Extended School Day/Year
recDcE8J4gfXG61Yj,amenities,Security Features
recDfgS42lamIoQ8u,academicFocusAreas,Language Immersion
recDfgS42lamIoQ8u,academicFocusAreas,STEM/STEAM
recDfgS42lamIoQ8u,supportResources,Summer School Programs
recDfgS42lamIoQ8u,supportResources,After-School Academic Help
recDfgS42lamIoQ8u,cultureAndValues,Character Education
recDfgS42lamIoQ8u,cultureAndValues,Social-Emotional Learning
recDfgS42lamIoQ8u,extracurricularOfferings,After School Programs
recDfgS42lamIoQ8u,amenities,Small Class Sizes
recDfgS42lamIoQ8u,amenities,Extended School Day/Year
recDfgS42lamIoQ8u,amenities,Uniforms/Dress Code
recDjkcQkizvlIxxX,extracurricularOfferings,Sports Programs
recDjkcQkizvlIxxX,extracurricularOfferings,"Arts Programs (Visual, Music, Drama, Dance)"
recDjkcQkizvlIxxX,extracurricularOfferings,Robotics/Coding
recDjkcQkizvlIxxX,extracurricularOfferings,Student Publications
recDjkcQkizvlIxxX,extracurricularOfferings,Field Trips & Travel Opportunities
recDjkcQkizvlIxxX,amenities,Technology Access
recDjkcQkizvlIxxX,amenities,Extended School Day/Year
recDjkcQkizvlIxxX,amenities,Uniforms/Dress Code
recDjkcQkizvlIxxX,amenities,Security Features
recDs0CK5snVuIaT8,supportResources,After-School Academic Help
recDs0CK5snVuIaT8,supportResources,Summer School Programs
recDs0CK5snVuIaT8,cultureAndValues,Environmental/Outdoor Focus
recDs0CK5snVuIaT8,cultureAndValues,Social-Emotional Learning
recDs0CK5snVuIaT8,cultureAndValues,Character Education
recDs0CK5snVuIaT8,extracurricularOfferings,Before School Programs
recDs0CK5snVuIaT8,extracurricularOfferings,After School Programs
recDs0CK5snVuIaT8,extracurricularOfferings,Field Trips & Travel Opportunities
recDs0CK5snVuIaT8,amenities,Meal Programs
recDs0CK5snVuIaT8,amenities,Multi-Age Classrooms
recDs0CK5snVuIaT8,amenities,Small Class Sizes
recDtZda1p1zv0aQb,academicFocusAreas,Project-Based Learning
recDtZda1p1zv0aQb,academicFocusAreas,Classical Education
recDtZda1p1zv0aQb,academicFocusAreas,Montessori
recDtZda1p1zv0aQb,academicFocusAreas,Advanced Placement (AP)
recDtZda1p1zv0aQb,academicFocusAreas,College Prep
recDtZda1p1zv0aQb,academicFocusAreas,Vocational/Career Tech
recDtZda1p1zv0aQb,supportResources,ESL/ELL Support
recDtZda1p1zv0aQb,supportResources,Summer School Programs
recDtZda1p1zv0aQb,supportResources,One-on-One Tutoring
recDtZda1p1zv0aQb,cultureAndValues,Religious Affiliation
recDtZda1p1zv0aQb,cultureAndValues,Character Education
recDtZda1p1zv0aQb,cultureAndValues,Community Service Focus
recDtZda1p1zv0aQb,cultureAndValues,Environmental/Outdoor Focus
recDtZda1p1zv0aQb,cultureAndValues,Social-Emotional Learning
recDtZda1p1zv0aQb,extracurricularOfferings,Sports Programs
recDtZda1p1zv0aQb,extracurricularOfferings,"Arts Programs (Visual, Music, Drama, Dance)"
recDtZda1p1zv0aQb,extracurricularOfferings,Robotics/Coding
recDtZda1p1zv0aQb,extracurricularOfferings,Field Trips & Travel Opportunities
recDtZda1p1zv0aQb,amenities,Transportation Services
recDtZda1p1zv0aQb,amenities,Meal Programs
recDtZda1p1zv0aQb,amenities,Technology Access
recDtZda1p1zv0aQb,amenities,"Great Facilities (gym, auditorium, etc.)"
recDtZda1p1zv0aQb,amenities,Small Class Sizes
recDtZda1p1zv0aQb,amenities,Uniforms/Dress Code
recDtZda1p1zv0aQb,amenities,Security Features
recE217N46NEVG7n7,supportResources,Special Education Services
recE217N46NEVG7n7,supportResources,One-on-One Tutoring
recE217N46NEVG7n7,supportResources,After-School Academic Help
recE217N46NEVG7n7,extracurricularOfferings,Clubs & Activities
recE217N46NEVG7n7,extracurricularOfferings,Robotics/Coding
recE217N46NEVG7n7,extracurricularOfferings,Field Trips & Travel Opportunities
recE217N46NEVG7n7,amenities,Small Class Sizes
recE217N46NEVG7n7,amenities,Security Features
recE5o267nYT8VPra,supportResources,One-on-One Tutoring
recE5o267nYT8VPra,supportResources,After-School Academic Help
recE5o267nYT8VPra,cultureAndValues,Religious Affiliation
recE5o267nYT8VPra,cultureAndValues,Character Education
recE5o267nYT8VPra,cultureAndValues,Community Service Focus
recE5o267nYT8VPra,extracurricularOfferings,Sports Programs
recE5o267nYT8VPra,extracurricularOfferings,Field Trips & Travel Opportunities
recE5o267nYT8VPra,extracurricularOfferings,After School Programs
recE5o267nYT8VPra,amenities,Meal Programs
recE5o267nYT8VPra,amenities,Technology Access
recE5o267nYT8VPra,amenities,Small Class Sizes
recE5o267nYT8VPra,amenities,Multi-Age Classrooms
recE5o267nYT8VPra,amenities,Uniforms/Dress Code
recE5o267nYT8VPra,amenities,Security Features
recEKOBW4mV54Ka0S,academicFocusAreas,Project-Based Learning
recEKOBW4mV54Ka0S,academicFocusAreas,Gifted & Talented
recEKOBW4mV54Ka0S,supportResources,One-on-One Tutoring
recEKOBW4mV54Ka0S,supportResources,ESL/ELL Support
recEKOBW4mV54Ka0S,supportResources,After-School Academic Help
recEKOBW4mV54Ka0S,supportResources,Summer School Programs
recEKOBW4mV54Ka0S,supportResources,Reading Specialists
recEKOBW4mV54Ka0S,cultureAndValues,Religious Affiliation
recEKOBW4mV54Ka0S,cultureAndValues,Community Service Focus
recEKOBW4mV54Ka0S,extracurricularOfferings,Sports Programs
recEKOBW4mV54Ka0S,extracurricularOfferings,"Arts Programs (Visual, Music, Drama, Dance)"
recEKOBW4mV54Ka0S,extracurricularOfferings,Clubs & Activities
recEKOBW4mV54Ka0S,extracurricularOfferings,Robotics/Coding
recEKOBW4mV54Ka0S,extracurricularOfferings,Student Publications
recEKOBW4mV54Ka0S,extracurricularOfferings,Field Trips & Travel Opportunities
recEKOBW4mV54Ka0S,extracurricularOfferings,After School Programs
recEKOBW4mV54Ka0S,amenities,Technology Access
recEKOBW4mV54Ka0S,amenities,Uniforms/Dress Code
recEKOBW4mV54Ka0S,amenities,Security Features
recEKOBW4mV54Ka0S,amenities,Small Class Sizes
recETGvJMYpQ64mjv,academicFocusAreas,STEM/STEAM
recETGvJMYpQ64mjv,academicFocusAreas,Project-Based Learning
recETGvJMYpQ64mjv,academicFocusAreas,Gifted & Talented
recETGvJMYpQ64mjv,supportResources,One-on-One Tutoring
recETGvJMYpQ64mjv,supportResources,After-School Academic Help
recETGvJMYpQ64mjv,supportResources,Summer School Programs
recETGvJMYpQ64mjv,supportResources,Reading Specialists
recETGvJMYpQ64mjv,cultureAndValues,Social-Emotional Learning
recETGvJMYpQ64mjv,cultureAndValues,Environmental/Outdoor Focus
recETGvJMYpQ64mjv,cultureAndValues,Community Service Focus
recETGvJMYpQ64mjv,cultureAndValues,Character Education
recETGvJMYpQ64mjv,extracurricularOfferings,Robotics/Coding
recETGvJMYpQ64mjv,extracurricularOfferings,Sports Programs
recETGvJMYpQ64mjv,extracurricularOfferings,After School Programs
recETGvJMYpQ64mjv,extracurricularOfferings,Before School Programs
recETGvJMYpQ64mjv,extracurricularOfferings,"Arts Programs (Visual, Music, Drama, Dance)"
recETGvJMYpQ64mjv,amenities,Meal Programs
recETGvJMYpQ64mjv,amenities,Small Class Sizes
recETGvJMYpQ64mjv,amenities,Uniforms/Dress Code
recETGvJMYpQ64mjv,amenities,Extended School Day/Year
recETGvJMYpQ64mjv,amenities,Security Features
recETHLR26A6Gj65B,supportResources,After-School Academic Help
recETHLR26A6Gj65B,cultureAndValues,Social-Emotional Learning
recETHLR26A6Gj65B,cultureAndValues,Environmental/Outdoor Focus
recETHLR26A6Gj65B,extracurricularOfferings,Before School Programs
recETHLR26A6Gj65B,extracurricularOfferings,After School Programs
recETHLR26A6Gj65B,extracurricularOfferings,Field Trips & Travel Opportunities
recETHLR26A6Gj65B,amenities,Transportation Services
recETHLR26A6Gj65B,amenities,Meal Programs
recETHLR26A6Gj65B,amenities,Small Class Sizes
recETHLR26A6Gj65B,amenities,Extended School Day/Year
recETHLR26A6Gj65B,amenities,Security Features
recETHLR26A6Gj65B,amenities,Multi-Age Classrooms
recEXatmRcL1SyLoA,cultureAndValues,Religious Affiliation
recEXatmRcL1SyLoA,cultureAndValues,Community Service Focus
recEXatmRcL1SyLoA,cultureAndValues,Character Education
recEXatmRcL1SyLoA,extracurricularOfferings,"Arts Programs (Visual, Music, Drama, Dance)"
recEXatmRcL1SyLoA,extracurricularOfferings,Sports Programs
recEXatmRcL1SyLoA,extracurricularOfferings,Clubs & Activities
recEXatmRcL1SyLoA,extracurricularOfferings,Robotics/Coding
recEXatmRcL1SyLoA,extracurricularOfferings,Field Trips & Travel Opportunities
recEXatmRcL1SyLoA,amenities,Meal Programs
recEXatmRcL1SyLoA,amenities,Technology Access
recEXatmRcL1SyLoA,amenities,"Great Facilities (gym, auditorium, etc.)"
recEXatmRcL1SyLoA,amenities,Small Class Sizes
recEXatmRcL1SyLoA,amenities,Uniforms/Dress Code
recEXatmRcL1SyLoA,amenities,Security Features
recEXjbUbm0TwUU0P,academicFocusAreas,Project-Based Learning
recEXjbUbm0TwUU0P,supportResources,Speech Therapy
recEXjbUbm0TwUU0P,cultureAndValues,Military/Leadership Structure
recEXjbUbm0TwUU0P,extracurricularOfferings,After School Programs
recEXjbUbm0TwUU0P,amenities,Meal Programs
recEmXUBef32DQBDp,academicFocusAreas,Project-Based Learning
recEmXUBef32DQBDp,academicFocusAreas,Gifted & Talented
recEmXUBef32DQBDp,academicFocusAreas,STEM/STEAM
recEmXUBef32DQBDp,supportResources,Reading Specialists
recEmXUBef32DQBDp,supportResources,Math Specialists
recEmXUBef32DQBDp,supportResources,ESL/ELL Support
recEmXUBef32DQBDp,supportResources,Special Education Services
recEmXUBef32DQBDp,supportResources,After-School Academic Help
recEmXUBef32DQBDp,cultureAndValues,Religious Affiliation
recEmXUBef32DQBDp,cultureAndValues,Community Service Focus
recEmXUBef32DQBDp,cultureAndValues,Character Education
recEmXUBef32DQBDp,cultureAndValues,Social-Emotional Learning
recEmXUBef32DQBDp,extracurricularOfferings,Sports Programs
recEmXUBef32DQBDp,extracurricularOfferings,"Arts Programs (Visual, Music, Drama, Dance)"
recEmXUBef32DQBDp,extracurricularOfferings,Clubs & Activities
recEmXUBef32DQBDp,extracurricularOfferings,Field Trips & Travel Opportunities
recEmXUBef32DQBDp,extracurricularOfferings,After School Programs
recEmXUBef32DQBDp,amenities,Meal Programs
recEmXUBef32DQBDp,amenities,Extended School Day/Year
recEmXUBef32DQBDp,amenities,Uniforms/Dress Code
recEmXUBef32DQBDp,amenities,Security Features
recEmXUBef32DQBDp,amenities,Small Class Sizes
recEukpDDEjxsF7SI,academicFocusAreas,Montessori
recEukpDDEjxsF7SI,academicFocusAreas,STEM/STEAM
recEukpDDEjxsF7SI,academicFocusAreas,Project-Based Learning
recEukpDDEjxsF7SI,academicFocusAreas,Classical Education
recEukpDDEjxsF7SI,supportResources,Summer School Programs
recEukpDDEjxsF7SI,cultureAndValues,Environmental/Outdoor Focus
recEukpDDEjxsF7SI,amenities,Meal Programs
recEukpDDEjxsF7SI,amenities,Small Class Sizes
recEukpDDEjxsF7SI,amenities,Multi-Age Classrooms
recEukpDDEjxsF7SI,amenities,Extended School Day/Year
recEukpDDEjxsF7SI,amenities,Technology Access
recF3P61i0iFyfMMn,supportResources,Reading Specialists
recF3P61i0iFyfMMn,supportResources,Counseling Services
recF3P61i0iFyfMMn,cultureAndValues,Religious Affiliation
recF3P61i0iFyfMMn,cultureAndValues,Character Education
recF3P61i0iFyfMMn,extracurricularOfferings,Sports Programs
recF3P61i0iFyfMMn,extracurricularOfferings,"Arts Programs (Visual, Music, Drama, Dance)"
recF3P61i0iFyfMMn,extracurricularOfferings,Field Trips & Travel Opportunities
recF3P61i0iFyfMMn,extracurricularOfferings,Before School Programs
recF3P61i0iFyfMMn,extracurricularOfferings,After School Programs
recF3P61i0iFyfMMn,amenities,Technology Access
recF3P61i0iFyfMMn,amenities,"Great Facilities (gym, auditorium, etc.)"
recF3P61i0iFyfMMn,amenities,Small Class Sizes
recF3P61i0iFyfMMn,amenities,Uniforms/Dress Code
recF3P61i0iFyfMMn,amenities,Security Features
recF3bhl9wfU9hb13,academicFocusAreas,STEM/STEAM
recF3bhl9wfU9hb13,academicFocusAreas,Project-Based Learning
recF3bhl9wfU9hb13,supportResources,One-on-One Tutoring
recF3bhl9wfU9hb13,supportResources,After-School Academic Help
recF3bhl9wfU9hb13,supportResources,Summer School Programs
recF3bhl9wfU9hb13,cultureAndValues,Social-Emotional Learning
recF3bhl9wfU9hb13,cultureAndValues,Character Education
recF3bhl9wfU9hb13,extracurricularOfferings,Sports Programs
recF3bhl9wfU9hb13,extracurricularOfferings,"Arts Programs (Visual, Music, Drama, Dance)"
recF3bhl9wfU9hb13,extracurricularOfferings,Field Trips & Travel Opportunities
recF3bhl9wfU9hb13,extracurricularOfferings,After School Programs
recF3bhl9wfU9hb13,amenities,Extended School Day/Year
recF3bhl9wfU9hb13,amenities,Security Features
recF3bhl9wfU9hb13,amenities,Transportation Services
recF3bhl9wfU9hb13,amenities,Meal Programs
recF6uqAUAozEZKd5,academicFocusAreas,STEM/STEAM
recF6uqAUAozEZKd5,academicFocusAreas,Project-Based Learning
recF6uqAUAozEZKd5,academicFocusAreas,Montessori
recF6uqAUAozEZKd5,academicFocusAreas,Language Immersion
recF6uqAUAozEZKd5,academicFocusAreas,Gifted & Talented
recF6uqAUAozEZKd5,academicFocusAreas,College Prep
recF6uqAUAozEZKd5,cultureAndValues,Character Education
recF6uqAUAozEZKd5,cultureAndValues,Environmental/Outdoor Focus
recF6uqAUAozEZKd5,cultureAndValues,Democratic/Student-Led Governance
recF6uqAUAozEZKd5,cultureAndValues,Social-Emotional Learning
recF6uqAUAozEZKd5,cultureAndValues,Community Service Focus
recF6uqAUAozEZKd5,extracurricularOfferings,Sports Programs
recF6uqAUAozEZKd5,extracurricularOfferings,After School Programs
recF6uqAUAozEZKd5,amenities,Technology Access
recF6uqAUAozEZKd5,amenities,Small Class Sizes
recF6uqAUAozEZKd5,amenities,Extended School Day/Year
recF6uqAUAozEZKd5,amenities,Multi-Age Classrooms
recF8IhvtQ3VePMNl,supportResources,Reading Specialists
recF8IhvtQ3VePMNl,supportResources,One-on-One Tutoring
recF8IhvtQ3VePMNl,extracurricularOfferings,"Arts Programs (Visual, Music, Drama, Dance)"
recF8IhvtQ3VePMNl,extracurricularOfferings,After School Programs
recF8IhvtQ3VePMNl,extracurricularOfferings,Field Trips & Travel Opportunities
recF8IhvtQ3VePMNl,extracurricularOfferings,Clubs & Activities
recF8IhvtQ3VePMNl,extracurricularOfferings,Robotics/Coding
recF8IhvtQ3VePMNl,extracurricularOfferings,Sports Programs
recFixF7sIQYPRocX,academicFocusAreas,Project-Based Learning
recFixF7sIQYPRocX,academicFocusAreas,STEM/STEAM
recFixF7sIQYPRocX,cultureAndValues,Social-Emotional Learning
recFixF7sIQYPRocX,extracurricularOfferings,After School Programs
recFixF7sIQYPRocX,extracurricularOfferings,Sports Programs
recFixF7sIQYPRocX,amenities,Meal Programs
recFixF7sIQYPRocX,amenities,Small Class Sizes
recFixF7sIQYPRocX,amenities,Extended School Day/Year
recFmWm3PuovqtPzG,academicFocusAreas,STEM/STEAM
recFmWm3PuovqtPzG,academicFocusAreas,College Prep
recFmWm3PuovqtPzG,academicFocusAreas,Advanced Placement (AP)
recFmWm3PuovqtPzG,supportResources,One-on-One Tutoring
recFmWm3PuovqtPzG,supportResources,Counseling Services
recFmWm3PuovqtPzG,supportResources,After-School Academic Help
recFmWm3PuovqtPzG,cultureAndValues,Religious Affiliation
recFmWm3PuovqtPzG,extracurricularOfferings,Sports Programs
recFmWm3PuovqtPzG,extracurricularOfferings,"Arts Programs (Visual, Music, Drama, Dance)"
recFmWm3PuovqtPzG,extracurricularOfferings,Clubs & Activities
recFmWm3PuovqtPzG,extracurricularOfferings,Robotics/Coding
recFmWm3PuovqtPzG,extracurricularOfferings,Debate/Speech
recFmWm3PuovqtPzG,extracurricularOfferings,Student Publications
recFmWm3PuovqtPzG,extracurricularOfferings,Field Trips & Travel Opportunities
recFmWm3PuovqtPzG,amenities,Meal Programs
recFmWm3PuovqtPzG,amenities,Technology Access
recFmWm3PuovqtPzG,amenities,"Great Facilities (gym, auditorium, etc.)"
recFmWm3PuovqtPzG,amenities,Small Class Sizes
recFmWm3PuovqtPzG,amenities,Security Features
recFsdrsVHZX0KRih,academicFocusAreas,Project-Based Learning
recFsdrsVHZX0KRih,academicFocusAreas,Montessori
recFsdrsVHZX0KRih,cultureAndValues,Character Education
recFsdrsVHZX0KRih,cultureAndValues,Social-Emotional Learning
recFsdrsVHZX0KRih,extracurricularOfferings,Robotics/Coding
recFsdrsVHZX0KRih,extracurricularOfferings,Field Trips & Travel Opportunities
recFvTHtGC71nH7Fu,academicFocusAreas,STEM/STEAM
recFvTHtGC71nH7Fu,academicFocusAreas,Project-Based Learning
recFvTHtGC71nH7Fu,supportResources,After-School Academic Help
recFvTHtGC71nH7Fu,supportResources,Summer School Programs
recFvTHtGC71nH7Fu,cultureAndValues,Character Education
recFvTHtGC71nH7Fu,cultureAndValues,Environmental/Outdoor Focus
recFvTHtGC71nH7Fu,cultureAndValues,Social-Emotional Learning
recFvTHtGC71nH7Fu,extracurricularOfferings,Sports Programs
recFvTHtGC71nH7Fu,extracurricularOfferings,"Arts Programs (Visual, Music, Drama, Dance)"
recFvTHtGC71nH7Fu,extracurricularOfferings,Before School Programs
recFvTHtGC71nH7Fu,extracurricularOfferings,Field Trips & Travel Opportunities
recFvTHtGC71nH7Fu,extracurricularOfferings,After School Programs
recFvTHtGC71nH7Fu,amenities,Transportation Services
recFvTHtGC71nH7Fu,amenities,Meal Programs
recFvTHtGC71nH7Fu,amenities,Technology Access
recFvTHtGC71nH7Fu,amenities,"Great Facilities (gym, auditorium, etc.)"
recFvTHtGC71nH7Fu,amenities,Small Class Sizes
recFvTHtGC71nH7Fu,amenities,Multi-Age Classrooms
recFvTHtGC71nH7Fu,amenities,Extended School Day/Year
recFvTHtGC71nH7Fu,amenities,Security Features
recFx3t2ixksvUt51,supportResources,One-on-One Tutoring
recFx3t2ixksvUt51,supportResources,Reading Specialists
recFx3t2ixksvUt51,supportResources,After-School Academic Help
recFx3t2ixksvUt51,supportResources,Counseling Services
recFx3t2ixksvUt51,supportResources,Math Specialists
recFx3t2ixksvUt51,cultureAndValues,Religious Affiliation
recFx3t2ixksvUt51,cultureAndValues,Community Service Focus
recFx3t2ixksvUt51,cultureAndValues,Character Education
recFx3t2ixksvUt51,extracurricularOfferings,Sports Programs
recFx3t2ixksvUt51,extracurricularOfferings,"Arts Programs (Visual, Music, Drama, Dance)"
recFx3t2ixksvUt51,extracurricularOfferings,Clubs & Activities
recFx3t2ixksvUt51,extracurricularOfferings,After School Programs
recFx3t2ixksvUt51,extracurricularOfferings,Robotics/Coding
recFx3t2ixksvUt51,extracurricularOfferings,Field Trips & Travel Opportunities
recFx3t2ixksvUt51,amenities,Meal Programs
recFx3t2ixksvUt51,amenities,Technology Access
recFx3t2ixksvUt51,amenities,Uniforms/Dress Code
recFx3t2ixksvUt51,amenities,Small Class Sizes
recFx3t2ixksvUt51,amenities,Security Features
recG0c7a6nNqT9VGW,academicFocusAreas,Classical Education
recG0c7a6nNqT9VGW,supportResources,One-on-One Tutoring
recG0c7a6nNqT9VGW,supportResources,Reading Specialists
recG0c7a6nNqT9VGW,supportResources,Math Specialists
recG0c7a6nNqT9VGW,cultureAndValues,Religious Affiliation
recG0c7a6nNqT9VGW,extracurricularOfferings,Sports Programs
recG0c7a6nNqT9VGW,extracurricularOfferings,"Arts Programs (Visual, Music, Drama, Dance)"
recG0c7a6nNqT9VGW,extracurricularOfferings,Field Trips & Travel Opportunities
recG0c7a6nNqT9VGW,extracurricularOfferings,Before School Programs
recG0c7a6nNqT9VGW,extracurricularOfferings,After School Programs
recG0c7a6nNqT9VGW,amenities,Meal Programs
recG0c7a6nNqT9VGW,amenities,Technology Access
recG0c7a6nNqT9VGW,amenities,Small Class Sizes
recG0c7a6nNqT9VGW,amenities,Multi-Age Classrooms
recG0c7a6nNqT9VGW,amenities,Uniforms/Dress Code
recG0c7a6nNqT9VGW,amenities,Security Features
recG1PfSrxuZLQnSe,academicFocusAreas,STEM/STEAM
recG1PfSrxuZLQnSe,academicFocusAreas,Advanced Placement (AP)
recG1PfSrxuZLQnSe,academicFocusAreas,College Prep
recG1PfSrxuZLQnSe,supportResources,Summer School Programs
recG1PfSrxuZLQnSe,supportResources,After-School Academic Help
recG1PfSrxuZLQnSe,cultureAndValues,Religious Affiliation
recG1PfSrxuZLQnSe,cultureAndValues,Community Service Focus
recG1PfSrxuZLQnSe,cultureAndValues,Social-Emotional Learning
recG1PfSrxuZLQnSe,cultureAndValues,Character Education
recG1PfSrxuZLQnSe,extracurricularOfferings,Sports Programs
recG1PfSrxuZLQnSe,extracurricularOfferings,"Arts Programs (Visual, Music, Drama, Dance)"
recG1PfSrxuZLQnSe,extracurricularOfferings,Clubs & Activities
recG1PfSrxuZLQnSe,extracurricularOfferings,Robotics/Coding
recG1PfSrxuZLQnSe,extracurricularOfferings,Field Trips & Travel Opportunities
recG1PfSrxuZLQnSe,amenities,Technology Access
recG1PfSrxuZLQnSe,amenities,"Great Facilities (gym, auditorium, etc.)"
recG1PfSrxuZLQnSe,amenities,Small Class Sizes
recG1PfSrxuZLQnSe,amenities,Uniforms/Dress Code
recG1PfSrxuZLQnSe,amenities,Security Features
recGMPsVWKHhhJp19,academicFocusAreas,STEM/STEAM
recGMPsVWKHhhJp19,academicFocusAreas,Gifted & Talented
recGMPsVWKHhhJp19,cultureAndValues,Religious Affiliation
recGMPsVWKHhhJp19,cultureAndValues,Character Education
recGMPsVWKHhhJp19,extracurricularOfferings,Sports Programs
recGMPsVWKHhhJp19,extracurricularOfferings,"Arts Programs (Visual, Music, Drama, Dance)"
recGMPsVWKHhhJp19,extracurricularOfferings,Clubs & Activities
recGMPsVWKHhhJp19,extracurricularOfferings,Robotics/Coding
recGMPsVWKHhhJp19,extracurricularOfferings,Student Publications
recGMPsVWKHhhJp19,extracurricularOfferings,Field Trips & Travel Opportunities
recGMPsVWKHhhJp19,extracurricularOfferings,After School Programs
recGMPsVWKHhhJp19,amenities,"Great Facilities (gym, auditorium, etc.)"
recGMPsVWKHhhJp19,amenities,Small Class Sizes
recGMPsVWKHhhJp19,amenities,Uniforms/Dress Code
recGMPsVWKHhhJp19,amenities,Extended School Day/Year
recGMPsVWKHhhJp19,amenities,Technology Access
recGMPsVWKHhhJp19,amenities,Security Features
recGkNldpI1ug0ZmA,academicFocusAreas,Vocational/Career Tech
recGkNldpI1ug0ZmA,supportResources,One-on-One Tutoring
recGkNldpI1ug0ZmA,supportResources,Counseling Services
recGkNldpI1ug0ZmA,supportResources,After-School Academic Help
recGkNldpI1ug0ZmA,cultureAndValues,Religious Affiliation
recGkNldpI1ug0ZmA,extracurricularOfferings,Sports Programs
recGkNldpI1ug0ZmA,extracurricularOfferings,Clubs & Activities
recGkNldpI1ug0ZmA,extracurricularOfferings,Robotics/Coding
recGkNldpI1ug0ZmA,extracurricularOfferings,Debate/Speech
recGkNldpI1ug0ZmA,amenities,Transportation Services
recGkNldpI1ug0ZmA,amenities,Technology Access
recGkNldpI1ug0ZmA,amenities,"Great Facilities (gym, auditorium, etc.)"
recGkNldpI1ug0ZmA,amenities,Small Class Sizes
recGkNldpI1ug0ZmA,amenities,Uniforms/Dress Code
recGkNldpI1ug0ZmA,amenities,Security Features
recGq6NZGPxjppzCd,academicFocusAreas,Classical Education
recGq6NZGPxjppzCd,academicFocusAreas,Language Immersion
recGq6NZGPxjppzCd,academicFocusAreas,STEM/STEAM
recGq6NZGPxjppzCd,cultureAndValues,Social-Emotional Learning
recGq6NZGPxjppzCd,cultureAndValues,Democratic/Student-Led Governance
recGq6NZGPxjppzCd,cultureAndValues,Community Service Focus
recGq6NZGPxjppzCd,cultureAndValues,Religious Affiliation
recGq6NZGPxjppzCd,extracurricularOfferings,"Arts Programs (Visual, Music, Drama, Dance)"
recGq6NZGPxjppzCd,extracurricularOfferings,Clubs & Activities
recGq6NZGPxjppzCd,extracurricularOfferings,Robotics/Coding
recGq6NZGPxjppzCd,extracurricularOfferings,Student Publications
recGq6NZGPxjppzCd,extracurricularOfferings,Field Trips & Travel Opportunities
recGq6NZGPxjppzCd,extracurricularOfferings,After School Programs
recGq6NZGPxjppzCd,extracurricularOfferings,Sports Programs
recGq6NZGPxjppzCd,amenities,"Great Facilities (gym, auditorium, etc.)"
recGq6NZGPxjppzCd,amenities,Small Class Sizes
recGq6NZGPxjppzCd,amenities,Extended School Day/Year
recGq6NZGPxjppzCd,amenities,Uniforms/Dress Code
recGq6NZGPxjppzCd,amenities,Security Features
recGq6NZGPxjppzCd,amenities,Technology Access
recGqol3kqWoDz6hs,academicFocusAreas,Project-Based Learning
recGqol3kqWoDz6hs,academicFocusAreas,STEM/STEAM
recGqol3kqWoDz6hs,academicFocusAreas,Montessori
recGqol3kqWoDz6hs,academicFocusAreas,Gifted & Talented
recGqol3kqWoDz6hs,supportResources,Summer School Programs
recGqol3kqWoDz6hs,supportResources,After-School Academic Help
recGqol3kqWoDz6hs,cultureAndValues,Religious Affiliation
recGqol3kqWoDz6hs,cultureAndValues,Character Education
recGqol3kqWoDz6hs,cultureAndValues,Social-Emotional Learning
recGqol3kqWoDz6hs,cultureAndValues,Democratic/Student-Led Governance
recGqol3kqWoDz6hs,extracurricularOfferings,Clubs & Activities
recGqol3kqWoDz6hs,extracurricularOfferings,Robotics/Coding
recGqol3kqWoDz6hs,extracurricularOfferings,After School Programs
recGqol3kqWoDz6hs,extracurricularOfferings,Field Trips & Travel Opportunities
recGqol3kqWoDz6hs,extracurricularOfferings,Student Publications
recGqol3kqWoDz6hs,extracurricularOfferings,Debate/Speech
recGqol3kqWoDz6hs,extracurricularOfferings,"Arts Programs (Visual, Music, Drama, Dance)"
recGqol3kqWoDz6hs,amenities,Technology Access
recGqol3kqWoDz6hs,amenities,"Great Facilities (gym, auditorium, etc.)"
recGqol3kqWoDz6hs,amenities,Small Class Sizes
recGqol3kqWoDz6hs,amenities,Multi-Age Classrooms
recGqol3kqWoDz6hs,amenities,Extended School Day/Year
recGsqKqBwxJSnFDp,cultureAndValues,Religious Affiliation
recGsqKqBwxJSnFDp,cultureAndValues,Character Education
recGsqKqBwxJSnFDp,cultureAndValues,Community Service Focus
recGsqKqBwxJSnFDp,extracurricularOfferings,"Arts Programs (Visual, Music, Drama, Dance)"
recGsqKqBwxJSnFDp,extracurricularOfferings,Clubs & Activities
recGsqKqBwxJSnFDp,extracurricularOfferings,Field Trips & Travel Opportunities
recGsqKqBwxJSnFDp,extracurricularOfferings,Before School Programs
recGsqKqBwxJSnFDp,extracurricularOfferings,After School Programs
recGsqKqBwxJSnFDp,amenities,Small Class Sizes
recGsqKqBwxJSnFDp,amenities,Meal Programs
recGsqKqBwxJSnFDp,amenities,Uniforms/Dress Code
recGsqKqBwxJSnFDp,amenities,Security Features
recGy6NKs4nR7rH7w,academicFocusAreas,College Prep
recGy6NKs4nR7rH7w,supportResources,Reading Specialists
recGy6NKs4nR7rH7w,supportResources,After-School Academic Help
recGy6NKs4nR7rH7w,supportResources,Summer School Programs
recGy6NKs4nR7rH7w,cultureAndValues,Religious Affiliation
recGy6NKs4nR7rH7w,cultureAndValues,Character Education
recGy6NKs4nR7rH7w,cultureAndValues,Community Service Focus
recGy6NKs4nR7rH7w,cultureAndValues,Democratic/Student-Led Governance
recGy6NKs4nR7rH7w,extracurricularOfferings,Clubs & Activities
recGy6NKs4nR7rH7w,extracurricularOfferings,Field Trips & Travel Opportunities
recGy6NKs4nR7rH7w,extracurricularOfferings,Sports Programs
recGy6NKs4nR7rH7w,extracurricularOfferings,"Arts Programs (Visual, Music, Drama, Dance)"
recGy6NKs4nR7rH7w,extracurricularOfferings,After School Programs
recGy6NKs4nR7rH7w,amenities,"Great Facilities (gym, auditorium, etc.)"
recGy6NKs4nR7rH7w,amenities,Small Class Sizes
recGy6NKs4nR7rH7w,amenities,Uniforms/Dress Code
recGy6NKs4nR7rH7w,amenities,Security Features
recGy6NKs4nR7rH7w,amenities,Meal Programs
recGy6NKs4nR7rH7w,amenities,Extended School Day/Year
recH2BH6zMBpnvlJM,cultureAndValues,Environmental/Outdoor Focus
recH2BH6zMBpnvlJM,cultureAndValues,Social-Emotional Learning
recH2BH6zMBpnvlJM,amenities,Multi-Age Classrooms
recH2BH6zMBpnvlJM,amenities,Small Class Sizes
recH2BH6zMBpnvlJM,amenities,Extended School Day/Year
recH2Co3wM9tiVnog,academicFocusAreas,Project-Based Learning
recH2Co3wM9tiVnog,academicFocusAreas,College Prep
recH2Co3wM9tiVnog,cultureAndValues,Religious Affiliation
recH2Co3wM9tiVnog,cultureAndValues,Community Service Focus
recH2Co3wM9tiVnog,cultureAndValues,Character Education
recH2Co3wM9tiVnog,extracurricularOfferings,Student Publications
recH2Co3wM9tiVnog,extracurricularOfferings,Before School Programs
recH2Co3wM9tiVnog,extracurricularOfferings,Field Trips & Travel Opportunities
recH2Co3wM9tiVnog,extracurricularOfferings,"Arts Programs (Visual, Music, Drama, Dance)"
recH2Co3wM9tiVnog,extracurricularOfferings,Clubs & Activities
recH2Co3wM9tiVnog,extracurricularOfferings,Sports Programs
recH2Co3wM9tiVnog,extracurricularOfferings,After School Programs
recH2Co3wM9tiVnog,amenities,Small Class Sizes
recH2Co3wM9tiVnog,amenities,Technology Access
recH2Co3wM9tiVnog,amenities,Multi-Age Classrooms
recH2Co3wM9tiVnog,amenities,Uniforms/Dress Code
recH2Co3wM9tiVnog,amenities,Security Features
recH2Co3wM9tiVnog,amenities,Extended School Day/Year
recHGlFU7s75K27qn,academicFocusAreas,STEM/STEAM
recHGlFU7s75K27qn,cultureAndValues,Character Education
recHGlFU7s75K27qn,cultureAndValues,Social-Emotional Learning
recHGlFU7s75K27qn,amenities,Transportation Services
recHGlFU7s75K27qn,amenities,"Great Facilities (gym, auditorium, etc.)"
recHGlFU7s75K27qn,amenities,Extended School Day/Year
recHGlFU7s75K27qn,amenities,Security Features
recHGlFU7s75K27qn,amenities,Technology Access
recHGlFU7s75K27qn,amenities,Meal Programs
recHK5wI4TzD9YI3f,academicFocusAreas,Montessori
recHK5wI4TzD9YI3f,academicFocusAreas,STEM/STEAM
recHK5wI4TzD9YI3f,academicFocusAreas,Classical Education
recHK5wI4TzD9YI3f,academicFocusAreas,Language Immersion
recHK5wI4TzD9YI3f,supportResources,Summer School Programs
recHK5wI4TzD9YI3f,cultureAndValues,Character Education
recHK5wI4TzD9YI3f,cultureAndValues,Social-Emotional Learning
recHK5wI4TzD9YI3f,cultureAndValues,Environmental/Outdoor Focus
recHK5wI4TzD9YI3f,extracurricularOfferings,Sports Programs
recHK5wI4TzD9YI3f,extracurricularOfferings,Field Trips & Travel Opportunities
recHK5wI4TzD9YI3f,extracurricularOfferings,Before School Programs
recHK5wI4TzD9YI3f,extracurricularOfferings,After School Programs
recHK5wI4TzD9YI3f,amenities,Transportation Services
recHK5wI4TzD9YI3f,amenities,Meal Programs
recHK5wI4TzD9YI3f,amenities,Technology Access
recHK5wI4TzD9YI3f,amenities,Small Class Sizes
recHK5wI4TzD9YI3f,amenities,Extended School Day/Year
recHK5wI4TzD9YI3f,amenities,Uniforms/Dress Code
recHK5wI4TzD9YI3f,amenities,Security Features
recHRkjoDryB8RDBU,cultureAndValues,Environmental/Outdoor Focus
recHRkjoDryB8RDBU,cultureAndValues,Character Education
recHRkjoDryB8RDBU,cultureAndValues,Community Service Focus
recHRkjoDryB8RDBU,cultureAndValues,Social-Emotional Learning
recHRkjoDryB8RDBU,extracurricularOfferings,"Arts Programs (Visual, Music, Drama, Dance)"
recHRkjoDryB8RDBU,extracurricularOfferings,Field Trips & Travel Opportunities
recHRkjoDryB8RDBU,extracurricularOfferings,Before School Programs
recHRkjoDryB8RDBU,extracurricularOfferings,After School Programs
recHRkjoDryB8RDBU,amenities,Multi-Age Classrooms
recHRkjoDryB8RDBU,amenities,Security Features
recHSD87N0CQ4LQUz,supportResources,One-on-One Tutoring
recHSD87N0CQ4LQUz,cultureAndValues,Religious Affiliation
recHSD87N0CQ4LQUz,cultureAndValues,Character Education
recHSD87N0CQ4LQUz,amenities,"Great Facilities (gym, auditorium, etc.)"
recHSD87N0CQ4LQUz,amenities,Small Class Sizes
recHSD87N0CQ4LQUz,amenities,Uniforms/Dress Code
recHSD87N0CQ4LQUz,amenities,Security Features
recHWQppxMGKgU4Iw,academicFocusAreas,STEM/STEAM
recHWQppxMGKgU4Iw,academicFocusAreas,Project-Based Learning
recHWQppxMGKgU4Iw,academicFocusAreas,Montessori
recHWQppxMGKgU4Iw,cultureAndValues,Democratic/Student-Led Governance
recHWQppxMGKgU4Iw,cultureAndValues,Social-Emotional Learning
recHWQppxMGKgU4Iw,cultureAndValues,Character Education
recHWQppxMGKgU4Iw,extracurricularOfferings,Field Trips & Travel Opportunities
recHWQppxMGKgU4Iw,amenities,Technology Access
recHWQppxMGKgU4Iw,amenities,Small Class Sizes
recHWQppxMGKgU4Iw,amenities,Multi-Age Classrooms
recHWQppxMGKgU4Iw,amenities,Security Features
recHtB8vk4uMDUbWA,academicFocusAreas,College Prep
recHtB8vk4uMDUbWA,supportResources,After-School Academic Help
recHtB8vk4uMDUbWA,cultureAndValues,Religious Affiliation
recHtB8vk4uMDUbWA,cultureAndValues,Character Education
recHtB8vk4uMDUbWA,cultureAndValues,Community Service Focus
recHtB8vk4uMDUbWA,extracurricularOfferings,"Arts Programs (Visual, Music, Drama, Dance)"
recHtB8vk4uMDUbWA,extracurricularOfferings,Sports Programs
recHtB8vk4uMDUbWA,extracurricularOfferings,Field Trips & Travel Opportunities
recHtB8vk4uMDUbWA,extracurricularOfferings,Before School Programs
recHtB8vk4uMDUbWA,extracurricularOfferings,After School Programs
recHtB8vk4uMDUbWA,amenities,Small Class Sizes
recHtB8vk4uMDUbWA,amenities,"Great Facilities (gym, auditorium, etc.)"
recHtB8vk4uMDUbWA,amenities,Technology Access
recHtB8vk4uMDUbWA,amenities,Uniforms/Dress Code
recHtB8vk4uMDUbWA,amenities,Extended School Day/Year
recHwdTxancHGDSuR,academicFocusAreas,STEM/STEAM
recHwdTxancHGDSuR,academicFocusAreas,Project-Based Learning
recHwdTxancHGDSuR,academicFocusAreas,Montessori
recHwdTxancHGDSuR,supportResources,Summer School Programs
recHwdTxancHGDSuR,cultureAndValues,Character Education
recHwdTxancHGDSuR,cultureAndValues,Democratic/Student-Led Governance
recHwdTxancHGDSuR,cultureAndValues,Social-Emotional Learning
recHwdTxancHGDSuR,extracurricularOfferings,"Arts Programs (Visual, Music, Drama, Dance)"
recHwdTxancHGDSuR,extracurricularOfferings,Clubs & Activities
recHwdTxancHGDSuR,extracurricularOfferings,Robotics/Coding
recHwdTxancHGDSuR,extracurricularOfferings,Field Trips & Travel Opportunities
recHwdTxancHGDSuR,amenities,Multi-Age Classrooms
recHwdTxancHGDSuR,amenities,Extended School Day/Year
recHwdTxancHGDSuR,amenities,Small Class Sizes
recIAah9mcI1Z2A6x,academicFocusAreas,STEM/STEAM
recIAah9mcI1Z2A6x,academicFocusAreas,Project-Based Learning
recIAah9mcI1Z2A6x,academicFocusAreas,Advanced Placement (AP)
recIAah9mcI1Z2A6x,academicFocusAreas,College Prep
recIAah9mcI1Z2A6x,supportResources,One-on-One Tutoring
recIAah9mcI1Z2A6x,supportResources,Math Specialists
recIAah9mcI1Z2A6x,supportResources,Counseling Services
recIAah9mcI1Z2A6x,supportResources,After-School Academic Help
recIAah9mcI1Z2A6x,cultureAndValues,Religious Affiliation
recIAah9mcI1Z2A6x,cultureAndValues,Character Education
recIAah9mcI1Z2A6x,cultureAndValues,Social-Emotional Learning
recIAah9mcI1Z2A6x,cultureAndValues,Democratic/Student-Led Governance
recIAah9mcI1Z2A6x,cultureAndValues,Community Service Focus
recIAah9mcI1Z2A6x,cultureAndValues,Military/Leadership Structure
recIAah9mcI1Z2A6x,extracurricularOfferings,Sports Programs
recIAah9mcI1Z2A6x,extracurricularOfferings,"Arts Programs (Visual, Music, Drama, Dance)"
recIAah9mcI1Z2A6x,extracurricularOfferings,Clubs & Activities
recIAah9mcI1Z2A6x,extracurricularOfferings,Robotics/Coding
recIAah9mcI1Z2A6x,extracurricularOfferings,Debate/Speech
recIAah9mcI1Z2A6x,extracurricularOfferings,Student Publications
recIAah9mcI1Z2A6x,extracurricularOfferings,Field Trips & Travel Opportunities
recIAah9mcI1Z2A6x,amenities,Meal Programs
recIAah9mcI1Z2A6x,amenities,Technology Access
recIAah9mcI1Z2A6x,amenities,"Great Facilities (gym, auditorium, etc.)"
recIAah9mcI1Z2A6x,amenities,Small Class Sizes
recIAah9mcI1Z2A6x,amenities,Multi-Age Classrooms
recIAah9mcI1Z2A6x,amenities,Uniforms/Dress Code
recIAah9mcI1Z2A6x,amenities,Security Features
recIKaZ8YlMvYufV5,academicFocusAreas,STEM/STEAM
recIKaZ8YlMvYufV5,academicFocusAreas,Classical Education
recIKaZ8YlMvYufV5,academicFocusAreas,Gifted & Talented
recIKaZ8YlMvYufV5,academicFocusAreas,Project-Based Learning
recIKaZ8YlMvYufV5,academicFocusAreas,Montessori
recIKaZ8YlMvYufV5,supportResources,Summer School Programs
recIKaZ8YlMvYufV5,supportResources,After-School Academic Help
recIKaZ8YlMvYufV5,supportResources,ESL/ELL Support
recIKaZ8YlMvYufV5,supportResources,Special Education Services
recIKaZ8YlMvYufV5,cultureAndValues,Character Education
recIKaZ8YlMvYufV5,cultureAndValues,Environmental/Outdoor Focus
recIKaZ8YlMvYufV5,cultureAndValues,Social-Emotional Learning
recIKaZ8YlMvYufV5,cultureAndValues,Community Service Focus
recIKaZ8YlMvYufV5,extracurricularOfferings,Sports Programs
recIKaZ8YlMvYufV5,extracurricularOfferings,"Arts Programs (Visual, Music, Drama, Dance)"
recIKaZ8YlMvYufV5,extracurricularOfferings,Clubs & Activities
recIKaZ8YlMvYufV5,extracurricularOfferings,Robotics/Coding
recIKaZ8YlMvYufV5,extracurricularOfferings,Field Trips & Travel Opportunities
recIKaZ8YlMvYufV5,extracurricularOfferings,Before School Programs
recIKaZ8YlMvYufV5,extracurricularOfferings,After School Programs
recIKaZ8YlMvYufV5,amenities,Extended School Day/Year
recIKaZ8YlMvYufV5,amenities,Security Features
recIKaZ8YlMvYufV5,amenities,Meal Programs
recIKaZ8YlMvYufV5,amenities,Small Class Sizes
recIKaZ8YlMvYufV5,amenities,Multi-Age Classrooms
recIKaZ8YlMvYufV5,amenities,Transportation Services
recIKaZ8YlMvYufV5,amenities,Technology Access
recIKaZ8YlMvYufV5,amenities,"Great Facilities (gym, auditorium, etc.)"
recIKaZ8YlMvYufV5,amenities,Uniforms/Dress Code
recIMgmALUr4orHgc,academicFocusAreas,Montessori
recIMgmALUr4orHgc,cultureAndValues,Social-Emotional Learning
recIMgmALUr4orHgc,cultureAndValues,Community Service Focus
recIMgmALUr4orHgc,cultureAndValues,Character Education
recIMgmALUr4orHgc,cultureAndValues,Democratic/Student-Led Governance
recIMgmALUr4orHgc,extracurricularOfferings,Robotics/Coding
recIMgmALUr4orHgc,extracurricularOfferings,"Arts Programs (Visual, Music, Drama, Dance)"
recIMgmALUr4orHgc,extracurricularOfferings,Field Trips & Travel Opportunities
recIMgmALUr4orHgc,extracurricularOfferings,Before School Programs
recIMgmALUr4orHgc,extracurricularOfferings,After School Programs
recIMgmALUr4orHgc,extracurricularOfferings,Sports Programs
recIMgmALUr4orHgc,amenities,Meal Programs
recIMgmALUr4orHgc,amenities,"Great Facilities (gym, auditorium, etc.)"
recIMgmALUr4orHgc,amenities,Small Class Sizes
recIMgmALUr4orHgc,amenities,Multi-Age Classrooms
recIMgmALUr4orHgc,amenities,Security Features
recIMgmALUr4orHgc,amenities,Extended School Day/Year
recINF76aZw1I77I2,cultureAndValues,Religious Affiliation
recINF76aZw1I77I2,amenities,Small Class Sizes
recINF76aZw1I77I2,amenities,Multi-Age Classrooms
recINF76aZw1I77I2,amenities,Uniforms/Dress Code
recIjfIDDhnMuxOqT,academicFocusAreas,College Prep
recIjfIDDhnMuxOqT,academicFocusAreas,STEM/STEAM
recIjfIDDhnMuxOqT,academicFocusAreas,Project-Based Learning
recIjfIDDhnMuxOqT,cultureAndValues,Religious Affiliation
recIjfIDDhnMuxOqT,cultureAndValues,Character Education
recIjfIDDhnMuxOqT,extracurricularOfferings,"Arts Programs (Visual, Music, Drama, Dance)"
recIjfIDDhnMuxOqT,extracurricularOfferings,Clubs & Activities
recIjfIDDhnMuxOqT,extracurricularOfferings,Robotics/Coding
recIjfIDDhnMuxOqT,extracurricularOfferings,Student Publications
recIjfIDDhnMuxOqT,extracurricularOfferings,Sports Programs
recIjfIDDhnMuxOqT,extracurricularOfferings,Field Trips & Travel Opportunities
recIjfIDDhnMuxOqT,extracurricularOfferings,Before School Programs
recIjfIDDhnMuxOqT,extracurricularOfferings,After School Programs
recIjfIDDhnMuxOqT,amenities,Meal Programs
recIjfIDDhnMuxOqT,amenities,Technology Access
recIjfIDDhnMuxOqT,amenities,"Great Facilities (gym, auditorium, etc.)"
recIjfIDDhnMuxOqT,amenities,Small Class Sizes
recIjfIDDhnMuxOqT,amenities,Uniforms/Dress Code
recIjfIDDhnMuxOqT,amenities,Security Features
recIqOnBhsABDBDgy,academicFocusAreas,Montessori
recIqOnBhsABDBDgy,supportResources,Reading Specialists
recIqOnBhsABDBDgy,supportResources,Counseling Services
recIqOnBhsABDBDgy,supportResources,Summer School Programs
recIqOnBhsABDBDgy,cultureAndValues,Religious Affiliation
recIqOnBhsABDBDgy,cultureAndValues,Character Education
recIqOnBhsABDBDgy,cultureAndValues,Community Service Focus
recIqOnBhsABDBDgy,cultureAndValues,Environmental/Outdoor Focus
recIqOnBhsABDBDgy,cultureAndValues,Social-Emotional Learning
recIqOnBhsABDBDgy,extracurricularOfferings,Sports Programs
recIqOnBhsABDBDgy,extracurricularOfferings,"Arts Programs (Visual, Music, Drama, Dance)"
recIqOnBhsABDBDgy,extracurricularOfferings,Clubs & Activities
recIqOnBhsABDBDgy,extracurricularOfferings,Debate/Speech
recIqOnBhsABDBDgy,extracurricularOfferings,Student Publications
recIqOnBhsABDBDgy,extracurricularOfferings,Field Trips & Travel Opportunities
recIqOnBhsABDBDgy,extracurricularOfferings,After School Programs
recIqOnBhsABDBDgy,amenities,Small Class Sizes
recIqOnBhsABDBDgy,amenities,Extended School Day/Year
recIqOnBhsABDBDgy,amenities,Uniforms/Dress Code
recIqOnBhsABDBDgy,amenities,Security Features
recIqOnBhsABDBDgy,amenities,Multi-Age Classrooms
recIqOnBhsABDBDgy,amenities,Meal Programs
recIqOnBhsABDBDgy,amenities,Technology Access
recIqOnBhsABDBDgy,amenities,"Great Facilities (gym, auditorium, etc.)"
recIsFeQmamli2SOG,academicFocusAreas,Classical Education
recIsFeQmamli2SOG,supportResources,Reading Specialists
recIsFeQmamli2SOG,supportResources,Math Specialists
recIsFeQmamli2SOG,supportResources,Summer School Programs
recIsFeQmamli2SOG,cultureAndValues,Religious Affiliation
recIsFeQmamli2SOG,cultureAndValues,Community Service Focus
recIsFeQmamli2SOG,cultureAndValues,Social-Emotional Learning
recIsFeQmamli2SOG,cultureAndValues,Character Education
recIsFeQmamli2SOG,cultureAndValues,Environmental/Outdoor Focus
recIsFeQmamli2SOG,extracurricularOfferings,Sports Programs
recIsFeQmamli2SOG,extracurricularOfferings,Clubs & Activities
recIsFeQmamli2SOG,extracurricularOfferings,Robotics/Coding
recIsFeQmamli2SOG,extracurricularOfferings,Debate/Speech
recIsFeQmamli2SOG,extracurricularOfferings,Student Publications
recIsFeQmamli2SOG,extracurricularOfferings,"Arts Programs (Visual, Music, Drama, Dance)"
recIsFeQmamli2SOG,amenities,Small Class Sizes
recIsFeQmamli2SOG,amenities,Uniforms/Dress Code
recIsFeQmamli2SOG,amenities,Security Features
recIwxA58Ybm0zpt8,academicFocusAreas,College Prep
recIwxA58Ybm0zpt8,supportResources,After-School Academic Help
recIwxA58Ybm0zpt8,cultureAndValues,Religious Affiliation
recIwxA58Ybm0zpt8,cultureAndValues,Character Education
recIwxA58Ybm0zpt8,cultureAndValues,Social-Emotional Learning
recIwxA58Ybm0zpt8,extracurricularOfferings,Sports Programs
recIwxA58Ybm0zpt8,extracurricularOfferings,"Arts Programs (Visual, Music, Drama, Dance)"
recIwxA58Ybm0zpt8,extracurricularOfferings,Debate/Speech
recIwxA58Ybm0zpt8,extracurricularOfferings,Field Trips & Travel Opportunities
recIwxA58Ybm0zpt8,amenities,Technology Access
recIwxA58Ybm0zpt8,amenities,"Great Facilities (gym, auditorium, etc.)"
recIwxA58Ybm0zpt8,amenities,Small Class Sizes
recIwxA58Ybm0zpt8,amenities,Uniforms/Dress Code
recIwxA58Ybm0zpt8,amenities,Security Features
recIxtPAkdissEzUu,supportResources,ESL/ELL Support
recIxtPAkdissEzUu,supportResources,Occupational Therapy
recIxtPAkdissEzUu,supportResources,Summer School Programs
recIxtPAkdissEzUu,supportResources,After-School Academic Help
recIxtPAkdissEzUu,supportResources,One-on-One Tutoring
recIxtPAkdissEzUu,cultureAndValues,Social-Emotional Learning
recIxtPAkdissEzUu,cultureAndValues,Community Service Focus
recIxtPAkdissEzUu,cultureAndValues,Character Education
recIxtPAkdissEzUu,cultureAndValues,Environmental/Outdoor Focus
recIxtPAkdissEzUu,extracurricularOfferings,Sports Programs
recIxtPAkdissEzUu,extracurricularOfferings,Field Trips & Travel Opportunities
recIxtPAkdissEzUu,extracurricularOfferings,Before School Programs
recIxtPAkdissEzUu,extracurricularOfferings,After School Programs
recIxtPAkdissEzUu,extracurricularOfferings,"Arts Programs (Visual, Music, Drama, Dance)"
recIxtPAkdissEzUu,extracurricularOfferings,Clubs & Activities
recIxtPAkdissEzUu,extracurricularOfferings,Robotics/Coding
recIxtPAkdissEzUu,amenities,Multi-Age Classrooms
recIxtPAkdissEzUu,amenities,Extended School Day/Year
recIyehwD6U63knVO,academicFocusAreas,Classical Education
recIyehwD6U63knVO,supportResources,Special Education Services
recIyehwD6U63knVO,supportResources,After-School Academic Help
recIyehwD6U63knVO,cultureAndValues,Religious Affiliation
recIyehwD6U63knVO,cultureAndValues,Character Education
recIyehwD6U63knVO,extracurricularOfferings,Sports Programs
recIyehwD6U63knVO,extracurricularOfferings,"Arts Programs (Visual, Music, Drama, Dance)"
recIyehwD6U63knVO,extracurricularOfferings,Clubs & Activities
recIyehwD6U63knVO,extracurricularOfferings,Robotics/Coding
recIyehwD6U63knVO,extracurricularOfferings,Debate/Speech
recIyehwD6U63knVO,extracurricularOfferings,Field Trips & Travel Opportunities
recIyehwD6U63knVO,amenities,Small Class Sizes
recIyehwD6U63knVO,amenities,Uniforms/Dress Code
recJOfwv5c8ZuopIm,academicFocusAreas,Project-Based Learning
recJOfwv5c8ZuopIm,academicFocusAreas,Language Immersion
recJOfwv5c8ZuopIm,academicFocusAreas,Gifted & Talented
recJOfwv5c8ZuopIm,academicFocusAreas,Classical Education
recJOfwv5c8ZuopIm,supportResources,One-on-One Tutoring
recJOfwv5c8ZuopIm,supportResources,Reading Specialists
recJOfwv5c8ZuopIm,supportResources,Math Specialists
recJOfwv5c8ZuopIm,supportResources,ESL/ELL Support
recJOfwv5c8ZuopIm,supportResources,After-School Academic Help
recJOfwv5c8ZuopIm,supportResources,Summer School Programs
recJOfwv5c8ZuopIm,supportResources,Special Education Services
recJOfwv5c8ZuopIm,cultureAndValues,Social-Emotional Learning
recJOfwv5c8ZuopIm,cultureAndValues,Character Education
recJOfwv5c8ZuopIm,cultureAndValues,Environmental/Outdoor Focus
recJOfwv5c8ZuopIm,extracurricularOfferings,"Arts Programs (Visual, Music, Drama, Dance)"
recJOfwv5c8ZuopIm,extracurricularOfferings,Clubs & Activities
recJOfwv5c8ZuopIm,extracurricularOfferings,Field Trips & Travel Opportunities
recJOfwv5c8ZuopIm,extracurricularOfferings,Before School Programs
recJOfwv5c8ZuopIm,extracurricularOfferings,After School Programs
recJOfwv5c8ZuopIm,amenities,Transportation Services
recJOfwv5c8ZuopIm,amenities,Meal Programs
recJOfwv5c8ZuopIm,amenities,Technology Access
recJOfwv5c8ZuopIm,amenities,Small Class Sizes
recJOfwv5c8ZuopIm,amenities,Multi-Age Classrooms
recJOfwv5c8ZuopIm,amenities,Extended School Day/Year
recJOfwv5c8ZuopIm,amenities,Security Features
recJp2ejZ6KAyHQjN,academicFocusAreas,STEM/STEAM
recJp2ejZ6KAyHQjN,academicFocusAreas,Project-Based Learning
recJp2ejZ6KAyHQjN,academicFocusAreas,Advanced Placement (AP)
recJp2ejZ6KAyHQjN,academicFocusAreas,College Prep
recJp2ejZ6KAyHQjN,supportResources,One-on-One Tutoring
recJp2ejZ6KAyHQjN,supportResources,Counseling Services
recJp2ejZ6KAyHQjN,supportResources,Summer School Programs
recJp2ejZ6KAyHQjN,supportResources,After-School Academic Help
recJp2ejZ6KAyHQjN,cultureAndValues,Religious Affiliation
recJp2ejZ6KAyHQjN,cultureAndValues,Character Education
recJp2ejZ6KAyHQjN,cultureAndValues,Community Service Focus
recJp2ejZ6KAyHQjN,cultureAndValues,Environmental/Outdoor Focus
recJp2ejZ6KAyHQjN,cultureAndValues,Social-Emotional Learning
recJp2ejZ6KAyHQjN,cultureAndValues,Democratic/Student-Led Governance
recJp2ejZ6KAyHQjN,extracurricularOfferings,Sports Programs
recJp2ejZ6KAyHQjN,extracurricularOfferings,"Arts Programs (Visual, Music, Drama, Dance)"
recJp2ejZ6KAyHQjN,extracurricularOfferings,Clubs & Activities
recJp2ejZ6KAyHQjN,extracurricularOfferings,Robotics/Coding
recJp2ejZ6KAyHQjN,extracurricularOfferings,Debate/Speech
recJp2ejZ6KAyHQjN,extracurricularOfferings,Student Publications
recJp2ejZ6KAyHQjN,extracurricularOfferings,Field Trips & Travel Opportunities
recJp2ejZ6KAyHQjN,extracurricularOfferings,Before School Programs
recJp2ejZ6KAyHQjN,extracurricularOfferings,After School Programs
recJp2ejZ6KAyHQjN,amenities,Meal Programs
recJp2ejZ6KAyHQjN,amenities,Technology Access
recJp2ejZ6KAyHQjN,amenities,Small Class Sizes
recJp2ejZ6KAyHQjN,amenities,Extended School Day/Year
recJp2ejZ6KAyHQjN,amenities,Uniforms/Dress Code
recJp2ejZ6KAyHQjN,amenities,Security Features
recJp2ejZ6KAyHQjN,amenities,"Great Facilities (gym, auditorium, etc.)"
recJxpVuRxKfgsYoS,academicFocusAreas,STEM/STEAM
recJxpVuRxKfgsYoS,supportResources,Reading Specialists
recJxpVuRxKfgsYoS,supportResources,Math Specialists
recJxpVuRxKfgsYoS,supportResources,One-on-One Tutoring
recJxpVuRxKfgsYoS,supportResources,After-School Academic Help
recJxpVuRxKfgsYoS,cultureAndValues,Religious Affiliation
recJxpVuRxKfgsYoS,cultureAndValues,Character Education
recJxpVuRxKfgsYoS,cultureAndValues,Community Service Focus
recJxpVuRxKfgsYoS,cultureAndValues,Social-Emotional Learning
recJxpVuRxKfgsYoS,extracurricularOfferings,Sports Programs
recJxpVuRxKfgsYoS,extracurricularOfferings,Clubs & Activities
recJxpVuRxKfgsYoS,extracurricularOfferings,Debate/Speech
recJxpVuRxKfgsYoS,extracurricularOfferings,Field Trips & Travel Opportunities
recJxpVuRxKfgsYoS,extracurricularOfferings,After School Programs
recJxpVuRxKfgsYoS,extracurricularOfferings,"Arts Programs (Visual, Music, Drama, Dance)"
recJxpVuRxKfgsYoS,extracurricularOfferings,Student Publications
recJxpVuRxKfgsYoS,amenities,Technology Access
recJxpVuRxKfgsYoS,amenities,Uniforms/Dress Code
recJxpVuRxKfgsYoS,amenities,Security Features
recJxpVuRxKfgsYoS,amenities,Small Class Sizes
recJzepyfOklZdFh7,academicFocusAreas,Classical Education
recJzepyfOklZdFh7,academicFocusAreas,Project-Based Learning
recJzepyfOklZdFh7,academicFocusAreas,Gifted & Talented
recJzepyfOklZdFh7,supportResources,One-on-One Tutoring
recJzepyfOklZdFh7,supportResources,Reading Specialists
recJzepyfOklZdFh7,supportResources,Special Education Services
recJzepyfOklZdFh7,supportResources,After-School Academic Help
recJzepyfOklZdFh7,supportResources,Summer School Programs
recJzepyfOklZdFh7,supportResources,Occupational Therapy
recJzepyfOklZdFh7,supportResources,Speech Therapy
recJzepyfOklZdFh7,cultureAndValues,Character Education
recJzepyfOklZdFh7,cultureAndValues,Environmental/Outdoor Focus
recJzepyfOklZdFh7,cultureAndValues,Social-Emotional Learning
recJzepyfOklZdFh7,extracurricularOfferings,Sports Programs
recJzepyfOklZdFh7,extracurricularOfferings,Robotics/Coding
recJzepyfOklZdFh7,extracurricularOfferings,Clubs & Activities
recJzepyfOklZdFh7,extracurricularOfferings,Field Trips & Travel Opportunities
recJzepyfOklZdFh7,extracurricularOfferings,Before School Programs
recJzepyfOklZdFh7,extracurricularOfferings,After School Programs
recJzepyfOklZdFh7,amenities,Transportation Services
recJzepyfOklZdFh7,amenities,Meal Programs
recJzepyfOklZdFh7,amenities,Technology Access
recJzepyfOklZdFh7,amenities,"Great Facilities (gym, auditorium, etc.)"
recJzepyfOklZdFh7,amenities,Extended School Day/Year
recJzepyfOklZdFh7,amenities,Small Class Sizes
recK4Ck7dKQqvq0qG,academicFocusAreas,Project-Based Learning
recK4Ck7dKQqvq0qG,academicFocusAreas,College Prep
recK4Ck7dKQqvq0qG,cultureAndValues,Religious Affiliation
recK4Ck7dKQqvq0qG,cultureAndValues,Character Education
recK4Ck7dKQqvq0qG,cultureAndValues,Community Service Focus
recK4Ck7dKQqvq0qG,cultureAndValues,Social-Emotional Learning
recK4Ck7dKQqvq0qG,extracurricularOfferings,"Arts Programs (Visual, Music, Drama, Dance)"
recK4Ck7dKQqvq0qG,amenities,Small Class Sizes
recK4Ck7dKQqvq0qG,amenities,Multi-Age Classrooms
recKDqiR65QSyPOJw,academicFocusAreas,College Prep
recKDqiR65QSyPOJw,academicFocusAreas,Project-Based Learning
recKDqiR65QSyPOJw,supportResources,One-on-One Tutoring
recKDqiR65QSyPOJw,supportResources,Reading Specialists
recKDqiR65QSyPOJw,supportResources,Special Education Services
recKDqiR65QSyPOJw,supportResources,Speech Therapy
recKDqiR65QSyPOJw,supportResources,After-School Academic Help
recKDqiR65QSyPOJw,supportResources,Counseling Services
recKDqiR65QSyPOJw,cultureAndValues,Community Service Focus
recKDqiR65QSyPOJw,cultureAndValues,Character Education
recKDqiR65QSyPOJw,cultureAndValues,Social-Emotional Learning
recKDqiR65QSyPOJw,extracurricularOfferings,Sports Programs
recKDqiR65QSyPOJw,extracurricularOfferings,Robotics/Coding
recKDqiR65QSyPOJw,extracurricularOfferings,Field Trips & Travel Opportunities
recKDqiR65QSyPOJw,amenities,Small Class Sizes
recKDqiR65QSyPOJw,amenities,Uniforms/Dress Code
recKMD85knJM5UyE2,supportResources,Reading Specialists
recKMD85knJM5UyE2,supportResources,Math Specialists
recKMD85knJM5UyE2,supportResources,Special Education Services
recKMD85knJM5UyE2,supportResources,Counseling Services
recKMD85knJM5UyE2,cultureAndValues,Religious Affiliation
recKMD85knJM5UyE2,cultureAndValues,Character Education
recKMD85knJM5UyE2,cultureAndValues,Community Service Focus
recKMD85knJM5UyE2,cultureAndValues,Social-Emotional Learning
recKMD85knJM5UyE2,amenities,Technology Access
recKMD85knJM5UyE2,amenities,"Great Facilities (gym, auditorium, etc.)"
recKMD85knJM5UyE2,amenities,Security Features
recKMD85knJM5UyE2,amenities,Uniforms/Dress Code
recKQGxLnD2t9k7vf,academicFocusAreas,STEM/STEAM
recKQGxLnD2t9k7vf,academicFocusAreas,Language Immersion
recKQGxLnD2t9k7vf,academicFocusAreas,Project-Based Learning
recKQGxLnD2t9k7vf,supportResources,Summer School Programs
recKQGxLnD2t9k7vf,cultureAndValues,Character Education
recKQGxLnD2t9k7vf,cultureAndValues,Social-Emotional Learning
recKQGxLnD2t9k7vf,extracurricularOfferings,Before School Programs
recKQGxLnD2t9k7vf,extracurricularOfferings,After School Programs
recKQGxLnD2t9k7vf,amenities,Meal Programs
recKQGxLnD2t9k7vf,amenities,"Great Facilities (gym, auditorium, etc.)"
recKQGxLnD2t9k7vf,amenities,Small Class Sizes
recKQGxLnD2t9k7vf,amenities,Extended School Day/Year
recKQGxLnD2t9k7vf,amenities,Security Features
recKRPEJ8lpJGaU4S,academicFocusAreas,STEM/STEAM
recKRPEJ8lpJGaU4S,supportResources,One-on-One Tutoring
recKRPEJ8lpJGaU4S,supportResources,ESL/ELL Support
recKRPEJ8lpJGaU4S,supportResources,Speech Therapy
recKRPEJ8lpJGaU4S,supportResources,Occupational Therapy
recKRPEJ8lpJGaU4S,supportResources,After-School Academic Help
recKRPEJ8lpJGaU4S,supportResources,Summer School Programs
recKRPEJ8lpJGaU4S,cultureAndValues,Character Education
recKRPEJ8lpJGaU4S,cultureAndValues,Social-Emotional Learning
recKRPEJ8lpJGaU4S,cultureAndValues,Community Service Focus
recKRPEJ8lpJGaU4S,extracurricularOfferings,"Arts Programs (Visual, Music, Drama, Dance)"
recKRPEJ8lpJGaU4S,extracurricularOfferings,Sports Programs
recKRPEJ8lpJGaU4S,extracurricularOfferings,Field Trips & Travel Opportunities
recKRPEJ8lpJGaU4S,extracurricularOfferings,Before School Programs
recKRPEJ8lpJGaU4S,extracurricularOfferings,After School Programs
recKRPEJ8lpJGaU4S,amenities,Transportation Services
recKRPEJ8lpJGaU4S,amenities,Meal Programs
recKRPEJ8lpJGaU4S,amenities,Technology Access
recKRPEJ8lpJGaU4S,amenities,"Great Facilities (gym, auditorium, etc.)"
recKRPEJ8lpJGaU4S,amenities,Small Class Sizes
recKRPEJ8lpJGaU4S,amenities,Security Features
recKRPEJ8lpJGaU4S,amenities,Extended School Day/Year
recKYYKXq64Av2cHa,academicFocusAreas,College Prep
recKYYKXq64Av2cHa,academicFocusAreas,Gifted & Talented
recKYYKXq64Av2cHa,academicFocusAreas,STEM/STEAM
recKYYKXq64Av2cHa,cultureAndValues,Religious Affiliation
recKYYKXq64Av2cHa,cultureAndValues,Character Education
recKYYKXq64Av2cHa,cultureAndValues,Community Service Focus
recKYYKXq64Av2cHa,extracurricularOfferings,Sports Programs
recKYYKXq64Av2cHa,extracurricularOfferings,"Arts Programs (Visual, Music, Drama, Dance)"
recKYYKXq64Av2cHa,extracurricularOfferings,Clubs & Activities
recKYYKXq64Av2cHa,extracurricularOfferings,Field Trips & Travel Opportunities
recKYYKXq64Av2cHa,amenities,Small Class Sizes
recKYYKXq64Av2cHa,amenities,Technology Access
recKYYKXq64Av2cHa,amenities,Security Features
recKZ3hKQCejpK3r4,amenities,Meal Programs
recKZ3hKQCejpK3r4,amenities,Small Class Sizes
recKZH9xcfZesRbK6,academicFocusAreas,College Prep
recKZH9xcfZesRbK6,academicFocusAreas,STEM/STEAM
recKZH9xcfZesRbK6,academicFocusAreas,Gifted & Talented
recKZH9xcfZesRbK6,cultureAndValues,Religious Affiliation
recKZH9xcfZesRbK6,cultureAndValues,Character Education
recKZH9xcfZesRbK6,cultureAndValues,Community Service Focus
recKZH9xcfZesRbK6,extracurricularOfferings,Sports Programs
recKZH9xcfZesRbK6,extracurricularOfferings,"Arts Programs (Visual, Music, Drama, Dance)"
recKZH9xcfZesRbK6,extracurricularOfferings,Clubs & Activities
recKZH9xcfZesRbK6,extracurricularOfferings,Field Trips & Travel Opportunities
recKZH9xcfZesRbK6,amenities,Small Class Sizes
recKZH9xcfZesRbK6,amenities,Technology Access
recKZH9xcfZesRbK6,amenities,Security Features
recKZkifheaHhVrd2,academicFocusAreas,Classical Education
recKZkifheaHhVrd2,supportResources,After-School Academic Help
recKZkifheaHhVrd2,supportResources,Speech Therapy
recKZkifheaHhVrd2,supportResources,Occupational Therapy
recKZkifheaHhVrd2,cultureAndValues,Social-Emotional Learning
recKZkifheaHhVrd2,extracurricularOfferings,Field Trips & Travel Opportunities
recKZkifheaHhVrd2,extracurricularOfferings,After School Programs
recKZkifheaHhVrd2,amenities,Small Class Sizes
recKZkifheaHhVrd2,amenities,Multi-Age Classrooms
recKZkifheaHhVrd2,amenities,Extended School Day/Year
recKZkifheaHhVrd2,amenities,Meal Programs
recKZkifheaHhVrd2,amenities,Security Features
recKZkifheaHhVrd2,amenities,Transportation Services
recKkuw4ydeX2eXV6,academicFocusAreas,STEM/STEAM
recKkuw4ydeX2eXV6,academicFocusAreas,Project-Based Learning
recKkuw4ydeX2eXV6,academicFocusAreas,College Prep
recKkuw4ydeX2eXV6,academicFocusAreas,Vocational/Career Tech
recKkuw4ydeX2eXV6,supportResources,One-on-One Tutoring
recKkuw4ydeX2eXV6,cultureAndValues,Religious Affiliation
recKkuw4ydeX2eXV6,cultureAndValues,Character Education
recKkuw4ydeX2eXV6,cultureAndValues,Community Service Focus
recKkuw4ydeX2eXV6,extracurricularOfferings,Sports Programs
recKkuw4ydeX2eXV6,extracurricularOfferings,"Arts Programs (Visual, Music, Drama, Dance)"
recKkuw4ydeX2eXV6,extracurricularOfferings,Clubs & Activities
recKkuw4ydeX2eXV6,extracurricularOfferings,Robotics/Coding
recKkuw4ydeX2eXV6,extracurricularOfferings,Field Trips & Travel Opportunities
recKkuw4ydeX2eXV6,amenities,Technology Access
recKkuw4ydeX2eXV6,amenities,"Great Facilities (gym, auditorium, etc.)"
recKkuw4ydeX2eXV6,amenities,Small Class Sizes
recKkuw4ydeX2eXV6,amenities,Uniforms/Dress Code
recKkuw4ydeX2eXV6,amenities,Security Features
recKu5rn7E0wMW6vw,supportResources,One-on-One Tutoring
recKu5rn7E0wMW6vw,supportResources,Reading Specialists
recKu5rn7E0wMW6vw,supportResources,Math Specialists
recKu5rn7E0wMW6vw,supportResources,After-School Academic Help
recKu5rn7E0wMW6vw,supportResources,Summer School Programs
recKu5rn7E0wMW6vw,supportResources,Speech Therapy
recKu5rn7E0wMW6vw,cultureAndValues,Social-Emotional Learning
recKu5rn7E0wMW6vw,cultureAndValues,Character Education
recKu5rn7E0wMW6vw,cultureAndValues,Community Service Focus
recKu5rn7E0wMW6vw,cultureAndValues,Environmental/Outdoor Focus
recKu5rn7E0wMW6vw,amenities,Transportation Services
recKu5rn7E0wMW6vw,amenities,Meal Programs
recKu5rn7E0wMW6vw,amenities,Uniforms/Dress Code
recKu5rn7E0wMW6vw,amenities,Security Features
recKu5rn7E0wMW6vw,amenities,Small Class Sizes
recKxruM5bxb6C4Nl,academicFocusAreas,STEM/STEAM
recKxruM5bxb6C4Nl,academicFocusAreas,Project-Based Learning
recKxruM5bxb6C4Nl,academicFocusAreas,Classical Education
recKxruM5bxb6C4Nl,academicFocusAreas,Language Immersion
recKxruM5bxb6C4Nl,academicFocusAreas,Montessori
recKxruM5bxb6C4Nl,supportResources,ESL/ELL Support
recKxruM5bxb6C4Nl,supportResources,One-on-One Tutoring
recKxruM5bxb6C4Nl,supportResources,After-School Academic Help
recKxruM5bxb6C4Nl,cultureAndValues,Character Education
recKxruM5bxb6C4Nl,cultureAndValues,Community Service Focus
recKxruM5bxb6C4Nl,cultureAndValues,Environmental/Outdoor Focus
recKxruM5bxb6C4Nl,cultureAndValues,Social-Emotional Learning
recKxruM5bxb6C4Nl,extracurricularOfferings,Before School Programs
recKxruM5bxb6C4Nl,extracurricularOfferings,After School Programs
recKxruM5bxb6C4Nl,extracurricularOfferings,Field Trips & Travel Opportunities
recKxruM5bxb6C4Nl,extracurricularOfferings,"Arts Programs (Visual, Music, Drama, Dance)"
recKxruM5bxb6C4Nl,extracurricularOfferings,Sports Programs
recKxruM5bxb6C4Nl,amenities,Transportation Services
recKxruM5bxb6C4Nl,amenities,Meal Programs
recKxruM5bxb6C4Nl,amenities,Technology Access
recKxruM5bxb6C4Nl,amenities,Small Class Sizes
recKxruM5bxb6C4Nl,amenities,Multi-Age Classrooms
recKxruM5bxb6C4Nl,amenities,"Great Facilities (gym, auditorium, etc.)"
recKxruM5bxb6C4Nl,amenities,Extended School Day/Year
recKxruM5bxb6C4Nl,amenities,Uniforms/Dress Code
recKxruM5bxb6C4Nl,amenities,Security Features
recKzGfeKHBrAtIW3,academicFocusAreas,College Prep
recKzGfeKHBrAtIW3,academicFocusAreas,Advanced Placement (AP)
recKzGfeKHBrAtIW3,academicFocusAreas,STEM/STEAM
recKzGfeKHBrAtIW3,supportResources,After-School Academic Help
recKzGfeKHBrAtIW3,supportResources,Counseling Services
recKzGfeKHBrAtIW3,extracurricularOfferings,"Arts Programs (Visual, Music, Drama, Dance)"
recKzGfeKHBrAtIW3,extracurricularOfferings,After School Programs
recKzGfeKHBrAtIW3,extracurricularOfferings,Before School Programs
recKzGfeKHBrAtIW3,extracurricularOfferings,Clubs & Activities
recKzGfeKHBrAtIW3,extracurricularOfferings,Debate/Speech
recKzGfeKHBrAtIW3,extracurricularOfferings,Field Trips & Travel Opportunities
recKzGfeKHBrAtIW3,extracurricularOfferings,Sports Programs
recKzGfeKHBrAtIW3,extracurricularOfferings,Student Publications
recKzGfeKHBrAtIW3,amenities,Small Class Sizes
recKzGfeKHBrAtIW3,amenities,Uniforms/Dress Code
recKzGfeKHBrAtIW3,amenities,"Great Facilities (gym, auditorium, etc.)"
recKzGfeKHBrAtIW3,amenities,Security Features
recKzGfeKHBrAtIW3,amenities,Technology Access
recKzGfeKHBrAtIW3,amenities,Meal Programs
recLX77RwKkClxxKc,academicFocusAreas,STEM/STEAM
recLX77RwKkClxxKc,academicFocusAreas,Montessori
recLX77RwKkClxxKc,academicFocusAreas,Language Immersion
recLX77RwKkClxxKc,supportResources,Summer School Programs
recLX77RwKkClxxKc,cultureAndValues,Character Education
recLX77RwKkClxxKc,cultureAndValues,Social-Emotional Learning
recLX77RwKkClxxKc,cultureAndValues,Environmental/Outdoor Focus
recLX77RwKkClxxKc,extracurricularOfferings,"Arts Programs (Visual, Music, Drama, Dance)"
recLX77RwKkClxxKc,extracurricularOfferings,Field Trips & Travel Opportunities
recLX77RwKkClxxKc,extracurricularOfferings,Sports Programs
recLX77RwKkClxxKc,amenities,Small Class Sizes
recLX77RwKkClxxKc,amenities,Extended School Day/Year
recLX77RwKkClxxKc,amenities,Technology Access
recLX77RwKkClxxKc,amenities,Security Features
recLX77RwKkClxxKc,amenities,Multi-Age Classrooms
recLilhemcXj8trs0,academicFocusAreas,Project-Based Learning
recLilhemcXj8trs0,academicFocusAreas,STEM/STEAM
recLilhemcXj8trs0,academicFocusAreas,Gifted & Talented
recLilhemcXj8trs0,supportResources,Reading Specialists
recLilhemcXj8trs0,supportResources,One-on-One Tutoring
recLilhemcXj8trs0,cultureAndValues,Religious Affiliation
recLilhemcXj8trs0,cultureAndValues,Character Education
recLilhemcXj8trs0,cultureAndValues,Community Service Focus
recLilhemcXj8trs0,extracurricularOfferings,Sports Programs
recLilhemcXj8trs0,extracurricularOfferings,"Arts Programs (Visual, Music, Drama, Dance)"
recLilhemcXj8trs0,extracurricularOfferings,Robotics/Coding
recLilhemcXj8trs0,extracurricularOfferings,Field Trips & Travel Opportunities
recLilhemcXj8trs0,extracurricularOfferings,Before School Programs
recLilhemcXj8trs0,extracurricularOfferings,After School Programs
recLilhemcXj8trs0,amenities,"Great Facilities (gym, auditorium, etc.)"
recLilhemcXj8trs0,amenities,Technology Access
recLilhemcXj8trs0,amenities,Security Features
recM1Nv4Tl4y9JCbd,academicFocusAreas,STEM/STEAM
recM1Nv4Tl4y9JCbd,academicFocusAreas,Language Immersion
recM1Nv4Tl4y9JCbd,supportResources,After-School Academic Help
recM1Nv4Tl4y9JCbd,cultureAndValues,Social-Emotional Learning
recM1Nv4Tl4y9JCbd,cultureAndValues,Community Service Focus
recM1Nv4Tl4y9JCbd,cultureAndValues,Environmental/Outdoor Focus
recM1Nv4Tl4y9JCbd,extracurricularOfferings,Sports Programs
recM1Nv4Tl4y9JCbd,extracurricularOfferings,"Arts Programs (Visual, Music, Drama, Dance)"
recM1Nv4Tl4y9JCbd,extracurricularOfferings,After School Programs
recM1Nv4Tl4y9JCbd,amenities,Small Class Sizes
recM1Nv4Tl4y9JCbd,amenities,Extended School Day/Year
recM1Nv4Tl4y9JCbd,amenities,Security Features
recM1Nv4Tl4y9JCbd,amenities,"Great Facilities (gym, auditorium, etc.)"
recM1Nv4Tl4y9JCbd,amenities,Meal Programs
recM7IQkA0sZP7bjl,academicFocusAreas,Classical Education
recM7IQkA0sZP7bjl,academicFocusAreas,Project-Based Learning
recM7IQkA0sZP7bjl,supportResources,Counseling Services
recM7IQkA0sZP7bjl,supportResources,One-on-One Tutoring
recM7IQkA0sZP7bjl,cultureAndValues,Religious Affiliation
recM7IQkA0sZP7bjl,cultureAndValues,Character Education
recM7IQkA0sZP7bjl,cultureAndValues,Community Service Focus
recM7IQkA0sZP7bjl,cultureAndValues,Social-Emotional Learning
recM7IQkA0sZP7bjl,extracurricularOfferings,"Arts Programs (Visual, Music, Drama, Dance)"
recM7IQkA0sZP7bjl,extracurricularOfferings,Robotics/Coding
recM7IQkA0sZP7bjl,extracurricularOfferings,Field Trips & Travel Opportunities
recM7IQkA0sZP7bjl,extracurricularOfferings,Before School Programs
recM7IQkA0sZP7bjl,extracurricularOfferings,After School Programs
recM7IQkA0sZP7bjl,extracurricularOfferings,Clubs & Activities
recM7IQkA0sZP7bjl,amenities,Technology Access
recM7IQkA0sZP7bjl,amenities,Small Class Sizes
recM7IQkA0sZP7bjl,amenities,Uniforms/Dress Code
recM7IQkA0sZP7bjl,amenities,Security Features
recM7vTNUU74O3LUp,academicFocusAreas,STEM/STEAM
recM7vTNUU74O3LUp,academicFocusAreas,Project-Based Learning
recM7vTNUU74O3LUp,academicFocusAreas,International Baccalaureate (IB)
recM7vTNUU74O3LUp,academicFocusAreas,College Prep
recM7vTNUU74O3LUp,academicFocusAreas,Gifted & Talented
recM7vTNUU74O3LUp,supportResources,One-on-One Tutoring
recM7vTNUU74O3LUp,supportResources,Reading Specialists
recM7vTNUU74O3LUp,supportResources,Math Specialists
recM7vTNUU74O3LUp,supportResources,ESL/ELL Support
recM7vTNUU74O3LUp,supportResources,Special Education Services
recM7vTNUU74O3LUp,supportResources,Speech Therapy
recM7vTNUU74O3LUp,supportResources,Counseling Services
recM7vTNUU74O3LUp,cultureAndValues,Community Service Focus
recM7vTNUU74O3LUp,cultureAndValues,Environmental/Outdoor Focus
recM7vTNUU74O3LUp,cultureAndValues,Social-Emotional Learning
recM7vTNUU74O3LUp,cultureAndValues,Democratic/Student-Led Governance
recM7vTNUU74O3LUp,extracurricularOfferings,Sports Programs
recM7vTNUU74O3LUp,extracurricularOfferings,"Arts Programs (Visual, Music, Drama, Dance)"
recM7vTNUU74O3LUp,extracurricularOfferings,Clubs & Activities
recM7vTNUU74O3LUp,extracurricularOfferings,Robotics/Coding
recM7vTNUU74O3LUp,extracurricularOfferings,Debate/Speech
recM7vTNUU74O3LUp,extracurricularOfferings,Student Publications
recM7vTNUU74O3LUp,extracurricularOfferings,Field Trips & Travel Opportunities
recM7vTNUU74O3LUp,extracurricularOfferings,Before School Programs
recM7vTNUU74O3LUp,extracurricularOfferings,After School Programs
recM7vTNUU74O3LUp,amenities,Transportation Services
recM7vTNUU74O3LUp,amenities,Meal Programs
recM7vTNUU74O3LUp,amenities,Technology Access
recM7vTNUU74O3LUp,amenities,"Great Facilities (gym, auditorium, etc.)"
recM7vTNUU74O3LUp,amenities,Small Class Sizes
recM7vTNUU74O3LUp,amenities,Extended School Day/Year
recM7vTNUU74O3LUp,amenities,Uniforms/Dress Code
recM7vTNUU74O3LUp,amenities,Security Features
recMArjwVkZudZqjH,academicFocusAreas,Classical Education
recMArjwVkZudZqjH,supportResources,Reading Specialists
recMArjwVkZudZqjH,supportResources,Summer School Programs
recMArjwVkZudZqjH,supportResources,After-School Academic Help
recMArjwVkZudZqjH,cultureAndValues,Religious Affiliation
recMArjwVkZudZqjH,extracurricularOfferings,"Arts Programs (Visual, Music, Drama, Dance)"
recMArjwVkZudZqjH,extracurricularOfferings,Clubs & Activities
recMArjwVkZudZqjH,extracurricularOfferings,Field Trips & Travel Opportunities
recMArjwVkZudZqjH,extracurricularOfferings,Before School Programs
recMArjwVkZudZqjH,extracurricularOfferings,After School Programs
recMArjwVkZudZqjH,amenities,Transportation Services
recMArjwVkZudZqjH,amenities,Meal Programs
recMArjwVkZudZqjH,amenities,Extended School Day/Year
recMOzMahNbIjXYRr,academicFocusAreas,Montessori
recMOzMahNbIjXYRr,supportResources,Reading Specialists
recMOzMahNbIjXYRr,supportResources,Math Specialists
recMOzMahNbIjXYRr,extracurricularOfferings,Field Trips & Travel Opportunities
recMOzMahNbIjXYRr,extracurricularOfferings,Before School Programs
recMOzMahNbIjXYRr,extracurricularOfferings,After School Programs
recMOzMahNbIjXYRr,extracurricularOfferings,"Arts Programs (Visual, Music, Drama, Dance)"
recMOzMahNbIjXYRr,amenities,Small Class Sizes
recMOzMahNbIjXYRr,amenities,Multi-Age Classrooms
recMOzMahNbIjXYRr,amenities,Extended School Day/Year
recMTHFeMOnWRypFZ,academicFocusAreas,STEM/STEAM
recMTHFeMOnWRypFZ,academicFocusAreas,Project-Based Learning
recMTHFeMOnWRypFZ,supportResources,After-School Academic Help
recMTHFeMOnWRypFZ,supportResources,One-on-One Tutoring
recMTHFeMOnWRypFZ,cultureAndValues,Religious Affiliation
recMTHFeMOnWRypFZ,cultureAndValues,Character Education
recMTHFeMOnWRypFZ,cultureAndValues,Community Service Focus
recMTHFeMOnWRypFZ,extracurricularOfferings,Sports Programs
recMTHFeMOnWRypFZ,extracurricularOfferings,"Arts Programs (Visual, Music, Drama, Dance)"
recMTHFeMOnWRypFZ,extracurricularOfferings,Clubs & Activities
recMTHFeMOnWRypFZ,extracurricularOfferings,Student Publications
recMTHFeMOnWRypFZ,extracurricularOfferings,Field Trips & Travel Opportunities
recMTHFeMOnWRypFZ,extracurricularOfferings,Before School Programs
recMTHFeMOnWRypFZ,extracurricularOfferings,After School Programs
recMTHFeMOnWRypFZ,amenities,Meal Programs
recMTHFeMOnWRypFZ,amenities,Small Class Sizes
recMTHFeMOnWRypFZ,amenities,Multi-Age Classrooms
recMTHFeMOnWRypFZ,amenities,Uniforms/Dress Code
recMTHFeMOnWRypFZ,amenities,Security Features
recMiPzH9epEFlOca,academicFocusAreas,Project-Based Learning
recMiPzH9epEFlOca,academicFocusAreas,STEM/STEAM
recMiPzH9epEFlOca,academicFocusAreas,College Prep
recMiPzH9epEFlOca,academicFocusAreas,Vocational/Career Tech
recMiPzH9epEFlOca,academicFocusAreas,Advanced Placement (AP)
recMiPzH9epEFlOca,academicFocusAreas,Language Immersion
recMiPzH9epEFlOca,supportResources,ESL/ELL Support
recMiPzH9epEFlOca,supportResources,Speech Therapy
recMiPzH9epEFlOca,supportResources,One-on-One Tutoring
recMiPzH9epEFlOca,supportResources,Reading Specialists
recMiPzH9epEFlOca,supportResources,Math Specialists
recMiPzH9epEFlOca,amenities,Multi-Age Classrooms
recMiPzH9epEFlOca,amenities,Uniforms/Dress Code
recMiPzH9epEFlOca,amenities,Small Class Sizes
recMiPzH9epEFlOca,amenities,Technology Access
recMiPzH9epEFlOca,amenities,Meal Programs
recMjmxIF6cqppVkS,academicFocusAreas,College Prep
recMjmxIF6cqppVkS,supportResources,After-School Academic Help
recMjmxIF6cqppVkS,cultureAndValues,Religious Affiliation
recMjmxIF6cqppVkS,cultureAndValues,Social-Emotional Learning
recMjmxIF6cqppVkS,cultureAndValues,Character Education
recMjmxIF6cqppVkS,extracurricularOfferings,Sports Programs
recMjmxIF6cqppVkS,extracurricularOfferings,"Arts Programs (Visual, Music, Drama, Dance)"
recMjmxIF6cqppVkS,extracurricularOfferings,Clubs & Activities
recMjmxIF6cqppVkS,extracurricularOfferings,Debate/Speech
recMjmxIF6cqppVkS,extracurricularOfferings,Field Trips & Travel Opportunities
recMjmxIF6cqppVkS,extracurricularOfferings,After School Programs
recMjmxIF6cqppVkS,amenities,"Great Facilities (gym, auditorium, etc.)"
recMjmxIF6cqppVkS,amenities,Technology Access
recMjmxIF6cqppVkS,amenities,Meal Programs
recMjmxIF6cqppVkS,amenities,Extended School Day/Year
recMjmxIF6cqppVkS,amenities,Security Features
recMxC92y8rSOpKmK,academicFocusAreas,STEM/STEAM
recMxC92y8rSOpKmK,academicFocusAreas,Project-Based Learning
recMxC92y8rSOpKmK,supportResources,One-on-One Tutoring
recMxC92y8rSOpKmK,supportResources,Reading Specialists
recMxC92y8rSOpKmK,supportResources,Math Specialists
recMxC92y8rSOpKmK,supportResources,ESL/ELL Support
recMxC92y8rSOpKmK,supportResources,Special Education Services
recMxC92y8rSOpKmK,supportResources,Occupational Therapy
recMxC92y8rSOpKmK,supportResources,Speech Therapy
recMxC92y8rSOpKmK,supportResources,Counseling Services
recMxC92y8rSOpKmK,supportResources,After-School Academic Help
recMxC92y8rSOpKmK,supportResources,Summer School Programs
recMxC92y8rSOpKmK,cultureAndValues,Social-Emotional Learning
recMxC92y8rSOpKmK,cultureAndValues,Character Education
recMxC92y8rSOpKmK,cultureAndValues,Religious Affiliation
recMxC92y8rSOpKmK,cultureAndValues,Community Service Focus
recMxC92y8rSOpKmK,cultureAndValues,Environmental/Outdoor Focus
recMxC92y8rSOpKmK,extracurricularOfferings,Field Trips & Travel Opportunities
recMxC92y8rSOpKmK,extracurricularOfferings,Before School Programs
recMxC92y8rSOpKmK,extracurricularOfferings,After School Programs
recMxC92y8rSOpKmK,amenities,Transportation Services
recMxC92y8rSOpKmK,amenities,Meal Programs
recMxC92y8rSOpKmK,amenities,Technology Access
recMxC92y8rSOpKmK,amenities,Small Class Sizes
recMxC92y8rSOpKmK,amenities,Multi-Age Classrooms
recMxC92y8rSOpKmK,amenities,Uniforms/Dress Code
recMxC92y8rSOpKmK,amenities,Security Features
recN0ivJUcQs219dE,academicFocusAreas,Classical Education
recN0ivJUcQs219dE,cultureAndValues,Religious Affiliation
recN0ivJUcQs219dE,extracurricularOfferings,"Arts Programs (Visual, Music, Drama, Dance)"
recN0ivJUcQs219dE,extracurricularOfferings,Clubs & Activities
recN0ivJUcQs219dE,extracurricularOfferings,Debate/Speech
recN0ivJUcQs219dE,extracurricularOfferings,Field Trips & Travel Opportunities
recN0ivJUcQs219dE,extracurricularOfferings,After School Programs
recN0ivJUcQs219dE,extracurricularOfferings,Sports Programs
recN0ivJUcQs219dE,amenities,Small Class Sizes
recN0ivJUcQs219dE,amenities,Uniforms/Dress Code
recN0ivJUcQs219dE,amenities,Security Features
recN33h3OnfhFBafx,academicFocusAreas,STEM/STEAM
recN33h3OnfhFBafx,academicFocusAreas,Project-Based Learning
recN33h3OnfhFBafx,supportResources,After-School Academic Help
recN33h3OnfhFBafx,supportResources,Summer School Programs
recN33h3OnfhFBafx,cultureAndValues,Environmental/Outdoor Focus
recN33h3OnfhFBafx,cultureAndValues,Social-Emotional Learning
recN33h3OnfhFBafx,cultureAndValues,Character Education
recN33h3OnfhFBafx,extracurricularOfferings,Sports Programs
recN33h3OnfhFBafx,extracurricularOfferings,"Arts Programs (Visual, Music, Drama, Dance)"
recN33h3OnfhFBafx,extracurricularOfferings,Field Trips & Travel Opportunities
recN33h3OnfhFBafx,extracurricularOfferings,Before School Programs
recN33h3OnfhFBafx,extracurricularOfferings,After School Programs
recN33h3OnfhFBafx,amenities,Transportation Services
recN33h3OnfhFBafx,amenities,Meal Programs
recN33h3OnfhFBafx,amenities,Technology Access
recN33h3OnfhFBafx,amenities,"Great Facilities (gym, auditorium, etc.)"
recN33h3OnfhFBafx,amenities,Small Class Sizes
recN33h3OnfhFBafx,amenities,Multi-Age Classrooms
recN33h3OnfhFBafx,amenities,Extended School Day/Year
recN33h3OnfhFBafx,amenities,Security Features
recN8MTUu17mhJI3T,academicFocusAreas,STEM/STEAM
recN8MTUu17mhJI3T,academicFocusAreas,College Prep
recN8MTUu17mhJI3T,academicFocusAreas,Advanced Placement (AP)
recN8MTUu17mhJI3T,supportResources,After-School Academic Help
recN8MTUu17mhJI3T,supportResources,Summer School Programs
recN8MTUu17mhJI3T,cultureAndValues,Religious Affiliation
recN8MTUu17mhJI3T,cultureAndValues,Community Service Focus
recN8MTUu17mhJI3T,cultureAndValues,Social-Emotional Learning
recN8MTUu17mhJI3T,cultureAndValues,Character Education
recN8MTUu17mhJI3T,extracurricularOfferings,Sports Programs
recN8MTUu17mhJI3T,extracurricularOfferings,"Arts Programs (Visual, Music, Drama, Dance)"
recN8MTUu17mhJI3T,extracurricularOfferings,Clubs & Activities
recN8MTUu17mhJI3T,extracurricularOfferings,Robotics/Coding
recN8MTUu17mhJI3T,extracurricularOfferings,Field Trips & Travel Opportunities
recN8MTUu17mhJI3T,extracurricularOfferings,After School Programs
recN8MTUu17mhJI3T,amenities,Technology Access
recN8MTUu17mhJI3T,amenities,"Great Facilities (gym, auditorium, etc.)"
recN8MTUu17mhJI3T,amenities,Small Class Sizes
recN8MTUu17mhJI3T,amenities,Uniforms/Dress Code
recN8MTUu17mhJI3T,amenities,Security Features
recN93F2z1PQgIIPi,academicFocusAreas,STEM/STEAM
recN93F2z1PQgIIPi,academicFocusAreas,Project-Based Learning
recN93F2z1PQgIIPi,supportResources,After-School Academic Help
recN93F2z1PQgIIPi,supportResources,Summer School Programs
recN93F2z1PQgIIPi,cultureAndValues,Character Education
recN93F2z1PQgIIPi,cultureAndValues,Social-Emotional Learning
recN93F2z1PQgIIPi,extracurricularOfferings,Sports Programs
recN93F2z1PQgIIPi,extracurricularOfferings,"Arts Programs (Visual, Music, Drama, Dance)"
recN93F2z1PQgIIPi,extracurricularOfferings,Before School Programs
recN93F2z1PQgIIPi,extracurricularOfferings,After School Programs
recN93F2z1PQgIIPi,amenities,Transportation Services
recN93F2z1PQgIIPi,amenities,Meal Programs
recN93F2z1PQgIIPi,amenities,Technology Access
recN93F2z1PQgIIPi,amenities,Small Class Sizes
recN93F2z1PQgIIPi,amenities,Multi-Age Classrooms
recN93F2z1PQgIIPi,amenities,Extended School Day/Year
recN93F2z1PQgIIPi,amenities,Security Features
recNBLDxVXStWxNob,academicFocusAreas,Classical Education
recNBLDxVXStWxNob,academicFocusAreas,STEM/STEAM
recNBLDxVXStWxNob,academicFocusAreas,Project-Based Learning
recNBLDxVXStWxNob,cultureAndValues,Religious Affiliation
recNBLDxVXStWxNob,cultureAndValues,Social-Emotional Learning
recNBLDxVXStWxNob,cultureAndValues,Character Education
recNBLDxVXStWxNob,cultureAndValues,Community Service Focus
recNBLDxVXStWxNob,extracurricularOfferings,Field Trips & Travel Opportunities
recNBLDxVXStWxNob,extracurricularOfferings,After School Programs
recNBLDxVXStWxNob,extracurricularOfferings,Before School Programs
recNBLDxVXStWxNob,amenities,Transportation Services
recNBLDxVXStWxNob,amenities,Meal Programs
recNBLDxVXStWxNob,amenities,Small Class Sizes
recNBLDxVXStWxNob,amenities,Extended School Day/Year
recNBLDxVXStWxNob,amenities,Security Features
recNBLDxVXStWxNob,amenities,Technology Access
recNBLDxVXStWxNob,amenities,Multi-Age Classrooms
recNC90yz82GGQGQt,academicFocusAreas,STEM/STEAM
recNC90yz82GGQGQt,academicFocusAreas,Project-Based Learning
recNC90yz82GGQGQt,academicFocusAreas,College Prep
recNC90yz82GGQGQt,supportResources,After-School Academic Help
recNC90yz82GGQGQt,supportResources,One-on-One Tutoring
recNC90yz82GGQGQt,supportResources,Reading Specialists
recNC90yz82GGQGQt,supportResources,ESL/ELL Support
recNC90yz82GGQGQt,supportResources,Summer School Programs
recNC90yz82GGQGQt,cultureAndValues,Community Service Focus
recNC90yz82GGQGQt,cultureAndValues,Religious Affiliation
recNC90yz82GGQGQt,cultureAndValues,Character Education
recNC90yz82GGQGQt,cultureAndValues,Democratic/Student-Led Governance
recNC90yz82GGQGQt,extracurricularOfferings,Clubs & Activities
recNC90yz82GGQGQt,extracurricularOfferings,Robotics/Coding
recNC90yz82GGQGQt,extracurricularOfferings,Debate/Speech
recNC90yz82GGQGQt,extracurricularOfferings,Field Trips & Travel Opportunities
recNC90yz82GGQGQt,extracurricularOfferings,Before School Programs
recNC90yz82GGQGQt,extracurricularOfferings,After School Programs
recNC90yz82GGQGQt,extracurricularOfferings,Sports Programs
recNC90yz82GGQGQt,amenities,Meal Programs
recNC90yz82GGQGQt,amenities,Technology Access
recNC90yz82GGQGQt,amenities,Small Class Sizes
recNC90yz82GGQGQt,amenities,Uniforms/Dress Code
recNC90yz82GGQGQt,amenities,Security Features
recNC90yz82GGQGQt,amenities,"Great Facilities (gym, auditorium, etc.)"
recNC90yz82GGQGQt,amenities,Multi-Age Classrooms
recNPU2XTfEsV2xof,academicFocusAreas,College Prep
recNPU2XTfEsV2xof,cultureAndValues,Religious Affiliation
recNPU2XTfEsV2xof,extracurricularOfferings,Sports Programs
recNPU2XTfEsV2xof,extracurricularOfferings,"Arts Programs (Visual, Music, Drama, Dance)"
recNPU2XTfEsV2xof,extracurricularOfferings,Clubs & Activities
recNPU2XTfEsV2xof,extracurricularOfferings,Robotics/Coding
recNPU2XTfEsV2xof,extracurricularOfferings,Field Trips & Travel Opportunities
recNPU2XTfEsV2xof,amenities,Technology Access
recNPU2XTfEsV2xof,amenities,"Great Facilities (gym, auditorium, etc.)"
recNPU2XTfEsV2xof,amenities,Small Class Sizes
recNPU2XTfEsV2xof,amenities,Uniforms/Dress Code
recNPU2XTfEsV2xof,amenities,Security Features
recNmZTTqRWHaUQu0,academicFocusAreas,Classical Education
recNmZTTqRWHaUQu0,supportResources,One-on-One Tutoring
recNmZTTqRWHaUQu0,supportResources,Reading Specialists
recNmZTTqRWHaUQu0,cultureAndValues,Religious Affiliation
recNmZTTqRWHaUQu0,cultureAndValues,Character Education
recNmZTTqRWHaUQu0,extracurricularOfferings,Sports Programs
recNmZTTqRWHaUQu0,extracurricularOfferings,"Arts Programs (Visual, Music, Drama, Dance)"
recNmZTTqRWHaUQu0,extracurricularOfferings,Clubs & Activities
recNmZTTqRWHaUQu0,extracurricularOfferings,Debate/Speech
recNmZTTqRWHaUQu0,extracurricularOfferings,Field Trips & Travel Opportunities
recNmZTTqRWHaUQu0,amenities,"Great Facilities (gym, auditorium, etc.)"
recNmZTTqRWHaUQu0,amenities,Small Class Sizes
recNmZTTqRWHaUQu0,amenities,Uniforms/Dress Code
recNmZTTqRWHaUQu0,amenities,Security Features
recNoIMSd3dTQj0tj,cultureAndValues,Community Service Focus
recNoIMSd3dTQj0tj,cultureAndValues,Social-Emotional Learning
recNoIMSd3dTQj0tj,cultureAndValues,Character Education
recNoIMSd3dTQj0tj,cultureAndValues,Environmental/Outdoor Focus
recNoIMSd3dTQj0tj,extracurricularOfferings,Field Trips & Travel Opportunities
recNoIMSd3dTQj0tj,extracurricularOfferings,Before School Programs
recNoIMSd3dTQj0tj,extracurricularOfferings,After School Programs
recNoIMSd3dTQj0tj,amenities,Transportation Services
recNoIMSd3dTQj0tj,amenities,Meal Programs
recNoIMSd3dTQj0tj,amenities,Small Class Sizes
recNoIMSd3dTQj0tj,amenities,Multi-Age Classrooms
recNoIMSd3dTQj0tj,amenities,Extended School Day/Year
recNoIMSd3dTQj0tj,amenities,Security Features
recNvRXNB4sN23cZ1,academicFocusAreas,Project-Based Learning
recNvRXNB4sN23cZ1,supportResources,One-on-One Tutoring
recNvRXNB4sN23cZ1,cultureAndValues,Religious Affiliation
recNvRXNB4sN23cZ1,cultureAndValues,Social-Emotional Learning
recNvRXNB4sN23cZ1,cultureAndValues,Character Education
recNvRXNB4sN23cZ1,extracurricularOfferings,Field Trips & Travel Opportunities
recNvRXNB4sN23cZ1,amenities,Small Class Sizes
recNvRXNB4sN23cZ1,amenities,Multi-Age Classrooms
recNvsIXN4sj3SeuE,academicFocusAreas,Project-Based Learning
recNvsIXN4sj3SeuE,academicFocusAreas,Montessori
recNvsIXN4sj3SeuE,academicFocusAreas,STEM/STEAM
recNvsIXN4sj3SeuE,cultureAndValues,Character Education
recNvsIXN4sj3SeuE,cultureAndValues,Social-Emotional Learning
recNvsIXN4sj3SeuE,cultureAndValues,Democratic/Student-Led Governance
recNvsIXN4sj3SeuE,amenities,Small Class Sizes
recNvsIXN4sj3SeuE,amenities,Multi-Age Classrooms
recO4JxQ1CmcNPIEi,academicFocusAreas,Project-Based Learning
recO4JxQ1CmcNPIEi,academicFocusAreas,STEM/STEAM
recO4JxQ1CmcNPIEi,academicFocusAreas,Language Immersion
recO4JxQ1CmcNPIEi,supportResources,Summer School Programs
recO4JxQ1CmcNPIEi,supportResources,One-on-One Tutoring
recO4JxQ1CmcNPIEi,supportResources,Speech Therapy
recO4JxQ1CmcNPIEi,cultureAndValues,Social-Emotional Learning
recO4JxQ1CmcNPIEi,cultureAndValues,Character Education
recO4JxQ1CmcNPIEi,cultureAndValues,Environmental/Outdoor Focus
recO4JxQ1CmcNPIEi,cultureAndValues,Community Service Focus
recO4JxQ1CmcNPIEi,extracurricularOfferings,Before School Programs
recO4JxQ1CmcNPIEi,extracurricularOfferings,After School Programs
recO4JxQ1CmcNPIEi,amenities,Meal Programs
recO4JxQ1CmcNPIEi,amenities,Extended School Day/Year
recO4JxQ1CmcNPIEi,amenities,Security Features
recO4JxQ1CmcNPIEi,amenities,Technology Access
recO4JxQ1CmcNPIEi,amenities,Uniforms/Dress Code
recO4JxQ1CmcNPIEi,amenities,Transportation Services
recO4JxQ1CmcNPIEi,amenities,Multi-Age Classrooms
recORDMK0FooihIeD,academicFocusAreas,Project-Based Learning
recORDMK0FooihIeD,cultureAndValues,Environmental/Outdoor Focus
recORDMK0FooihIeD,extracurricularOfferings,After School Programs
recORDMK0FooihIeD,amenities,"Great Facilities (gym, auditorium, etc.)"
recORcYs579g5dapJ,academicFocusAreas,STEM/STEAM
recORcYs579g5dapJ,academicFocusAreas,Classical Education
recORcYs579g5dapJ,academicFocusAreas,Project-Based Learning
recORcYs579g5dapJ,academicFocusAreas,Gifted & Talented
recORcYs579g5dapJ,academicFocusAreas,Advanced Placement (AP)
recORcYs579g5dapJ,supportResources,Reading Specialists
recORcYs579g5dapJ,supportResources,One-on-One Tutoring
recORcYs579g5dapJ,supportResources,Special Education Services
recORcYs579g5dapJ,supportResources,Math Specialists
recORcYs579g5dapJ,supportResources,Speech Therapy
recORcYs579g5dapJ,supportResources,After-School Academic Help
recORcYs579g5dapJ,supportResources,Summer School Programs
recORcYs579g5dapJ,supportResources,ESL/ELL Support
recORcYs579g5dapJ,cultureAndValues,Character Education
recORcYs579g5dapJ,cultureAndValues,Environmental/Outdoor Focus
recORcYs579g5dapJ,cultureAndValues,Community Service Focus
recORcYs579g5dapJ,cultureAndValues,Social-Emotional Learning
recORcYs579g5dapJ,extracurricularOfferings,Sports Programs
recORcYs579g5dapJ,extracurricularOfferings,Clubs & Activities
recORcYs579g5dapJ,extracurricularOfferings,Robotics/Coding
recORcYs579g5dapJ,extracurricularOfferings,Field Trips & Travel Opportunities
recORcYs579g5dapJ,extracurricularOfferings,Before School Programs
recORcYs579g5dapJ,extracurricularOfferings,After School Programs
recORcYs579g5dapJ,amenities,Transportation Services
recORcYs579g5dapJ,amenities,Meal Programs
recORcYs579g5dapJ,amenities,Technology Access
recORcYs579g5dapJ,amenities,Small Class Sizes
recORcYs579g5dapJ,amenities,"Great Facilities (gym, auditorium, etc.)"
recORcYs579g5dapJ,amenities,Security Features
recORcYs579g5dapJ,amenities,Extended School Day/Year
recOSIbkPykike7Cf,academicFocusAreas,Project-Based Learning
recOSIbkPykike7Cf,academicFocusAreas,College Prep
recOSIbkPykike7Cf,academicFocusAreas,Vocational/Career Tech
recOSIbkPykike7Cf,academicFocusAreas,Gifted & Talented
recOSIbkPykike7Cf,supportResources,Reading Specialists
recOSIbkPykike7Cf,supportResources,Math Specialists
recOSIbkPykike7Cf,supportResources,One-on-One Tutoring
recOSIbkPykike7Cf,cultureAndValues,Religious Affiliation
recOSIbkPykike7Cf,cultureAndValues,Character Education
recOSIbkPykike7Cf,cultureAndValues,Community Service Focus
recOSIbkPykike7Cf,extracurricularOfferings,Clubs & Activities
recOSIbkPykike7Cf,extracurricularOfferings,Student Publications
recOSIbkPykike7Cf,extracurricularOfferings,Field Trips & Travel Opportunities
recOSIbkPykike7Cf,amenities,Small Class Sizes
recOabNVmH3EWCOMW,academicFocusAreas,Classical Education
recOabNVmH3EWCOMW,cultureAndValues,Religious Affiliation
recOabNVmH3EWCOMW,cultureAndValues,Character Education
recOabNVmH3EWCOMW,cultureAndValues,Community Service Focus
recOabNVmH3EWCOMW,extracurricularOfferings,Sports Programs
recOabNVmH3EWCOMW,extracurricularOfferings,"Arts Programs (Visual, Music, Drama, Dance)"
recOabNVmH3EWCOMW,extracurricularOfferings,Clubs & Activities
recOabNVmH3EWCOMW,extracurricularOfferings,Robotics/Coding
recOabNVmH3EWCOMW,extracurricularOfferings,Debate/Speech
recOabNVmH3EWCOMW,extracurricularOfferings,Student Publications
recOabNVmH3EWCOMW,extracurricularOfferings,Field Trips & Travel Opportunities
recOabNVmH3EWCOMW,extracurricularOfferings,After School Programs
recOabNVmH3EWCOMW,amenities,"Great Facilities (gym, auditorium, etc.)"
recOabNVmH3EWCOMW,amenities,Small Class Sizes
recOabNVmH3EWCOMW,amenities,Uniforms/Dress Code
recOabNVmH3EWCOMW,amenities,Security Features
recOuXFFUKATyDWMk,academicFocusAreas,Classical Education
recOuXFFUKATyDWMk,supportResources,One-on-One Tutoring
recOuXFFUKATyDWMk,supportResources,Speech Therapy
recOuXFFUKATyDWMk,supportResources,Summer School Programs
recOuXFFUKATyDWMk,cultureAndValues,Character Education
recOuXFFUKATyDWMk,cultureAndValues,Social-Emotional Learning
recOuXFFUKATyDWMk,amenities,Meal Programs
recOuXFFUKATyDWMk,amenities,Technology Access
recOuXFFUKATyDWMk,amenities,Uniforms/Dress Code
recOuXFFUKATyDWMk,amenities,Extended School Day/Year
recP4mpC0ARAnGNCC,academicFocusAreas,Classical Education
recP4mpC0ARAnGNCC,supportResources,After-School Academic Help
recP4mpC0ARAnGNCC,cultureAndValues,Religious Affiliation
recP4mpC0ARAnGNCC,cultureAndValues,Character Education
recP4mpC0ARAnGNCC,extracurricularOfferings,After School Programs
recP4mpC0ARAnGNCC,amenities,Technology Access
recP4mpC0ARAnGNCC,amenities,"Great Facilities (gym, auditorium, etc.)"
recP4mpC0ARAnGNCC,amenities,Small Class Sizes
recP4mpC0ARAnGNCC,amenities,Uniforms/Dress Code
recP5Z5Hj4kpbzztJ,academicFocusAreas,Classical Education
recP5Z5Hj4kpbzztJ,supportResources,Special Education Services
recP5Z5Hj4kpbzztJ,supportResources,Speech Therapy
recP5Z5Hj4kpbzztJ,supportResources,Occupational Therapy
recP5Z5Hj4kpbzztJ,supportResources,After-School Academic Help
recP5Z5Hj4kpbzztJ,cultureAndValues,Character Education
recP5Z5Hj4kpbzztJ,cultureAndValues,Social-Emotional Learning
recP5Z5Hj4kpbzztJ,cultureAndValues,Community Service Focus
recP5Z5Hj4kpbzztJ,extracurricularOfferings,After School Programs
recP5Z5Hj4kpbzztJ,amenities,Meal Programs
recP5Z5Hj4kpbzztJ,amenities,"Great Facilities (gym, auditorium, etc.)"
recP5Z5Hj4kpbzztJ,amenities,Small Class Sizes
recP5Z5Hj4kpbzztJ,amenities,Multi-Age Classrooms
recP5Z5Hj4kpbzztJ,amenities,Extended School Day/Year
recP5Z5Hj4kpbzztJ,amenities,Uniforms/Dress Code
recP8I2sRowcVyVuk,academicFocusAreas,Project-Based Learning
recP8I2sRowcVyVuk,academicFocusAreas,Language Immersion
recP8I2sRowcVyVuk,academicFocusAreas,Classical Education
recP8I2sRowcVyVuk,academicFocusAreas,STEM/STEAM
recP8I2sRowcVyVuk,supportResources,Summer School Programs
recP8I2sRowcVyVuk,cultureAndValues,Character Education
recP8I2sRowcVyVuk,cultureAndValues,Environmental/Outdoor Focus
recP8I2sRowcVyVuk,cultureAndValues,Social-Emotional Learning
recP8I2sRowcVyVuk,cultureAndValues,Community Service Focus
recP8I2sRowcVyVuk,extracurricularOfferings,After School Programs
recP8I2sRowcVyVuk,extracurricularOfferings,Before School Programs
recP8I2sRowcVyVuk,amenities,Meal Programs
recP8I2sRowcVyVuk,amenities,Transportation Services
recP8I2sRowcVyVuk,amenities,Uniforms/Dress Code
recP8I2sRowcVyVuk,amenities,Security Features
recP9XOpbkI9iyDZG,academicFocusAreas,Montessori
recP9XOpbkI9iyDZG,supportResources,Summer School Programs
recP9XOpbkI9iyDZG,cultureAndValues,Character Education
recP9XOpbkI9iyDZG,cultureAndValues,Community Service Focus
recP9XOpbkI9iyDZG,cultureAndValues,Social-Emotional Learning
recP9XOpbkI9iyDZG,extracurricularOfferings,Sports Programs
recP9XOpbkI9iyDZG,extracurricularOfferings,"Arts Programs (Visual, Music, Drama, Dance)"
recP9XOpbkI9iyDZG,extracurricularOfferings,Clubs & Activities
recP9XOpbkI9iyDZG,extracurricularOfferings,Field Trips & Travel Opportunities
recP9XOpbkI9iyDZG,extracurricularOfferings,Before School Programs
recP9XOpbkI9iyDZG,extracurricularOfferings,After School Programs
recP9XOpbkI9iyDZG,amenities,Meal Programs
recP9XOpbkI9iyDZG,amenities,Technology Access
recP9XOpbkI9iyDZG,amenities,"Great Facilities (gym, auditorium, etc.)"
recP9XOpbkI9iyDZG,amenities,Small Class Sizes
recP9XOpbkI9iyDZG,amenities,Multi-Age Classrooms
recP9XOpbkI9iyDZG,amenities,Extended School Day/Year
recP9XOpbkI9iyDZG,amenities,Uniforms/Dress Code
recP9XOpbkI9iyDZG,amenities,Security Features
recPGuAihOYhY3Vkn,academicFocusAreas,STEM/STEAM
recPGuAihOYhY3Vkn,academicFocusAreas,Project-Based Learning
recPGuAihOYhY3Vkn,supportResources,Summer School Programs
recPGuAihOYhY3Vkn,supportResources,After-School Academic Help
recPGuAihOYhY3Vkn,cultureAndValues,Environmental/Outdoor Focus
recPGuAihOYhY3Vkn,cultureAndValues,Social-Emotional Learning
recPGuAihOYhY3Vkn,cultureAndValues,Character Education
recPGuAihOYhY3Vkn,extracurricularOfferings,Sports Programs
recPGuAihOYhY3Vkn,extracurricularOfferings,"Arts Programs (Visual, Music, Drama, Dance)"
recPGuAihOYhY3Vkn,extracurricularOfferings,Field Trips & Travel Opportunities
recPGuAihOYhY3Vkn,extracurricularOfferings,Before School Programs
recPGuAihOYhY3Vkn,extracurricularOfferings,After School Programs
recPGuAihOYhY3Vkn,amenities,Transportation Services
recPGuAihOYhY3Vkn,amenities,Meal Programs
recPGuAihOYhY3Vkn,amenities,Technology Access
recPGuAihOYhY3Vkn,amenities,"Great Facilities (gym, auditorium, etc.)"
recPGuAihOYhY3Vkn,amenities,Small Class Sizes
recPGuAihOYhY3Vkn,amenities,Multi-Age Classrooms
recPGuAihOYhY3Vkn,amenities,Extended School Day/Year
recPGuAihOYhY3Vkn,amenities,Security Features
recPM8NWChjhHWJ6o,academicFocusAreas,Classical Education
recPM8NWChjhHWJ6o,cultureAndValues,Religious Affiliation
recPM8NWChjhHWJ6o,extracurricularOfferings,Field Trips & Travel Opportunities
recPM8NWChjhHWJ6o,extracurricularOfferings,After School Programs
recPM8NWChjhHWJ6o,extracurricularOfferings,Before School Programs
recPM8NWChjhHWJ6o,amenities,Meal Programs
recPM8NWChjhHWJ6o,amenities,Small Class Sizes
recPM8NWChjhHWJ6o,amenities,Uniforms/Dress Code
recPM8NWChjhHWJ6o,amenities,Extended School Day/Year
recPM8NWChjhHWJ6o,amenities,Security Features
recPPX8pjENS3h7L5,academicFocusAreas,Classical Education
recPPX8pjENS3h7L5,supportResources,After-School Academic Help
recPPX8pjENS3h7L5,cultureAndValues,Community Service Focus
recPPX8pjENS3h7L5,extracurricularOfferings,Clubs & Activities
recPPX8pjENS3h7L5,extracurricularOfferings,Field Trips & Travel Opportunities
recPPX8pjENS3h7L5,extracurricularOfferings,Before School Programs
recPPX8pjENS3h7L5,extracurricularOfferings,After School Programs
recPPX8pjENS3h7L5,amenities,Transportation Services
recPPX8pjENS3h7L5,amenities,Meal Programs
recPPX8pjENS3h7L5,amenities,"Great Facilities (gym, auditorium, etc.)"
recPPX8pjENS3h7L5,amenities,Small Class Sizes
recPPX8pjENS3h7L5,amenities,Multi-Age Classrooms
recPPX8pjENS3h7L5,amenities,Extended School Day/Year
recPPX8pjENS3h7L5,amenities,Security Features
recPPX8pjENS3h7L5,amenities,Technology Access
recPRt2yTWAS6HcJU,academicFocusAreas,STEM/STEAM
recPRt2yTWAS6HcJU,academicFocusAreas,Classical Education
recPRt2yTWAS6HcJU,cultureAndValues,Character Education
recPRt2yTWAS6HcJU,cultureAndValues,Social-Emotional Learning
recPRt2yTWAS6HcJU,extracurricularOfferings,Sports Programs
recPRt2yTWAS6HcJU,extracurricularOfferings,"Arts Programs (Visual, Music, Drama, Dance)"
recPRt2yTWAS6HcJU,extracurricularOfferings,Field Trips & Travel Opportunities
recPRt2yTWAS6HcJU,extracurricularOfferings,Before School Programs
recPRt2yTWAS6HcJU,extracurricularOfferings,After School Programs
recPRt2yTWAS6HcJU,amenities,Transportation Services
recPRt2yTWAS6HcJU,amenities,Extended School Day/Year
recPRt2yTWAS6HcJU,amenities,Security Features
recPXqaoSg1Sb2Av0,academicFocusAreas,Classical Education
recPXqaoSg1Sb2Av0,supportResources,One-on-One Tutoring
recPXqaoSg1Sb2Av0,cultureAndValues,Character Education
recPXqaoSg1Sb2Av0,extracurricularOfferings,Clubs & Activities
recPXqaoSg1Sb2Av0,amenities,Small Class Sizes
recPrQVJEN5DegrOm,academicFocusAreas,Project-Based Learning
recPrQVJEN5DegrOm,supportResources,One-on-One Tutoring
recPrQVJEN5DegrOm,supportResources,Reading Specialists
recPrQVJEN5DegrOm,supportResources,Speech Therapy
recPrQVJEN5DegrOm,cultureAndValues,Religious Affiliation
recPrQVJEN5DegrOm,cultureAndValues,Community Service Focus
recPrQVJEN5DegrOm,extracurricularOfferings,"Arts Programs (Visual, Music, Drama, Dance)"
recPrQVJEN5DegrOm,extracurricularOfferings,Clubs & Activities
recPrQVJEN5DegrOm,extracurricularOfferings,Robotics/Coding
recPrQVJEN5DegrOm,extracurricularOfferings,Field Trips & Travel Opportunities
recPrQVJEN5DegrOm,extracurricularOfferings,Before School Programs
recPrQVJEN5DegrOm,extracurricularOfferings,After School Programs
recPrQVJEN5DegrOm,amenities,Meal Programs
recPrQVJEN5DegrOm,amenities,Technology Access
recPrQVJEN5DegrOm,amenities,"Great Facilities (gym, auditorium, etc.)"
recPrQVJEN5DegrOm,amenities,Small Class Sizes
recPrQVJEN5DegrOm,amenities,Uniforms/Dress Code
recPrQVJEN5DegrOm,amenities,Security Features
recPvoSYIusSe1WUj,supportResources,Counseling Services
recPvoSYIusSe1WUj,supportResources,Summer School Programs
recPvoSYIusSe1WUj,cultureAndValues,Religious Affiliation
recPvoSYIusSe1WUj,cultureAndValues,Character Education
recPvoSYIusSe1WUj,cultureAndValues,Social-Emotional Learning
recPvoSYIusSe1WUj,extracurricularOfferings,Field Trips & Travel Opportunities
recPvoSYIusSe1WUj,extracurricularOfferings,After School Programs
recPvoSYIusSe1WUj,amenities,"Great Facilities (gym, auditorium, etc.)"
recPvoSYIusSe1WUj,amenities,Small Class Sizes
recPvoSYIusSe1WUj,amenities,Extended School Day/Year
recPvoSYIusSe1WUj,amenities,Security Features
recQ0m8phaKdz1q8K,academicFocusAreas,Montessori
recQ0m8phaKdz1q8K,supportResources,Summer School Programs
recQ0m8phaKdz1q8K,cultureAndValues,Social-Emotional Learning
recQ0m8phaKdz1q8K,cultureAndValues,Character Education
recQ0m8phaKdz1q8K,cultureAndValues,Community Service Focus
recQ0m8phaKdz1q8K,extracurricularOfferings,After School Programs
recQ0m8phaKdz1q8K,amenities,Small Class Sizes
recQ0m8phaKdz1q8K,amenities,Extended School Day/Year
recQ0m8phaKdz1q8K,amenities,Security Features
recQ0m8phaKdz1q8K,amenities,Multi-Age Classrooms
recQ0m8phaKdz1q8K,amenities,Uniforms/Dress Code
recQ8IzbU5e7wbw7P,academicFocusAreas,STEM/STEAM
recQ8IzbU5e7wbw7P,academicFocusAreas,Project-Based Learning
recQ8IzbU5e7wbw7P,academicFocusAreas,College Prep
recQ8IzbU5e7wbw7P,academicFocusAreas,Advanced Placement (AP)
recQ8IzbU5e7wbw7P,supportResources,Counseling Services
recQ8IzbU5e7wbw7P,supportResources,After-School Academic Help
recQ8IzbU5e7wbw7P,cultureAndValues,Religious Affiliation
recQ8IzbU5e7wbw7P,cultureAndValues,Character Education
recQ8IzbU5e7wbw7P,cultureAndValues,Community Service Focus
recQ8IzbU5e7wbw7P,cultureAndValues,Social-Emotional Learning
recQ8IzbU5e7wbw7P,extracurricularOfferings,Sports Programs
recQ8IzbU5e7wbw7P,extracurricularOfferings,"Arts Programs (Visual, Music, Drama, Dance)"
recQ8IzbU5e7wbw7P,extracurricularOfferings,Clubs & Activities
recQ8IzbU5e7wbw7P,extracurricularOfferings,Robotics/Coding
recQ8IzbU5e7wbw7P,extracurricularOfferings,Field Trips & Travel Opportunities
recQ8IzbU5e7wbw7P,amenities,Transportation Services
recQ8IzbU5e7wbw7P,amenities,Technology Access
recQ8IzbU5e7wbw7P,amenities,"Great Facilities (gym, auditorium, etc.)"
recQ8IzbU5e7wbw7P,amenities,Small Class Sizes
recQ8IzbU5e7wbw7P,amenities,Uniforms/Dress Code
recQ8IzbU5e7wbw7P,amenities,Security Features
recQ8oQyJVv5l9qJa,academicFocusAreas,Montessori
recQ8oQyJVv5l9qJa,cultureAndValues,Character Education
recQ8oQyJVv5l9qJa,cultureAndValues,Environmental/Outdoor Focus
recQ8oQyJVv5l9qJa,cultureAndValues,Social-Emotional Learning
recQ8oQyJVv5l9qJa,extracurricularOfferings,"Arts Programs (Visual, Music, Drama, Dance)"
recQ8oQyJVv5l9qJa,extracurricularOfferings,Sports Programs
recQ8oQyJVv5l9qJa,amenities,Small Class Sizes
recQ8oQyJVv5l9qJa,amenities,Security Features
recQ8oQyJVv5l9qJa,amenities,Meal Programs
recQ8oQyJVv5l9qJa,amenities,"Great Facilities (gym, auditorium, etc.)"
recQ8oQyJVv5l9qJa,amenities,Multi-Age Classrooms
recQ8oQyJVv5l9qJa,amenities,Extended School Day/Year
recQK9NHx5r1jw9Qg,academicFocusAreas,College Prep
recQK9NHx5r1jw9Qg,supportResources,After-School Academic Help
recQK9NHx5r1jw9Qg,supportResources,Summer School Programs
recQK9NHx5r1jw9Qg,cultureAndValues,Religious Affiliation
recQK9NHx5r1jw9Qg,cultureAndValues,Character Education
recQK9NHx5r1jw9Qg,cultureAndValues,Community Service Focus
recQK9NHx5r1jw9Qg,extracurricularOfferings,Sports Programs
recQK9NHx5r1jw9Qg,extracurricularOfferings,"Arts Programs (Visual, Music, Drama, Dance)"
recQK9NHx5r1jw9Qg,extracurricularOfferings,Field Trips & Travel Opportunities
recQK9NHx5r1jw9Qg,extracurricularOfferings,Debate/Speech
recQK9NHx5r1jw9Qg,amenities,"Great Facilities (gym, auditorium, etc.)"
recQK9NHx5r1jw9Qg,amenities,Uniforms/Dress Code
recQK9NHx5r1jw9Qg,amenities,Security Features
recQNbNPmIHfBTS5M,academicFocusAreas,STEM/STEAM
recQNbNPmIHfBTS5M,academicFocusAreas,Project-Based Learning
recQNbNPmIHfBTS5M,academicFocusAreas,Gifted & Talented
recQNbNPmIHfBTS5M,supportResources,One-on-One Tutoring
recQNbNPmIHfBTS5M,supportResources,Summer School Programs
recQNbNPmIHfBTS5M,supportResources,After-School Academic Help
recQNbNPmIHfBTS5M,supportResources,Counseling Services
recQNbNPmIHfBTS5M,cultureAndValues,Religious Affiliation
recQNbNPmIHfBTS5M,cultureAndValues,Community Service Focus
recQNbNPmIHfBTS5M,cultureAndValues,Character Education
recQNbNPmIHfBTS5M,extracurricularOfferings,Clubs & Activities
recQNbNPmIHfBTS5M,extracurricularOfferings,Field Trips & Travel Opportunities
recQNbNPmIHfBTS5M,extracurricularOfferings,After School Programs
recQNbNPmIHfBTS5M,extracurricularOfferings,Sports Programs
recQNbNPmIHfBTS5M,extracurricularOfferings,"Arts Programs (Visual, Music, Drama, Dance)"
recQNbNPmIHfBTS5M,extracurricularOfferings,Student Publications
recQNbNPmIHfBTS5M,amenities,Meal Programs
recQNbNPmIHfBTS5M,amenities,"Great Facilities (gym, auditorium, etc.)"
recQNbNPmIHfBTS5M,amenities,Small Class Sizes
recQNbNPmIHfBTS5M,amenities,Uniforms/Dress Code
recQTEtAUbco42IP8,extracurricularOfferings,Sports Programs
recQTEtAUbco42IP8,amenities,Meal Programs
recQTEtAUbco42IP8,amenities,Small Class Sizes
recQTEtAUbco42IP8,amenities,"Great Facilities (gym, auditorium, etc.)"
recQTEtAUbco42IP8,amenities,Extended School Day/Year
recQTEtAUbco42IP8,amenities,Security Features
recQnJ8vNmxo51Zuj,academicFocusAreas,Project-Based Learning
recQnJ8vNmxo51Zuj,academicFocusAreas,Advanced Placement (AP)
recQnJ8vNmxo51Zuj,academicFocusAreas,College Prep
recQnJ8vNmxo51Zuj,supportResources,One-on-One Tutoring
recQnJ8vNmxo51Zuj,supportResources,Counseling Services
recQnJ8vNmxo51Zuj,supportResources,After-School Academic Help
recQnJ8vNmxo51Zuj,supportResources,Summer School Programs
recQnJ8vNmxo51Zuj,supportResources,Reading Specialists
recQnJ8vNmxo51Zuj,cultureAndValues,Religious Affiliation
recQnJ8vNmxo51Zuj,cultureAndValues,Community Service Focus
recQnJ8vNmxo51Zuj,cultureAndValues,Character Education
recQnJ8vNmxo51Zuj,extracurricularOfferings,Sports Programs
recQnJ8vNmxo51Zuj,extracurricularOfferings,"Arts Programs (Visual, Music, Drama, Dance)"
recQnJ8vNmxo51Zuj,extracurricularOfferings,Clubs & Activities
recQnJ8vNmxo51Zuj,extracurricularOfferings,Robotics/Coding
recQnJ8vNmxo51Zuj,extracurricularOfferings,Debate/Speech
recQnJ8vNmxo51Zuj,extracurricularOfferings,Student Publications
recQnJ8vNmxo51Zuj,extracurricularOfferings,Field Trips & Travel Opportunities
recQnJ8vNmxo51Zuj,amenities,Technology Access
recQnJ8vNmxo51Zuj,amenities,"Great Facilities (gym, auditorium, etc.)"
recQnJ8vNmxo51Zuj,amenities,Small Class Sizes
recQnJ8vNmxo51Zuj,amenities,Uniforms/Dress Code
recQnJ8vNmxo51Zuj,amenities,Security Features
recQzEeLdzy36yhWa,academicFocusAreas,Classical Education
recQzEeLdzy36yhWa,cultureAndValues,Environmental/Outdoor Focus
recQzEeLdzy36yhWa,amenities,Small Class Sizes
recRF9UaUrImcmSY3,academicFocusAreas,Language Immersion
recRF9UaUrImcmSY3,academicFocusAreas,Project-Based Learning
recRF9UaUrImcmSY3,supportResources,Reading Specialists
recRF9UaUrImcmSY3,supportResources,One-on-One Tutoring
recRF9UaUrImcmSY3,supportResources,Special Education Services
recRF9UaUrImcmSY3,supportResources,Summer School Programs
recRF9UaUrImcmSY3,supportResources,Counseling Services
recRF9UaUrImcmSY3,cultureAndValues,Religious Affiliation
recRF9UaUrImcmSY3,cultureAndValues,Character Education
recRF9UaUrImcmSY3,cultureAndValues,Community Service Focus
recRF9UaUrImcmSY3,cultureAndValues,Social-Emotional Learning
recRF9UaUrImcmSY3,extracurricularOfferings,Before School Programs
recRF9UaUrImcmSY3,extracurricularOfferings,After School Programs
recRF9UaUrImcmSY3,extracurricularOfferings,"Arts Programs (Visual, Music, Drama, Dance)"
recRF9UaUrImcmSY3,amenities,Meal Programs
recRF9UaUrImcmSY3,amenities,Small Class Sizes
recRF9UaUrImcmSY3,amenities,Multi-Age Classrooms
recRWRzH3IU5P36RC,academicFocusAreas,STEM/STEAM
recRWRzH3IU5P36RC,academicFocusAreas,Gifted & Talented
recRWRzH3IU5P36RC,supportResources,One-on-One Tutoring
recRWRzH3IU5P36RC,supportResources,After-School Academic Help
recRWRzH3IU5P36RC,supportResources,Summer School Programs
recRWRzH3IU5P36RC,cultureAndValues,Religious Affiliation
recRWRzH3IU5P36RC,cultureAndValues,Character Education
recRWRzH3IU5P36RC,extracurricularOfferings,"Arts Programs (Visual, Music, Drama, Dance)"
recRWRzH3IU5P36RC,extracurricularOfferings,Clubs & Activities
recRWRzH3IU5P36RC,extracurricularOfferings,Robotics/Coding
recRWRzH3IU5P36RC,extracurricularOfferings,Field Trips & Travel Opportunities
recRWRzH3IU5P36RC,extracurricularOfferings,After School Programs
recRWRzH3IU5P36RC,amenities,Meal Programs
recRWRzH3IU5P36RC,amenities,Technology Access
recRWRzH3IU5P36RC,amenities,"Great Facilities (gym, auditorium, etc.)"
recRWRzH3IU5P36RC,amenities,Small Class Sizes
recRWRzH3IU5P36RC,amenities,Extended School Day/Year
recRWRzH3IU5P36RC,amenities,Uniforms/Dress Code
recRWRzH3IU5P36RC,amenities,Security Features
recRYBMoH0yzkz0hH,academicFocusAreas,STEM/STEAM
recRYBMoH0yzkz0hH,academicFocusAreas,Project-Based Learning
recRYBMoH0yzkz0hH,supportResources,After-School Academic Help
recRYBMoH0yzkz0hH,supportResources,Summer School Programs
recRYBMoH0yzkz0hH,cultureAndValues,Character Education
recRYBMoH0yzkz0hH,cultureAndValues,Community Service Focus
recRYBMoH0yzkz0hH,cultureAndValues,Social-Emotional Learning
recRYBMoH0yzkz0hH,extracurricularOfferings,Sports Programs
recRYBMoH0yzkz0hH,extracurricularOfferings,"Arts Programs (Visual, Music, Drama, Dance)"
recRYBMoH0yzkz0hH,amenities,Transportation Services
recRYBMoH0yzkz0hH,amenities,Meal Programs
recRYBMoH0yzkz0hH,amenities,Technology Access
recRYBMoH0yzkz0hH,amenities,Small Class Sizes
recRYBMoH0yzkz0hH,amenities,Multi-Age Classrooms
recRYBMoH0yzkz0hH,amenities,Extended School Day/Year
recRYBMoH0yzkz0hH,amenities,Security Features
recReFgFhW8RPvgEd,academicFocusAreas,College Prep
recReFgFhW8RPvgEd,supportResources,After-School Academic Help
recReFgFhW8RPvgEd,supportResources,One-on-One Tutoring
recReFgFhW8RPvgEd,cultureAndValues,Religious Affiliation
recReFgFhW8RPvgEd,cultureAndValues,Character Education
recReFgFhW8RPvgEd,cultureAndValues,Social-Emotional Learning
recReFgFhW8RPvgEd,cultureAndValues,Community Service Focus
recReFgFhW8RPvgEd,extracurricularOfferings,Sports Programs
recReFgFhW8RPvgEd,extracurricularOfferings,Clubs & Activities
recReFgFhW8RPvgEd,extracurricularOfferings,Field Trips & Travel Opportunities
recReFgFhW8RPvgEd,extracurricularOfferings,After School Programs
recReFgFhW8RPvgEd,extracurricularOfferings,Robotics/Coding
recReFgFhW8RPvgEd,amenities,Small Class Sizes
recReFgFhW8RPvgEd,amenities,"Great Facilities (gym, auditorium, etc.)"
recReFgFhW8RPvgEd,amenities,Uniforms/Dress Code
recReFgFhW8RPvgEd,amenities,Security Features
recRi8awgENlgdtXH,academicFocusAreas,Advanced Placement (AP)
recRi8awgENlgdtXH,academicFocusAreas,College Prep
recRi8awgENlgdtXH,supportResources,Counseling Services
recRi8awgENlgdtXH,supportResources,After-School Academic Help
recRi8awgENlgdtXH,cultureAndValues,Religious Affiliation
recRi8awgENlgdtXH,extracurricularOfferings,Sports Programs
recRi8awgENlgdtXH,extracurricularOfferings,"Arts Programs (Visual, Music, Drama, Dance)"
recRi8awgENlgdtXH,extracurricularOfferings,Clubs & Activities
recRi8awgENlgdtXH,extracurricularOfferings,Student Publications
recRi8awgENlgdtXH,amenities,Small Class Sizes
recRi8awgENlgdtXH,amenities,"Great Facilities (gym, auditorium, etc.)"
recRi8awgENlgdtXH,amenities,Uniforms/Dress Code
recRi8awgENlgdtXH,amenities,Security Features
recRqPBzbL1j0laly,academicFocusAreas,Project-Based Learning
recRqPBzbL1j0laly,cultureAndValues,Character Education
recRqPBzbL1j0laly,cultureAndValues,Social-Emotional Learning
recRqPBzbL1j0laly,amenities,Small Class Sizes
recRqPBzbL1j0laly,amenities,Uniforms/Dress Code
recRqPBzbL1j0laly,amenities,Multi-Age Classrooms
recRrgyhhWb7VAMxK,academicFocusAreas,STEM/STEAM
recRrgyhhWb7VAMxK,academicFocusAreas,Project-Based Learning
recRrgyhhWb7VAMxK,supportResources,After-School Academic Help
recRrgyhhWb7VAMxK,supportResources,Summer School Programs
recRrgyhhWb7VAMxK,cultureAndValues,Character Education
recRrgyhhWb7VAMxK,cultureAndValues,Social-Emotional Learning
recRrgyhhWb7VAMxK,cultureAndValues,Environmental/Outdoor Focus
recRrgyhhWb7VAMxK,extracurricularOfferings,Sports Programs
recRrgyhhWb7VAMxK,extracurricularOfferings,"Arts Programs (Visual, Music, Drama, Dance)"
recRrgyhhWb7VAMxK,extracurricularOfferings,Field Trips & Travel Opportunities
recRrgyhhWb7VAMxK,extracurricularOfferings,Before School Programs
recRrgyhhWb7VAMxK,extracurricularOfferings,After School Programs
recRrgyhhWb7VAMxK,amenities,Transportation Services
recRrgyhhWb7VAMxK,amenities,Meal Programs
recRrgyhhWb7VAMxK,amenities,Technology Access
recRrgyhhWb7VAMxK,amenities,"Great Facilities (gym, auditorium, etc.)"
recRrgyhhWb7VAMxK,amenities,Small Class Sizes
recRrgyhhWb7VAMxK,amenities,Multi-Age Classrooms
recRrgyhhWb7VAMxK,amenities,Extended School Day/Year
recRrgyhhWb7VAMxK,amenities,Security Features
recSNgWiw8RwYu3LW,academicFocusAreas,STEM/STEAM
recSNgWiw8RwYu3LW,academicFocusAreas,Gifted & Talented
recSNgWiw8RwYu3LW,supportResources,Reading Specialists
recSNgWiw8RwYu3LW,supportResources,Math Specialists
recSNgWiw8RwYu3LW,supportResources,ESL/ELL Support
recSNgWiw8RwYu3LW,supportResources,Special Education Services
recSNgWiw8RwYu3LW,supportResources,After-School Academic Help
recSNgWiw8RwYu3LW,supportResources,Summer School Programs
recSNgWiw8RwYu3LW,cultureAndValues,Character Education
recSNgWiw8RwYu3LW,cultureAndValues,Community Service Focus
recSNgWiw8RwYu3LW,extracurricularOfferings,Sports Programs
recSNgWiw8RwYu3LW,extracurricularOfferings,"Arts Programs (Visual, Music, Drama, Dance)"
recSNgWiw8RwYu3LW,extracurricularOfferings,Clubs & Activities
recSNgWiw8RwYu3LW,extracurricularOfferings,Robotics/Coding
recSNgWiw8RwYu3LW,extracurricularOfferings,Field Trips & Travel Opportunities
recSNgWiw8RwYu3LW,extracurricularOfferings,Before School Programs
recSNgWiw8RwYu3LW,extracurricularOfferings,After School Programs
recSNgWiw8RwYu3LW,amenities,Meal Programs
recSNgWiw8RwYu3LW,amenities,Technology Access
recSNgWiw8RwYu3LW,amenities,"Great Facilities (gym, auditorium, etc.)"
recSNgWiw8RwYu3LW,amenities,Small Class Sizes
recSNgWiw8RwYu3LW,amenities,Multi-Age Classrooms
recSNgWiw8RwYu3LW,amenities,Extended School Day/Year
recSNgWiw8RwYu3LW,amenities,Uniforms/Dress Code
recSNgWiw8RwYu3LW,amenities,Security Features
recSU3EWJBYYxzEgD,academicFocusAreas,STEM/STEAM
recSU3EWJBYYxzEgD,supportResources,Reading Specialists
recSU3EWJBYYxzEgD,supportResources,Summer School Programs
recSU3EWJBYYxzEgD,cultureAndValues,Social-Emotional Learning
recSU3EWJBYYxzEgD,cultureAndValues,Environmental/Outdoor Focus
recSU3EWJBYYxzEgD,cultureAndValues,Character Education
recSU3EWJBYYxzEgD,amenities,Small Class Sizes
recSU3EWJBYYxzEgD,amenities,Multi-Age Classrooms
recSbjPpCWwFafKI3,academicFocusAreas,STEM/STEAM
recSbjPpCWwFafKI3,supportResources,Summer School Programs
recSbjPpCWwFafKI3,cultureAndValues,Social-Emotional Learning
recSbjPpCWwFafKI3,extracurricularOfferings,After School Programs
recSbjPpCWwFafKI3,amenities,Extended School Day/Year
recShvvnosU7x1VLQ,supportResources,Counseling Services
recShvvnosU7x1VLQ,cultureAndValues,Religious Affiliation
recShvvnosU7x1VLQ,cultureAndValues,Character Education
recShvvnosU7x1VLQ,extracurricularOfferings,"Arts Programs (Visual, Music, Drama, Dance)"
recShvvnosU7x1VLQ,extracurricularOfferings,Sports Programs
recShvvnosU7x1VLQ,extracurricularOfferings,Clubs & Activities
recShvvnosU7x1VLQ,extracurricularOfferings,Robotics/Coding
recShvvnosU7x1VLQ,amenities,Small Class Sizes
recShvvnosU7x1VLQ,amenities,Uniforms/Dress Code
recShvvnosU7x1VLQ,amenities,Security Features
recShvvnosU7x1VLQ,amenities,Technology Access
recSltyhf0Vr2IeAV,academicFocusAreas,Advanced Placement (AP)
recSltyhf0Vr2IeAV,academicFocusAreas,College Prep
recSltyhf0Vr2IeAV,academicFocusAreas,Gifted & Talented
recSltyhf0Vr2IeAV,supportResources,After-School Academic Help
recSltyhf0Vr2IeAV,supportResources,Summer School Programs
recSltyhf0Vr2IeAV,supportResources,Reading Specialists
recSltyhf0Vr2IeAV,supportResources,Math Specialists
recSltyhf0Vr2IeAV,cultureAndValues,Community Service Focus
recSltyhf0Vr2IeAV,cultureAndValues,Social-Emotional Learning
recSltyhf0Vr2IeAV,cultureAndValues,Religious Affiliation
recSltyhf0Vr2IeAV,cultureAndValues,Character Education
recSltyhf0Vr2IeAV,extracurricularOfferings,Sports Programs
recSltyhf0Vr2IeAV,extracurricularOfferings,"Arts Programs (Visual, Music, Drama, Dance)"
recSltyhf0Vr2IeAV,extracurricularOfferings,Clubs & Activities
recSltyhf0Vr2IeAV,extracurricularOfferings,Debate/Speech
recSltyhf0Vr2IeAV,extracurricularOfferings,Student Publications
recSltyhf0Vr2IeAV,extracurricularOfferings,Field Trips & Travel Opportunities
recSltyhf0Vr2IeAV,extracurricularOfferings,After School Programs
recSltyhf0Vr2IeAV,amenities,Technology Access
recSltyhf0Vr2IeAV,amenities,"Great Facilities (gym, auditorium, etc.)"
recSltyhf0Vr2IeAV,amenities,Small Class Sizes
recSltyhf0Vr2IeAV,amenities,Extended School Day/Year
recSltyhf0Vr2IeAV,amenities,Uniforms/Dress Code
recSltyhf0Vr2IeAV,amenities,Security Features
recSltyhf0Vr2IeAV,amenities,Meal Programs
recSn3NQDh4RXk40m,academicFocusAreas,STEM/STEAM
recSn3NQDh4RXk40m,academicFocusAreas,Project-Based Learning
recSn3NQDh4RXk40m,supportResources,Summer School Programs
recSn3NQDh4RXk40m,supportResources,After-School Academic Help
recSn3NQDh4RXk40m,supportResources,Occupational Therapy
recSn3NQDh4RXk40m,supportResources,Speech Therapy
recSn3NQDh4RXk40m,supportResources,Special Education Services
recSn3NQDh4RXk40m,supportResources,ESL/ELL Support
recSn3NQDh4RXk40m,cultureAndValues,Religious Affiliation
recSn3NQDh4RXk40m,cultureAndValues,Social-Emotional Learning
recSn3NQDh4RXk40m,cultureAndValues,Character Education
recSn3NQDh4RXk40m,cultureAndValues,Community Service Focus
recSn3NQDh4RXk40m,cultureAndValues,Environmental/Outdoor Focus
recSn3NQDh4RXk40m,extracurricularOfferings,"Arts Programs (Visual, Music, Drama, Dance)"
recSn3NQDh4RXk40m,extracurricularOfferings,Before School Programs
recSn3NQDh4RXk40m,extracurricularOfferings,After School Programs
recSn3NQDh4RXk40m,extracurricularOfferings,Sports Programs
recSn3NQDh4RXk40m,extracurricularOfferings,Clubs & Activities
recSn3NQDh4RXk40m,extracurricularOfferings,Robotics/Coding
recSn3NQDh4RXk40m,extracurricularOfferings,Field Trips & Travel Opportunities
recSn3NQDh4RXk40m,amenities,Meal Programs
recSn3NQDh4RXk40m,amenities,Small Class Sizes
recSn3NQDh4RXk40m,amenities,Multi-Age Classrooms
recSn3NQDh4RXk40m,amenities,Security Features
recSn3NQDh4RXk40m,amenities,Extended School Day/Year
recSn3NQDh4RXk40m,amenities,Uniforms/Dress Code
recSn3NQDh4RXk40m,amenities,Technology Access
recSn3NQDh4RXk40m,amenities,"Great Facilities (gym, auditorium, etc.)"
recSnjd0mTOsdDZy4,academicFocusAreas,Language Immersion
recSnjd0mTOsdDZy4,academicFocusAreas,Project-Based Learning
recSnjd0mTOsdDZy4,supportResources,One-on-One Tutoring
recSnjd0mTOsdDZy4,supportResources,Summer School Programs
recSnjd0mTOsdDZy4,supportResources,ESL/ELL Support
recSnjd0mTOsdDZy4,supportResources,Special Education Services
recSnjd0mTOsdDZy4,cultureAndValues,Social-Emotional Learning
recSnjd0mTOsdDZy4,cultureAndValues,Character Education
recSnjd0mTOsdDZy4,cultureAndValues,Environmental/Outdoor Focus
recSnjd0mTOsdDZy4,extracurricularOfferings,Clubs & Activities
recSnjd0mTOsdDZy4,extracurricularOfferings,Before School Programs
recSnjd0mTOsdDZy4,extracurricularOfferings,Field Trips & Travel Opportunities
recSnjd0mTOsdDZy4,extracurricularOfferings,After School Programs
recSnjd0mTOsdDZy4,amenities,Transportation Services
recSnjd0mTOsdDZy4,amenities,Meal Programs
recSnjd0mTOsdDZy4,amenities,Small Class Sizes
recSnjd0mTOsdDZy4,amenities,Multi-Age Classrooms
recSnjd0mTOsdDZy4,amenities,Uniforms/Dress Code
recSnjd0mTOsdDZy4,amenities,Extended School Day/Year
recSnlkRnEXoT1r7g,supportResources,Summer School Programs
recSnlkRnEXoT1r7g,cultureAndValues,Social-Emotional Learning
recSnlkRnEXoT1r7g,cultureAndValues,Character Education
recSnlkRnEXoT1r7g,cultureAndValues,Community Service Focus
recSnlkRnEXoT1r7g,cultureAndValues,Environmental/Outdoor Focus
recSnlkRnEXoT1r7g,cultureAndValues,Democratic/Student-Led Governance
recSnlkRnEXoT1r7g,extracurricularOfferings,Sports Programs
recSnlkRnEXoT1r7g,extracurricularOfferings,"Arts Programs (Visual, Music, Drama, Dance)"
recSnlkRnEXoT1r7g,extracurricularOfferings,Field Trips & Travel Opportunities
recSnlkRnEXoT1r7g,extracurricularOfferings,After School Programs
recSnlkRnEXoT1r7g,amenities,Meal Programs
recSnlkRnEXoT1r7g,amenities,"Great Facilities (gym, auditorium, etc.)"
recSnlkRnEXoT1r7g,amenities,Small Class Sizes
recSnlkRnEXoT1r7g,amenities,Security Features
recSqp86F2msOznAt,supportResources,Special Education Services
recSqp86F2msOznAt,supportResources,Counseling Services
recSqp86F2msOznAt,cultureAndValues,Religious Affiliation
recSqp86F2msOznAt,cultureAndValues,Character Education
recSqp86F2msOznAt,amenities,Technology Access
recSqp86F2msOznAt,amenities,Small Class Sizes
recSqp86F2msOznAt,amenities,Extended School Day/Year
recSqp86F2msOznAt,amenities,Uniforms/Dress Code
recSqp86F2msOznAt,amenities,"Great Facilities (gym, auditorium, etc.)"
recTACkk8Jqgwuiv4,academicFocusAreas,Project-Based Learning
recTACkk8Jqgwuiv4,academicFocusAreas,College Prep
recTACkk8Jqgwuiv4,cultureAndValues,Religious Affiliation
recTACkk8Jqgwuiv4,cultureAndValues,Character Education
recTACkk8Jqgwuiv4,cultureAndValues,Community Service Focus
recTACkk8Jqgwuiv4,extracurricularOfferings,Sports Programs
recTACkk8Jqgwuiv4,extracurricularOfferings,"Arts Programs (Visual, Music, Drama, Dance)"
recTACkk8Jqgwuiv4,extracurricularOfferings,Clubs & Activities
recTACkk8Jqgwuiv4,extracurricularOfferings,Robotics/Coding
recTACkk8Jqgwuiv4,extracurricularOfferings,After School Programs
recTACkk8Jqgwuiv4,amenities,"Great Facilities (gym, auditorium, etc.)"
recTACkk8Jqgwuiv4,amenities,Small Class Sizes
recTACkk8Jqgwuiv4,amenities,Uniforms/Dress Code
recTACkk8Jqgwuiv4,amenities,Security Features
recTMyeUPqJ2OzlZC,academicFocusAreas,Language Immersion
recTMyeUPqJ2OzlZC,academicFocusAreas,STEM/STEAM
recTMyeUPqJ2OzlZC,supportResources,Summer School Programs
recTMyeUPqJ2OzlZC,cultureAndValues,Social-Emotional Learning
recTMyeUPqJ2OzlZC,cultureAndValues,Character Education
recTMyeUPqJ2OzlZC,extracurricularOfferings,Sports Programs
recTMyeUPqJ2OzlZC,extracurricularOfferings,"Arts Programs (Visual, Music, Drama, Dance)"
recTMyeUPqJ2OzlZC,extracurricularOfferings,Before School Programs
recTMyeUPqJ2OzlZC,extracurricularOfferings,After School Programs
recTMyeUPqJ2OzlZC,amenities,"Great Facilities (gym, auditorium, etc.)"
recTMyeUPqJ2OzlZC,amenities,Small Class Sizes
recTMyeUPqJ2OzlZC,amenities,Extended School Day/Year
recTMyeUPqJ2OzlZC,amenities,Uniforms/Dress Code
recTMyeUPqJ2OzlZC,amenities,Security Features
recTMyeUPqJ2OzlZC,amenities,Technology Access
recTSMECDHFIdlKcM,academicFocusAreas,STEM/STEAM
recTSMECDHFIdlKcM,academicFocusAreas,Project-Based Learning
recTSMECDHFIdlKcM,supportResources,After-School Academic Help
recTSMECDHFIdlKcM,supportResources,Summer School Programs
recTSMECDHFIdlKcM,cultureAndValues,Character Education
recTSMECDHFIdlKcM,cultureAndValues,Environmental/Outdoor Focus
recTSMECDHFIdlKcM,cultureAndValues,Social-Emotional Learning
recTSMECDHFIdlKcM,extracurricularOfferings,Sports Programs
recTSMECDHFIdlKcM,extracurricularOfferings,"Arts Programs (Visual, Music, Drama, Dance)"
recTSMECDHFIdlKcM,extracurricularOfferings,Field Trips & Travel Opportunities
recTSMECDHFIdlKcM,extracurricularOfferings,Before School Programs
recTSMECDHFIdlKcM,extracurricularOfferings,After School Programs
recTSMECDHFIdlKcM,amenities,Transportation Services
recTSMECDHFIdlKcM,amenities,Meal Programs
recTSMECDHFIdlKcM,amenities,Technology Access
recTSMECDHFIdlKcM,amenities,"Great Facilities (gym, auditorium, etc.)"
recTSMECDHFIdlKcM,amenities,Small Class Sizes
recTSMECDHFIdlKcM,amenities,Multi-Age Classrooms
recTSMECDHFIdlKcM,amenities,Extended School Day/Year
recTSMECDHFIdlKcM,amenities,Security Features
recTefJiSlCU7KTzG,supportResources,Reading Specialists
recTefJiSlCU7KTzG,supportResources,Math Specialists
recTefJiSlCU7KTzG,supportResources,Counseling Services
recTefJiSlCU7KTzG,cultureAndValues,Religious Affiliation
recTefJiSlCU7KTzG,cultureAndValues,Character Education
recTefJiSlCU7KTzG,cultureAndValues,Social-Emotional Learning
recTefJiSlCU7KTzG,cultureAndValues,Community Service Focus
recTefJiSlCU7KTzG,extracurricularOfferings,Sports Programs
recTefJiSlCU7KTzG,extracurricularOfferings,"Arts Programs (Visual, Music, Drama, Dance)"
recTefJiSlCU7KTzG,extracurricularOfferings,Clubs & Activities
recTefJiSlCU7KTzG,extracurricularOfferings,After School Programs
recTefJiSlCU7KTzG,amenities,Technology Access
recTefJiSlCU7KTzG,amenities,Small Class Sizes
recTefJiSlCU7KTzG,amenities,Uniforms/Dress Code
recTefJiSlCU7KTzG,amenities,Security Features
recTefJiSlCU7KTzG,amenities,"Great Facilities (gym, auditorium, etc.)"
recTqMSjvSqbLHIos,academicFocusAreas,STEM/STEAM
recTqMSjvSqbLHIos,academicFocusAreas,Project-Based Learning
recTqMSjvSqbLHIos,academicFocusAreas,Classical Education
recTqMSjvSqbLHIos,academicFocusAreas,Advanced Placement (AP)
recTqMSjvSqbLHIos,academicFocusAreas,Gifted & Talented
recTqMSjvSqbLHIos,academicFocusAreas,College Prep
recTqMSjvSqbLHIos,supportResources,One-on-One Tutoring
recTqMSjvSqbLHIos,supportResources,Summer School Programs
recTqMSjvSqbLHIos,cultureAndValues,Religious Affiliation
recTqMSjvSqbLHIos,cultureAndValues,Character Education
recTqMSjvSqbLHIos,cultureAndValues,Community Service Focus
recTqMSjvSqbLHIos,extracurricularOfferings,Sports Programs
recTqMSjvSqbLHIos,extracurricularOfferings,"Arts Programs (Visual, Music, Drama, Dance)"
recTqMSjvSqbLHIos,extracurricularOfferings,Clubs & Activities
recTqMSjvSqbLHIos,extracurricularOfferings,Robotics/Coding
recTqMSjvSqbLHIos,extracurricularOfferings,Field Trips & Travel Opportunities
recTqMSjvSqbLHIos,extracurricularOfferings,Before School Programs
recTqMSjvSqbLHIos,extracurricularOfferings,After School Programs
recTqMSjvSqbLHIos,amenities,Technology Access
recTqMSjvSqbLHIos,amenities,Small Class Sizes
recTqMSjvSqbLHIos,amenities,Extended School Day/Year
recTqMSjvSqbLHIos,amenities,Uniforms/Dress Code
recTqMSjvSqbLHIos,amenities,Security Features
recTqMSjvSqbLHIos,amenities,"Great Facilities (gym, auditorium, etc.)"
recUHepSEgjjjtUDl,academicFocusAreas,College Prep
recUHepSEgjjjtUDl,supportResources,Reading Specialists
recUHepSEgjjjtUDl,supportResources,Special Education Services
recUHepSEgjjjtUDl,supportResources,Counseling Services
recUHepSEgjjjtUDl,supportResources,One-on-One Tutoring
recUHepSEgjjjtUDl,cultureAndValues,Religious Affiliation
recUHepSEgjjjtUDl,cultureAndValues,Character Education
recUHepSEgjjjtUDl,cultureAndValues,Community Service Focus
recUHepSEgjjjtUDl,extracurricularOfferings,"Arts Programs (Visual, Music, Drama, Dance)"
recUHepSEgjjjtUDl,extracurricularOfferings,Sports Programs
recUHepSEgjjjtUDl,extracurricularOfferings,Robotics/Coding
recUHepSEgjjjtUDl,extracurricularOfferings,Debate/Speech
recUHepSEgjjjtUDl,extracurricularOfferings,Clubs & Activities
recUUxSk5wS4h8P9C,academicFocusAreas,Project-Based Learning
recUUxSk5wS4h8P9C,academicFocusAreas,STEM/STEAM
recUUxSk5wS4h8P9C,academicFocusAreas,Advanced Placement (AP)
recUUxSk5wS4h8P9C,academicFocusAreas,College Prep
recUUxSk5wS4h8P9C,academicFocusAreas,Gifted & Talented
recUUxSk5wS4h8P9C,supportResources,One-on-One Tutoring
recUUxSk5wS4h8P9C,supportResources,Reading Specialists
recUUxSk5wS4h8P9C,supportResources,Math Specialists
recUUxSk5wS4h8P9C,supportResources,Counseling Services
recUUxSk5wS4h8P9C,supportResources,After-School Academic Help
recUUxSk5wS4h8P9C,cultureAndValues,Religious Affiliation
recUUxSk5wS4h8P9C,cultureAndValues,Character Education
recUUxSk5wS4h8P9C,cultureAndValues,Community Service Focus
recUUxSk5wS4h8P9C,extracurricularOfferings,Sports Programs
recUUxSk5wS4h8P9C,extracurricularOfferings,"Arts Programs (Visual, Music, Drama, Dance)"
recUUxSk5wS4h8P9C,extracurricularOfferings,Clubs & Activities
recUUxSk5wS4h8P9C,extracurricularOfferings,Debate/Speech
recUUxSk5wS4h8P9C,extracurricularOfferings,Student Publications
recUUxSk5wS4h8P9C,extracurricularOfferings,Field Trips & Travel Opportunities
recUUxSk5wS4h8P9C,extracurricularOfferings,After School Programs
recUUxSk5wS4h8P9C,amenities,Meal Programs
recUUxSk5wS4h8P9C,amenities,Technology Access
recUUxSk5wS4h8P9C,amenities,"Great Facilities (gym, auditorium, etc.)"
recUUxSk5wS4h8P9C,amenities,Small Class Sizes
recUUxSk5wS4h8P9C,amenities,Uniforms/Dress Code
recUUxSk5wS4h8P9C,amenities,Security Features
recUYObF5ucOvyFW6,academicFocusAreas,Language Immersion
recUYObF5ucOvyFW6,extracurricularOfferings,Field Trips & Travel Opportunities
recUYObF5ucOvyFW6,extracurricularOfferings,Before School Programs
recUYObF5ucOvyFW6,extracurricularOfferings,After School Programs
recUYObF5ucOvyFW6,amenities,Small Class Sizes
recUYObF5ucOvyFW6,amenities,Multi-Age Classrooms
recUg6YJiCI4OtOOe,academicFocusAreas,Language Immersion
recUg6YJiCI4OtOOe,cultureAndValues,Social-Emotional Learning
recUg6YJiCI4OtOOe,amenities,Small Class Sizes
recUg6YJiCI4OtOOe,amenities,Extended School Day/Year
recUhhttQzn6Y2pP1,academicFocusAreas,Classical Education
recUhhttQzn6Y2pP1,cultureAndValues,Religious Affiliation
recUhhttQzn6Y2pP1,amenities,"Great Facilities (gym, auditorium, etc.)"
recUhhttQzn6Y2pP1,amenities,Small Class Sizes
recUhhttQzn6Y2pP1,amenities,Uniforms/Dress Code
recUhhttQzn6Y2pP1,amenities,Security Features
recUhhttQzn6Y2pP1,amenities,Extended School Day/Year
recUqfC9kjzGeAKpe,academicFocusAreas,College Prep
recUqfC9kjzGeAKpe,supportResources,One-on-One Tutoring
recUqfC9kjzGeAKpe,cultureAndValues,Character Education
recUqfC9kjzGeAKpe,cultureAndValues,Community Service Focus
recUqfC9kjzGeAKpe,cultureAndValues,Social-Emotional Learning
recUqfC9kjzGeAKpe,cultureAndValues,Religious Affiliation
recUqfC9kjzGeAKpe,extracurricularOfferings,Sports Programs
recUqfC9kjzGeAKpe,extracurricularOfferings,Field Trips & Travel Opportunities
recUqfC9kjzGeAKpe,extracurricularOfferings,Clubs & Activities
recUqfC9kjzGeAKpe,amenities,"Great Facilities (gym, auditorium, etc.)"
recUqfC9kjzGeAKpe,amenities,Small Class Sizes
recUqfC9kjzGeAKpe,amenities,Uniforms/Dress Code
recUqfC9kjzGeAKpe,amenities,Security Features
recUsBK4nGkcLoNNB,academicFocusAreas,Classical Education
recUsBK4nGkcLoNNB,academicFocusAreas,STEM/STEAM
recUsBK4nGkcLoNNB,supportResources,Speech Therapy
recUsBK4nGkcLoNNB,supportResources,Occupational Therapy
recUsBK4nGkcLoNNB,supportResources,Counseling Services
recUsBK4nGkcLoNNB,supportResources,Summer School Programs
recUsBK4nGkcLoNNB,cultureAndValues,Character Education
recUsBK4nGkcLoNNB,cultureAndValues,Religious Affiliation
recUsBK4nGkcLoNNB,cultureAndValues,Community Service Focus
recUsBK4nGkcLoNNB,cultureAndValues,Environmental/Outdoor Focus
recUsBK4nGkcLoNNB,cultureAndValues,Social-Emotional Learning
recUsBK4nGkcLoNNB,cultureAndValues,Military/Leadership Structure
recUsBK4nGkcLoNNB,cultureAndValues,Democratic/Student-Led Governance
recUsBK4nGkcLoNNB,extracurricularOfferings,"Arts Programs (Visual, Music, Drama, Dance)"
recUsBK4nGkcLoNNB,extracurricularOfferings,Robotics/Coding
recUsBK4nGkcLoNNB,extracurricularOfferings,Field Trips & Travel Opportunities
recUsBK4nGkcLoNNB,extracurricularOfferings,Before School Programs
recUsBK4nGkcLoNNB,extracurricularOfferings,After School Programs
recUsBK4nGkcLoNNB,amenities,Meal Programs
recUsBK4nGkcLoNNB,amenities,Technology Access
recUsBK4nGkcLoNNB,amenities,Transportation Services
recUsBK4nGkcLoNNB,amenities,Small Class Sizes
recUsBK4nGkcLoNNB,amenities,Multi-Age Classrooms
recUsBK4nGkcLoNNB,amenities,Uniforms/Dress Code
recUsBK4nGkcLoNNB,amenities,Security Features
recV0cUFEfSUUmaSV,academicFocusAreas,Classical Education
recV0cUFEfSUUmaSV,cultureAndValues,Social-Emotional Learning
recV0cUFEfSUUmaSV,extracurricularOfferings,"Arts Programs (Visual, Music, Drama, Dance)"
recV0cUFEfSUUmaSV,extracurricularOfferings,After School Programs
recV0cUFEfSUUmaSV,amenities,Extended School Day/Year
recV0cUFEfSUUmaSV,amenities,Meal Programs
recV0cUFEfSUUmaSV,amenities,Small Class Sizes
recV0cUFEfSUUmaSV,amenities,Uniforms/Dress Code
recV0cUFEfSUUmaSV,amenities,Security Features
recV4j0rx0pvPLiQg,academicFocusAreas,STEM/STEAM
recV4j0rx0pvPLiQg,cultureAndValues,Religious Affiliation
recV4j0rx0pvPLiQg,cultureAndValues,Environmental/Outdoor Focus
recV4j0rx0pvPLiQg,cultureAndValues,Social-Emotional Learning
recV4j0rx0pvPLiQg,cultureAndValues,Community Service Focus
recV4j0rx0pvPLiQg,amenities,Technology Access
recV4j0rx0pvPLiQg,amenities,Small Class Sizes
recV4j0rx0pvPLiQg,amenities,Security Features
recV4j0rx0pvPLiQg,amenities,Extended School Day/Year
recVDSKzwggLDOUoI,academicFocusAreas,STEM/STEAM
recVDSKzwggLDOUoI,academicFocusAreas,Project-Based Learning
recVDSKzwggLDOUoI,supportResources,After-School Academic Help
recVDSKzwggLDOUoI,supportResources,Summer School Programs
recVDSKzwggLDOUoI,cultureAndValues,Environmental/Outdoor Focus
recVDSKzwggLDOUoI,cultureAndValues,Social-Emotional Learning
recVDSKzwggLDOUoI,extracurricularOfferings,"Arts Programs (Visual, Music, Drama, Dance)"
recVDSKzwggLDOUoI,extracurricularOfferings,Field Trips & Travel Opportunities
recVDSKzwggLDOUoI,extracurricularOfferings,Before School Programs
recVDSKzwggLDOUoI,extracurricularOfferings,After School Programs
recVDSKzwggLDOUoI,amenities,Transportation Services
recVDSKzwggLDOUoI,amenities,Meal Programs
recVDSKzwggLDOUoI,amenities,Technology Access
recVDSKzwggLDOUoI,amenities,Small Class Sizes
recVDSKzwggLDOUoI,amenities,Uniforms/Dress Code
recVDSKzwggLDOUoI,amenities,Security Features
recVHcxIITfrSExct,academicFocusAreas,Classical Education
recVHcxIITfrSExct,supportResources,Summer School Programs
recVHcxIITfrSExct,cultureAndValues,Religious Affiliation
recVHcxIITfrSExct,cultureAndValues,Character Education
recVHcxIITfrSExct,extracurricularOfferings,After School Programs
recVHcxIITfrSExct,amenities,Meal Programs
recVHcxIITfrSExct,amenities,"Great Facilities (gym, auditorium, etc.)"
recVHcxIITfrSExct,amenities,Multi-Age Classrooms
recVTttmz1UzlMios,academicFocusAreas,Classical Education
recVTttmz1UzlMios,academicFocusAreas,STEM/STEAM
recVTttmz1UzlMios,supportResources,Special Education Services
recVTttmz1UzlMios,supportResources,One-on-One Tutoring
recVTttmz1UzlMios,cultureAndValues,Social-Emotional Learning
recVTttmz1UzlMios,cultureAndValues,Character Education
recVTttmz1UzlMios,extracurricularOfferings,Field Trips & Travel Opportunities
recVTttmz1UzlMios,extracurricularOfferings,Before School Programs
recVTttmz1UzlMios,extracurricularOfferings,After School Programs
recVTttmz1UzlMios,amenities,Transportation Services
recVTttmz1UzlMios,amenities,Meal Programs
recVTttmz1UzlMios,amenities,Extended School Day/Year
recVTttmz1UzlMios,amenities,Security Features
recVTttmz1UzlMios,amenities,Technology Access
recVZcCsD6d6hqAjI,academicFocusAreas,Classical Education
recVZcCsD6d6hqAjI,cultureAndValues,Religious Affiliation
recVZcCsD6d6hqAjI,amenities,Small Class Sizes
recVZcCsD6d6hqAjI,amenities,Technology Access
recVZcCsD6d6hqAjI,amenities,Uniforms/Dress Code
recVaCkqO66qSoy6l,academicFocusAreas,STEM/STEAM
recVaCkqO66qSoy6l,cultureAndValues,Character Education
recVaCkqO66qSoy6l,cultureAndValues,Social-Emotional Learning
recVaCkqO66qSoy6l,cultureAndValues,Community Service Focus
recVqdoD1f3XKftij,academicFocusAreas,Classical Education
recVqdoD1f3XKftij,supportResources,ESL/ELL Support
recVqdoD1f3XKftij,supportResources,Speech Therapy
recVqdoD1f3XKftij,supportResources,Occupational Therapy
recVqdoD1f3XKftij,cultureAndValues,Religious Affiliation
recVqdoD1f3XKftij,cultureAndValues,Social-Emotional Learning
recVqdoD1f3XKftij,extracurricularOfferings,Field Trips & Travel Opportunities
recVqdoD1f3XKftij,extracurricularOfferings,"Arts Programs (Visual, Music, Drama, Dance)"
recVqdoD1f3XKftij,extracurricularOfferings,After School Programs
recVqdoD1f3XKftij,amenities,Transportation Services
recVqdoD1f3XKftij,amenities,Meal Programs
recVqdoD1f3XKftij,amenities,Technology Access
recVqdoD1f3XKftij,amenities,Security Features
recVqdoD1f3XKftij,amenities,Extended School Day/Year
recWLJP3xu5qV63gH,academicFocusAreas,Classical Education
recWLJP3xu5qV63gH,supportResources,One-on-One Tutoring
recWLJP3xu5qV63gH,supportResources,After-School Academic Help
recWLJP3xu5qV63gH,cultureAndValues,Religious Affiliation
recWLJP3xu5qV63gH,cultureAndValues,Character Education
recWLJP3xu5qV63gH,cultureAndValues,Community Service Focus
recWLJP3xu5qV63gH,cultureAndValues,Democratic/Student-Led Governance
recWLJP3xu5qV63gH,extracurricularOfferings,Field Trips & Travel Opportunities
recWLJP3xu5qV63gH,extracurricularOfferings,Debate/Speech
recWLJP3xu5qV63gH,extracurricularOfferings,Clubs & Activities
recWLJP3xu5qV63gH,extracurricularOfferings,"Arts Programs (Visual, Music, Drama, Dance)"
recWLJP3xu5qV63gH,extracurricularOfferings,Sports Programs
recWLJP3xu5qV63gH,amenities,Small Class Sizes
recWLJP3xu5qV63gH,amenities,Uniforms/Dress Code
recWLJP3xu5qV63gH,amenities,Security Features
recWQrfIv7aGX5Cof,academicFocusAreas,Project-Based Learning
recWQrfIv7aGX5Cof,academicFocusAreas,STEM/STEAM
recWQrfIv7aGX5Cof,supportResources,Speech Therapy
recWQrfIv7aGX5Cof,supportResources,Occupational Therapy
recWQrfIv7aGX5Cof,supportResources,After-School Academic Help
recWQrfIv7aGX5Cof,supportResources,Summer School Programs
recWQrfIv7aGX5Cof,cultureAndValues,Character Education
recWQrfIv7aGX5Cof,cultureAndValues,Social-Emotional Learning
recWQrfIv7aGX5Cof,extracurricularOfferings,Before School Programs
recWQrfIv7aGX5Cof,extracurricularOfferings,After School Programs
recWQrfIv7aGX5Cof,extracurricularOfferings,Field Trips & Travel Opportunities
recWQrfIv7aGX5Cof,amenities,Transportation Services
recWQrfIv7aGX5Cof,amenities,Extended School Day/Year
recWQrfIv7aGX5Cof,amenities,Security Features
recWVP6yeIbuGQy9Y,academicFocusAreas,Advanced Placement (AP)
recWVP6yeIbuGQy9Y,academicFocusAreas,College Prep
recWVP6yeIbuGQy9Y,supportResources,One-on-One Tutoring
recWVP6yeIbuGQy9Y,supportResources,Counseling Services
recWVP6yeIbuGQy9Y,supportResources,After-School Academic Help
recWVP6yeIbuGQy9Y,supportResources,Summer School Programs
recWVP6yeIbuGQy9Y,cultureAndValues,Religious Affiliation
recWVP6yeIbuGQy9Y,cultureAndValues,Character Education
recWVP6yeIbuGQy9Y,cultureAndValues,Community Service Focus
recWVP6yeIbuGQy9Y,extracurricularOfferings,Sports Programs
recWVP6yeIbuGQy9Y,extracurricularOfferings,"Arts Programs (Visual, Music, Drama, Dance)"
recWVP6yeIbuGQy9Y,extracurricularOfferings,Clubs & Activities
recWVP6yeIbuGQy9Y,extracurricularOfferings,Robotics/Coding
recWVP6yeIbuGQy9Y,extracurricularOfferings,Debate/Speech
recWVP6yeIbuGQy9Y,extracurricularOfferings,Student Publications
recWVP6yeIbuGQy9Y,extracurricularOfferings,Field Trips & Travel Opportunities
recWVP6yeIbuGQy9Y,extracurricularOfferings,After School Programs
recWVP6yeIbuGQy9Y,amenities,Meal Programs
recWVP6yeIbuGQy9Y,amenities,Technology Access
recWVP6yeIbuGQy9Y,amenities,"Great Facilities (gym, auditorium, etc.)"
recWVP6yeIbuGQy9Y,amenities,Small Class Sizes
recWVP6yeIbuGQy9Y,amenities,Uniforms/Dress Code
recWYFEUHHUNp61OG,academicFocusAreas,Classical Education
recWYFEUHHUNp61OG,cultureAndValues,Religious Affiliation
recWYFEUHHUNp61OG,cultureAndValues,Character Education
recWd8iDiMHrb7k3v,academicFocusAreas,Project-Based Learning
recWd8iDiMHrb7k3v,academicFocusAreas,Montessori
recWd8iDiMHrb7k3v,academicFocusAreas,Language Immersion
recWd8iDiMHrb7k3v,academicFocusAreas,Classical Education
recWd8iDiMHrb7k3v,supportResources,Speech Therapy
recWd8iDiMHrb7k3v,cultureAndValues,Character Education
recWd8iDiMHrb7k3v,cultureAndValues,Social-Emotional Learning
recWd8iDiMHrb7k3v,cultureAndValues,Democratic/Student-Led Governance
recWd8iDiMHrb7k3v,cultureAndValues,Environmental/Outdoor Focus
recWd8iDiMHrb7k3v,extracurricularOfferings,"Arts Programs (Visual, Music, Drama, Dance)"
recWd8iDiMHrb7k3v,amenities,Meal Programs
recWd8iDiMHrb7k3v,amenities,Small Class Sizes
recWd8iDiMHrb7k3v,amenities,Extended School Day/Year
recWd8iDiMHrb7k3v,amenities,Security Features
recWqC81MQz5hgCAs,academicFocusAreas,Classical Education
recWqC81MQz5hgCAs,supportResources,After-School Academic Help
recWqC81MQz5hgCAs,supportResources,Summer School Programs
recWqC81MQz5hgCAs,cultureAndValues,Social-Emotional Learning
recWqC81MQz5hgCAs,cultureAndValues,Religious Affiliation
recWqC81MQz5hgCAs,extracurricularOfferings,Sports Programs
recWqC81MQz5hgCAs,extracurricularOfferings,Before School Programs
recWqC81MQz5hgCAs,extracurricularOfferings,After School Programs
recWqC81MQz5hgCAs,amenities,Meal Programs
recWqC81MQz5hgCAs,amenities,Technology Access
recWqC81MQz5hgCAs,amenities,"Great Facilities (gym, auditorium, etc.)"
recWqC81MQz5hgCAs,amenities,Small Class Sizes
recWqC81MQz5hgCAs,amenities,Extended School Day/Year
recWqC81MQz5hgCAs,amenities,Security Features
recWrW9cIcyftBgb1,academicFocusAreas,STEM/STEAM
recWrW9cIcyftBgb1,academicFocusAreas,Project-Based Learning
recWrW9cIcyftBgb1,academicFocusAreas,Language Immersion
recWrW9cIcyftBgb1,academicFocusAreas,Classical Education
recWrW9cIcyftBgb1,supportResources,One-on-One Tutoring
recWrW9cIcyftBgb1,supportResources,Math Specialists
recWrW9cIcyftBgb1,supportResources,Speech Therapy
recWrW9cIcyftBgb1,supportResources,After-School Academic Help
recWrW9cIcyftBgb1,supportResources,Summer School Programs
recWrW9cIcyftBgb1,supportResources,ESL/ELL Support
recWrW9cIcyftBgb1,cultureAndValues,Religious Affiliation
recWrW9cIcyftBgb1,cultureAndValues,Character Education
recWrW9cIcyftBgb1,cultureAndValues,Community Service Focus
recWrW9cIcyftBgb1,cultureAndValues,Social-Emotional Learning
recWrW9cIcyftBgb1,cultureAndValues,Environmental/Outdoor Focus
recWrW9cIcyftBgb1,extracurricularOfferings,"Arts Programs (Visual, Music, Drama, Dance)"
recWrW9cIcyftBgb1,extracurricularOfferings,Clubs & Activities
recWrW9cIcyftBgb1,extracurricularOfferings,Sports Programs
recWrW9cIcyftBgb1,extracurricularOfferings,Robotics/Coding
recWrW9cIcyftBgb1,extracurricularOfferings,Field Trips & Travel Opportunities
recWrW9cIcyftBgb1,extracurricularOfferings,After School Programs
recWrW9cIcyftBgb1,extracurricularOfferings,Student Publications
recWrW9cIcyftBgb1,amenities,Meal Programs
recWrW9cIcyftBgb1,amenities,Technology Access
recWrW9cIcyftBgb1,amenities,Small Class Sizes
recWrW9cIcyftBgb1,amenities,Uniforms/Dress Code
recWrW9cIcyftBgb1,amenities,Security Features
recWrW9cIcyftBgb1,amenities,Extended School Day/Year
recWwaA5qgovPEDHA,academicFocusAreas,Project-Based Learning
recWwaA5qgovPEDHA,academicFocusAreas,STEM/STEAM
recWwaA5qgovPEDHA,supportResources,ESL/ELL Support
recWwaA5qgovPEDHA,supportResources,Special Education Services
recWwaA5qgovPEDHA,supportResources,Speech Therapy
recWwaA5qgovPEDHA,supportResources,After-School Academic Help
recWwaA5qgovPEDHA,supportResources,Summer School Programs
recWwaA5qgovPEDHA,cultureAndValues,Social-Emotional Learning
recWwaA5qgovPEDHA,cultureAndValues,Character Education
recWwaA5qgovPEDHA,cultureAndValues,Religious Affiliation
recWwaA5qgovPEDHA,extracurricularOfferings,"Arts Programs (Visual, Music, Drama, Dance)"
recWwaA5qgovPEDHA,extracurricularOfferings,After School Programs
recWwaA5qgovPEDHA,amenities,Meal Programs
recWwaA5qgovPEDHA,amenities,Small Class Sizes
recWwaA5qgovPEDHA,amenities,Extended School Day/Year
recWwaA5qgovPEDHA,amenities,Security Features
recX5tz2T8RGU1s9w,academicFocusAreas,Language Immersion
recX5tz2T8RGU1s9w,academicFocusAreas,STEM/STEAM
recX5tz2T8RGU1s9w,academicFocusAreas,Gifted & Talented
recX5tz2T8RGU1s9w,supportResources,Reading Specialists
recX5tz2T8RGU1s9w,supportResources,ESL/ELL Support
recX5tz2T8RGU1s9w,supportResources,Speech Therapy
recX5tz2T8RGU1s9w,supportResources,Occupational Therapy
recX5tz2T8RGU1s9w,supportResources,Counseling Services
recX5tz2T8RGU1s9w,cultureAndValues,Religious Affiliation
recX5tz2T8RGU1s9w,cultureAndValues,Character Education
recX5tz2T8RGU1s9w,cultureAndValues,Social-Emotional Learning
recX5tz2T8RGU1s9w,cultureAndValues,Community Service Focus
recX5tz2T8RGU1s9w,extracurricularOfferings,Sports Programs
recX5tz2T8RGU1s9w,extracurricularOfferings,"Arts Programs (Visual, Music, Drama, Dance)"
recX5tz2T8RGU1s9w,extracurricularOfferings,Clubs & Activities
recX5tz2T8RGU1s9w,extracurricularOfferings,Field Trips & Travel Opportunities
recX5tz2T8RGU1s9w,extracurricularOfferings,After School Programs
recX5tz2T8RGU1s9w,amenities,Meal Programs
recX5tz2T8RGU1s9w,amenities,"Great Facilities (gym, auditorium, etc.)"
recX5tz2T8RGU1s9w,amenities,Uniforms/Dress Code
recX5tz2T8RGU1s9w,amenities,Security Features
recX5tz2T8RGU1s9w,amenities,Technology Access
recX7975eixSlVD4e,supportResources,One-on-One Tutoring
recX7975eixSlVD4e,supportResources,Counseling Services
recX7975eixSlVD4e,cultureAndValues,Religious Affiliation
recX7975eixSlVD4e,cultureAndValues,Character Education
recX7975eixSlVD4e,cultureAndValues,Community Service Focus
recX7975eixSlVD4e,cultureAndValues,Social-Emotional Learning
recX7975eixSlVD4e,extracurricularOfferings,Sports Programs
recX7975eixSlVD4e,extracurricularOfferings,Field Trips & Travel Opportunities
recX7975eixSlVD4e,extracurricularOfferings,Before School Programs
recX7975eixSlVD4e,amenities,Transportation Services
recX7975eixSlVD4e,amenities,Multi-Age Classrooms
recX7975eixSlVD4e,amenities,Small Class Sizes
recX7975eixSlVD4e,amenities,Security Features
recX7975eixSlVD4e,amenities,Meal Programs
recX7975eixSlVD4e,amenities,Technology Access
recX7975eixSlVD4e,amenities,"Great Facilities (gym, auditorium, etc.)"
recXCqiakR3IpvjGF,academicFocusAreas,Gifted & Talented
recXCqiakR3IpvjGF,academicFocusAreas,Language Immersion
recXCqiakR3IpvjGF,supportResources,Reading Specialists
recXCqiakR3IpvjGF,supportResources,Math Specialists
recXCqiakR3IpvjGF,supportResources,ESL/ELL Support
recXCqiakR3IpvjGF,supportResources,Special Education Services
recXCqiakR3IpvjGF,supportResources,Counseling Services
recXCqiakR3IpvjGF,supportResources,After-School Academic Help
recXCqiakR3IpvjGF,supportResources,Summer School Programs
recXCqiakR3IpvjGF,supportResources,One-on-One Tutoring
recXCqiakR3IpvjGF,cultureAndValues,Character Education
recXCqiakR3IpvjGF,cultureAndValues,Community Service Focus
recXCqiakR3IpvjGF,extracurricularOfferings,Sports Programs
recXCqiakR3IpvjGF,extracurricularOfferings,"Arts Programs (Visual, Music, Drama, Dance)"
recXCqiakR3IpvjGF,extracurricularOfferings,Clubs & Activities
recXCqiakR3IpvjGF,extracurricularOfferings,Robotics/Coding
recXCqiakR3IpvjGF,extracurricularOfferings,Field Trips & Travel Opportunities
recXCqiakR3IpvjGF,extracurricularOfferings,Before School Programs
recXCqiakR3IpvjGF,extracurricularOfferings,After School Programs
recXCqiakR3IpvjGF,amenities,Meal Programs
recXCqiakR3IpvjGF,amenities,Technology Access
recXCqiakR3IpvjGF,amenities,"Great Facilities (gym, auditorium, etc.)"
recXCqiakR3IpvjGF,amenities,Small Class Sizes
recXCqiakR3IpvjGF,amenities,Multi-Age Classrooms
recXCqiakR3IpvjGF,amenities,Extended School Day/Year
recXCqiakR3IpvjGF,amenities,Uniforms/Dress Code
recXCqiakR3IpvjGF,amenities,Security Features
recXENDgQAEsdJW90,academicFocusAreas,Project-Based Learning
recXENDgQAEsdJW90,academicFocusAreas,STEM/STEAM
recXENDgQAEsdJW90,academicFocusAreas,Advanced Placement (AP)
recXENDgQAEsdJW90,academicFocusAreas,Gifted & Talented
recXENDgQAEsdJW90,academicFocusAreas,Montessori
recXENDgQAEsdJW90,academicFocusAreas,College Prep
recXENDgQAEsdJW90,cultureAndValues,Character Education
recXENDgQAEsdJW90,cultureAndValues,Community Service Focus
recXENDgQAEsdJW90,cultureAndValues,Social-Emotional Learning
recXENDgQAEsdJW90,cultureAndValues,Democratic/Student-Led Governance
recXENDgQAEsdJW90,amenities,Technology Access
recXENDgQAEsdJW90,amenities,Multi-Age Classrooms
recXENDgQAEsdJW90,amenities,Small Class Sizes
recXENDgQAEsdJW90,amenities,Extended School Day/Year
recXLdMORg9gnF3hw,academicFocusAreas,Project-Based Learning
recXLdMORg9gnF3hw,academicFocusAreas,Classical Education
recXLdMORg9gnF3hw,academicFocusAreas,Gifted & Talented
recXLdMORg9gnF3hw,supportResources,One-on-One Tutoring
recXLdMORg9gnF3hw,supportResources,After-School Academic Help
recXLdMORg9gnF3hw,cultureAndValues,Social-Emotional Learning
recXLdMORg9gnF3hw,cultureAndValues,Character Education
recXLdMORg9gnF3hw,cultureAndValues,Environmental/Outdoor Focus
recXLdMORg9gnF3hw,cultureAndValues,Religious Affiliation
recXLdMORg9gnF3hw,extracurricularOfferings,Before School Programs
recXLdMORg9gnF3hw,extracurricularOfferings,After School Programs
recXLdMORg9gnF3hw,amenities,Transportation Services
recXLdMORg9gnF3hw,amenities,Meal Programs
recXLdMORg9gnF3hw,amenities,Multi-Age Classrooms
recXLdMORg9gnF3hw,amenities,Extended School Day/Year
recXLdMORg9gnF3hw,amenities,Security Features
recXLdMORg9gnF3hw,amenities,Small Class Sizes
recXLdMORg9gnF3hw,amenities,Technology Access
recXQrEODTy2faJu9,academicFocusAreas,STEM/STEAM
recXQrEODTy2faJu9,supportResources,After-School Academic Help
recXQrEODTy2faJu9,supportResources,Summer School Programs
recXQrEODTy2faJu9,cultureAndValues,Character Education
recXQrEODTy2faJu9,cultureAndValues,Community Service Focus
recXQrEODTy2faJu9,cultureAndValues,Social-Emotional Learning
recXQrEODTy2faJu9,cultureAndValues,Environmental/Outdoor Focus
recXQrEODTy2faJu9,extracurricularOfferings,Before School Programs
recXQrEODTy2faJu9,extracurricularOfferings,After School Programs
recXQrEODTy2faJu9,amenities,Transportation Services
recXQrEODTy2faJu9,amenities,Extended School Day/Year
recXQrEODTy2faJu9,amenities,Security Features
recXQrEODTy2faJu9,amenities,Technology Access
recXQrEODTy2faJu9,amenities,Meal Programs
recXYojzj5wdkHqPF,academicFocusAreas,Classical Education
recXYojzj5wdkHqPF,supportResources,Occupational Therapy
recXYojzj5wdkHqPF,supportResources,Special Education Services
recXYojzj5wdkHqPF,cultureAndValues,Community Service Focus
recXYojzj5wdkHqPF,extracurricularOfferings,After School Programs
recXYojzj5wdkHqPF,extracurricularOfferings,Sports Programs
recXYojzj5wdkHqPF,amenities,Transportation Services
recXYojzj5wdkHqPF,amenities,Meal Programs
recXYojzj5wdkHqPF,amenities,Multi-Age Classrooms
recXYojzj5wdkHqPF,amenities,Small Class Sizes
recXYojzj5wdkHqPF,amenities,Extended School Day/Year
recXYojzj5wdkHqPF,amenities,"Great Facilities (gym, auditorium, etc.)"
recXYojzj5wdkHqPF,amenities,Security Features
recY2pz3kE96KK6WI,academicFocusAreas,Classical Education
recY2pz3kE96KK6WI,academicFocusAreas,STEM/STEAM
recY2pz3kE96KK6WI,supportResources,One-on-One Tutoring
recY2pz3kE96KK6WI,cultureAndValues,Religious Affiliation
recY2pz3kE96KK6WI,cultureAndValues,Character Education
recY2pz3kE96KK6WI,cultureAndValues,Social-Emotional Learning
recY2pz3kE96KK6WI,extracurricularOfferings,Clubs & Activities
recY2pz3kE96KK6WI,extracurricularOfferings,Field Trips & Travel Opportunities
recY2pz3kE96KK6WI,extracurricularOfferings,After School Programs
recY2pz3kE96KK6WI,amenities,Small Class Sizes
recY2pz3kE96KK6WI,amenities,Uniforms/Dress Code
recY2pz3kE96KK6WI,amenities,Security Features
recY2pz3kE96KK6WI,amenities,"Great Facilities (gym, auditorium, etc.)"
recY2pz3kE96KK6WI,amenities,Technology Access
recY6KwPfYJLtfb4N,cultureAndValues,Religious Affiliation
recY6KwPfYJLtfb4N,cultureAndValues,Character Education
recY6KwPfYJLtfb4N,cultureAndValues,Community Service Focus
recY6KwPfYJLtfb4N,cultureAndValues,Social-Emotional Learning
recY6KwPfYJLtfb4N,extracurricularOfferings,Sports Programs
recY6KwPfYJLtfb4N,extracurricularOfferings,"Arts Programs (Visual, Music, Drama, Dance)"
recY6KwPfYJLtfb4N,extracurricularOfferings,Clubs & Activities
recY6KwPfYJLtfb4N,extracurricularOfferings,Field Trips & Travel Opportunities
recY6KwPfYJLtfb4N,extracurricularOfferings,Before School Programs
recY6KwPfYJLtfb4N,extracurricularOfferings,After School Programs
recY6KwPfYJLtfb4N,amenities,Small Class Sizes
recY6KwPfYJLtfb4N,amenities,Security Features
recY6xIgalRqvA4dM,academicFocusAreas,STEM/STEAM
recY6xIgalRqvA4dM,academicFocusAreas,Classical Education
recY6xIgalRqvA4dM,cultureAndValues,Religious Affiliation
recY6xIgalRqvA4dM,cultureAndValues,Character Education
recY6xIgalRqvA4dM,cultureAndValues,Social-Emotional Learning
recY6xIgalRqvA4dM,extracurricularOfferings,Before School Programs
recY6xIgalRqvA4dM,extracurricularOfferings,After School Programs
recY6xIgalRqvA4dM,amenities,"Great Facilities (gym, auditorium, etc.)"
recY6xIgalRqvA4dM,amenities,Small Class Sizes
recY6xIgalRqvA4dM,amenities,Extended School Day/Year
recY6xIgalRqvA4dM,amenities,Security Features
recY89lVbHTZA7fjX,academicFocusAreas,College Prep
recY89lVbHTZA7fjX,supportResources,One-on-One Tutoring
recY89lVbHTZA7fjX,supportResources,ESL/ELL Support
recY89lVbHTZA7fjX,cultureAndValues,Religious Affiliation
recY89lVbHTZA7fjX,cultureAndValues,Character Education
recY89lVbHTZA7fjX,cultureAndValues,Environmental/Outdoor Focus
recY89lVbHTZA7fjX,cultureAndValues,Community Service Focus
recY89lVbHTZA7fjX,extracurricularOfferings,Sports Programs
recY89lVbHTZA7fjX,extracurricularOfferings,Field Trips & Travel Opportunities
recY89lVbHTZA7fjX,amenities,Technology Access
recY89lVbHTZA7fjX,amenities,"Great Facilities (gym, auditorium, etc.)"
recY89lVbHTZA7fjX,amenities,Small Class Sizes
recY89lVbHTZA7fjX,amenities,Multi-Age Classrooms
recY89lVbHTZA7fjX,amenities,Uniforms/Dress Code
recY89lVbHTZA7fjX,amenities,Security Features
recY9eTz0gconFP7R,academicFocusAreas,Vocational/Career Tech
recY9eTz0gconFP7R,supportResources,Special Education Services
recY9eTz0gconFP7R,supportResources,After-School Academic Help
recY9eTz0gconFP7R,supportResources,Reading Specialists
recY9eTz0gconFP7R,supportResources,One-on-One Tutoring
recY9eTz0gconFP7R,cultureAndValues,Religious Affiliation
recY9eTz0gconFP7R,cultureAndValues,Social-Emotional Learning
recY9eTz0gconFP7R,cultureAndValues,Character Education
recY9eTz0gconFP7R,cultureAndValues,Community Service Focus
recY9eTz0gconFP7R,extracurricularOfferings,Field Trips & Travel Opportunities
recY9eTz0gconFP7R,extracurricularOfferings,Clubs & Activities
recY9eTz0gconFP7R,amenities,Technology Access
recY9eTz0gconFP7R,amenities,Small Class Sizes
recY9eTz0gconFP7R,amenities,Multi-Age Classrooms
recYXlRrZbbaAT0qZ,academicFocusAreas,STEM/STEAM
recYXlRrZbbaAT0qZ,academicFocusAreas,Classical Education
recYXlRrZbbaAT0qZ,academicFocusAreas,Montessori
recYXlRrZbbaAT0qZ,academicFocusAreas,Project-Based Learning
recYXlRrZbbaAT0qZ,supportResources,ESL/ELL Support
recYXlRrZbbaAT0qZ,supportResources,Speech Therapy
recYXlRrZbbaAT0qZ,supportResources,Occupational Therapy
recYXlRrZbbaAT0qZ,supportResources,Summer School Programs
recYXlRrZbbaAT0qZ,cultureAndValues,Character Education
recYXlRrZbbaAT0qZ,cultureAndValues,Environmental/Outdoor Focus
recYXlRrZbbaAT0qZ,cultureAndValues,Social-Emotional Learning
recYXlRrZbbaAT0qZ,cultureAndValues,Community Service Focus
recYXlRrZbbaAT0qZ,extracurricularOfferings,Sports Programs
recYXlRrZbbaAT0qZ,extracurricularOfferings,Robotics/Coding
recYXlRrZbbaAT0qZ,extracurricularOfferings,Field Trips & Travel Opportunities
recYXlRrZbbaAT0qZ,extracurricularOfferings,Before School Programs
recYXlRrZbbaAT0qZ,extracurricularOfferings,After School Programs
recYXlRrZbbaAT0qZ,amenities,Transportation Services
recYXlRrZbbaAT0qZ,amenities,Meal Programs
recYXlRrZbbaAT0qZ,amenities,"Great Facilities (gym, auditorium, etc.)"
recYXlRrZbbaAT0qZ,amenities,Small Class Sizes
recYXlRrZbbaAT0qZ,amenities,Multi-Age Classrooms
recYXlRrZbbaAT0qZ,amenities,Extended School Day/Year
recYXlRrZbbaAT0qZ,amenities,Uniforms/Dress Code
recYXlRrZbbaAT0qZ,amenities,Technology Access
recYXlRrZbbaAT0qZ,amenities,Security Features
recYikdb15T2JccxH,academicFocusAreas,Project-Based Learning
recYikdb15T2JccxH,academicFocusAreas,Gifted & Talented
recYikdb15T2JccxH,academicFocusAreas,STEM/STEAM
recYikdb15T2JccxH,supportResources,Reading Specialists
recYikdb15T2JccxH,supportResources,Math Specialists
recYikdb15T2JccxH,supportResources,Special Education Services
recYikdb15T2JccxH,supportResources,Speech Therapy
recYikdb15T2JccxH,supportResources,Counseling Services
recYikdb15T2JccxH,supportResources,After-School Academic Help
recYikdb15T2JccxH,supportResources,Summer School Programs
recYikdb15T2JccxH,supportResources,One-on-One Tutoring
recYikdb15T2JccxH,cultureAndValues,Religious Affiliation
recYikdb15T2JccxH,cultureAndValues,Character Education
recYikdb15T2JccxH,cultureAndValues,Community Service Focus
recYikdb15T2JccxH,cultureAndValues,Social-Emotional Learning
recYikdb15T2JccxH,extracurricularOfferings,Sports Programs
recYikdb15T2JccxH,extracurricularOfferings,"Arts Programs (Visual, Music, Drama, Dance)"
recYikdb15T2JccxH,extracurricularOfferings,Clubs & Activities
recYikdb15T2JccxH,extracurricularOfferings,Before School Programs
recYikdb15T2JccxH,extracurricularOfferings,After School Programs
recYikdb15T2JccxH,extracurricularOfferings,Field Trips & Travel Opportunities
recYikdb15T2JccxH,extracurricularOfferings,Student Publications
recYikdb15T2JccxH,amenities,Transportation Services
recYikdb15T2JccxH,amenities,Meal Programs
recYikdb15T2JccxH,amenities,Technology Access
recYikdb15T2JccxH,amenities,"Great Facilities (gym, auditorium, etc.)"
recYikdb15T2JccxH,amenities,Small Class Sizes
recYikdb15T2JccxH,amenities,Uniforms/Dress Code
recYikdb15T2JccxH,amenities,Security Features
recYikdb15T2JccxH,amenities,Extended School Day/Year
recYtjteuHKyvFjUo,academicFocusAreas,STEM/STEAM
recYtjteuHKyvFjUo,academicFocusAreas,Classical Education
recYtjteuHKyvFjUo,supportResources,Summer School Programs
recYtjteuHKyvFjUo,supportResources,After-School Academic Help
recYtjteuHKyvFjUo,supportResources,Counseling Services
recYtjteuHKyvFjUo,supportResources,Reading Specialists
recYtjteuHKyvFjUo,supportResources,Math Specialists
recYtjteuHKyvFjUo,cultureAndValues,Social-Emotional Learning
recYtjteuHKyvFjUo,cultureAndValues,Environmental/Outdoor Focus
recYtjteuHKyvFjUo,cultureAndValues,Character Education
recYtjteuHKyvFjUo,extracurricularOfferings,Sports Programs
recYtjteuHKyvFjUo,extracurricularOfferings,"Arts Programs (Visual, Music, Drama, Dance)"
recYtjteuHKyvFjUo,extracurricularOfferings,Field Trips & Travel Opportunities
recYtjteuHKyvFjUo,extracurricularOfferings,Before School Programs
recYtjteuHKyvFjUo,extracurricularOfferings,After School Programs
recYtjteuHKyvFjUo,amenities,Transportation Services
recYtjteuHKyvFjUo,amenities,Meal Programs
recYtjteuHKyvFjUo,amenities,Technology Access
recYtjteuHKyvFjUo,amenities,Small Class Sizes
recYtjteuHKyvFjUo,amenities,Extended School Day/Year
recYtjteuHKyvFjUo,amenities,Security Features
recYtjteuHKyvFjUo,amenities,Multi-Age Classrooms
recYtjteuHKyvFjUo,amenities,"Great Facilities (gym, auditorium, etc.)"
recYzjyXFwqKqt1zu,academicFocusAreas,STEM/STEAM
recYzjyXFwqKqt1zu,supportResources,One-on-One Tutoring
recYzjyXFwqKqt1zu,supportResources,Summer School Programs
recYzjyXFwqKqt1zu,supportResources,After-School Academic Help
recYzjyXFwqKqt1zu,extracurricularOfferings,Before School Programs
recYzjyXFwqKqt1zu,extracurricularOfferings,After School Programs
recYzjyXFwqKqt1zu,extracurricularOfferings,Clubs & Activities
recYzjyXFwqKqt1zu,amenities,Meal Programs
recYzjyXFwqKqt1zu,amenities,Small Class Sizes
recYzjyXFwqKqt1zu,amenities,Uniforms/Dress Code
recYzjyXFwqKqt1zu,amenities,Extended School Day/Year
recYzjyXFwqKqt1zu,amenities,Multi-Age Classrooms
recYzjyXFwqKqt1zu,amenities,Security Features
recZ0afLHDVoWCzPv,academicFocusAreas,College Prep
recZ0afLHDVoWCzPv,supportResources,After-School Academic Help
recZ0afLHDVoWCzPv,cultureAndValues,Religious Affiliation
recZ0afLHDVoWCzPv,extracurricularOfferings,Sports Programs
recZ0afLHDVoWCzPv,extracurricularOfferings,Clubs & Activities
recZ0afLHDVoWCzPv,extracurricularOfferings,Field Trips & Travel Opportunities
recZ0afLHDVoWCzPv,extracurricularOfferings,Before School Programs
recZ0afLHDVoWCzPv,extracurricularOfferings,After School Programs
recZ0afLHDVoWCzPv,amenities,Meal Programs
recZ0afLHDVoWCzPv,amenities,Small Class Sizes
recZ0afLHDVoWCzPv,amenities,Uniforms/Dress Code
recZ0afLHDVoWCzPv,amenities,Security Features
recZ5QRv9QcHjfnsu,academicFocusAreas,Project-Based Learning
recZ5QRv9QcHjfnsu,academicFocusAreas,Classical Education
recZ5QRv9QcHjfnsu,academicFocusAreas,Montessori
recZ5QRv9QcHjfnsu,academicFocusAreas,Language Immersion
recZ5QRv9QcHjfnsu,academicFocusAreas,STEM/STEAM
recZ5QRv9QcHjfnsu,supportResources,One-on-One Tutoring
recZ5QRv9QcHjfnsu,supportResources,Special Education Services
recZ5QRv9QcHjfnsu,supportResources,Summer School Programs
recZ5QRv9QcHjfnsu,cultureAndValues,Character Education
recZ5QRv9QcHjfnsu,cultureAndValues,Community Service Focus
recZ5QRv9QcHjfnsu,cultureAndValues,Environmental/Outdoor Focus
recZ5QRv9QcHjfnsu,cultureAndValues,Social-Emotional Learning
recZ5QRv9QcHjfnsu,cultureAndValues,Military/Leadership Structure
recZ5QRv9QcHjfnsu,cultureAndValues,Democratic/Student-Led Governance
recZ5QRv9QcHjfnsu,extracurricularOfferings,Sports Programs
recZ5QRv9QcHjfnsu,extracurricularOfferings,"Arts Programs (Visual, Music, Drama, Dance)"
recZ5QRv9QcHjfnsu,extracurricularOfferings,Debate/Speech
recZ5QRv9QcHjfnsu,extracurricularOfferings,Clubs & Activities
recZ5QRv9QcHjfnsu,extracurricularOfferings,Robotics/Coding
recZ5QRv9QcHjfnsu,amenities,"Great Facilities (gym, auditorium, etc.)"
recZ5QRv9QcHjfnsu,amenities,Technology Access
recZ5QRv9QcHjfnsu,amenities,Small Class Sizes
recZ5QRv9QcHjfnsu,amenities,Multi-Age Classrooms
recZ5QRv9QcHjfnsu,amenities,Extended School Day/Year
recZ5QRv9QcHjfnsu,amenities,Uniforms/Dress Code
recZ5QRv9QcHjfnsu,amenities,Security Features
recZ5QRv9QcHjfnsu,amenities,Meal Programs
recZHsjYTuGAphuhJ,academicFocusAreas,Classical Education
recZHsjYTuGAphuhJ,supportResources,Speech Therapy
recZHsjYTuGAphuhJ,supportResources,After-School Academic Help
recZHsjYTuGAphuhJ,supportResources,Summer School Programs
recZHsjYTuGAphuhJ,cultureAndValues,Character Education
recZHsjYTuGAphuhJ,extracurricularOfferings,Field Trips & Travel Opportunities
recZHsjYTuGAphuhJ,extracurricularOfferings,Before School Programs
recZHsjYTuGAphuhJ,extracurricularOfferings,After School Programs
recZHsjYTuGAphuhJ,amenities,Meal Programs
recZHsjYTuGAphuhJ,amenities,Technology Access
recZHsjYTuGAphuhJ,amenities,"Great Facilities (gym, auditorium, etc.)"
recZHsjYTuGAphuhJ,amenities,Transportation Services
recZHsjYTuGAphuhJ,amenities,Small Class Sizes
recZHsjYTuGAphuhJ,amenities,Extended School Day/Year
recZPLh1q7OxCsIwY,academicFocusAreas,STEM/STEAM
recZPLh1q7OxCsIwY,academicFocusAreas,Project-Based Learning
recZPLh1q7OxCsIwY,academicFocusAreas,Classical Education
recZPLh1q7OxCsIwY,academicFocusAreas,Montessori
recZPLh1q7OxCsIwY,academicFocusAreas,Gifted & Talented
recZPLh1q7OxCsIwY,supportResources,One-on-One Tutoring
recZPLh1q7OxCsIwY,supportResources,Reading Specialists
recZPLh1q7OxCsIwY,supportResources,Special Education Services
recZPLh1q7OxCsIwY,supportResources,Summer School Programs
recZPLh1q7OxCsIwY,supportResources,ESL/ELL Support
recZPLh1q7OxCsIwY,cultureAndValues,Character Education
recZPLh1q7OxCsIwY,cultureAndValues,Community Service Focus
recZPLh1q7OxCsIwY,cultureAndValues,Environmental/Outdoor Focus
recZPLh1q7OxCsIwY,cultureAndValues,Social-Emotional Learning
recZPLh1q7OxCsIwY,cultureAndValues,Democratic/Student-Led Governance
recZPLh1q7OxCsIwY,cultureAndValues,Military/Leadership Structure
recZPLh1q7OxCsIwY,extracurricularOfferings,Sports Programs
recZPLh1q7OxCsIwY,extracurricularOfferings,"Arts Programs (Visual, Music, Drama, Dance)"
recZPLh1q7OxCsIwY,extracurricularOfferings,Clubs & Activities
recZPLh1q7OxCsIwY,extracurricularOfferings,Robotics/Coding
recZPLh1q7OxCsIwY,extracurricularOfferings,Debate/Speech
recZPLh1q7OxCsIwY,amenities,Meal Programs
recZPLh1q7OxCsIwY,amenities,Technology Access
recZPLh1q7OxCsIwY,amenities,"Great Facilities (gym, auditorium, etc.)"
recZPLh1q7OxCsIwY,amenities,Small Class Sizes
recZPLh1q7OxCsIwY,amenities,Multi-Age Classrooms
recZPLh1q7OxCsIwY,amenities,Extended School Day/Year
recZPLh1q7OxCsIwY,amenities,Uniforms/Dress Code
recZPLh1q7OxCsIwY,amenities,Security Features
recZZfsp4FQn0tK8z,academicFocusAreas,Project-Based Learning
recZZfsp4FQn0tK8z,supportResources,After-School Academic Help
recZZfsp4FQn0tK8z,supportResources,Summer School Programs
recZZfsp4FQn0tK8z,cultureAndValues,Social-Emotional Learning
recZZfsp4FQn0tK8z,cultureAndValues,Environmental/Outdoor Focus
recZZfsp4FQn0tK8z,cultureAndValues,Character Education
recZZfsp4FQn0tK8z,extracurricularOfferings,Before School Programs
recZZfsp4FQn0tK8z,extracurricularOfferings,After School Programs
recZZfsp4FQn0tK8z,amenities,Meal Programs
recZZfsp4FQn0tK8z,amenities,"Great Facilities (gym, auditorium, etc.)"
recZZfsp4FQn0tK8z,amenities,Extended School Day/Year
recZZfsp4FQn0tK8z,amenities,Security Features
recZhnNmt5avRGBwh,academicFocusAreas,Classical Education
recZhnNmt5avRGBwh,academicFocusAreas,College Prep
recZhnNmt5avRGBwh,supportResources,One-on-One Tutoring
recZhnNmt5avRGBwh,supportResources,Special Education Services
recZhnNmt5avRGBwh,cultureAndValues,Religious Affiliation
recZhnNmt5avRGBwh,cultureAndValues,Character Education
recZhnNmt5avRGBwh,cultureAndValues,Community Service Focus
recZhnNmt5avRGBwh,cultureAndValues,Social-Emotional Learning
recZhnNmt5avRGBwh,extracurricularOfferings,Sports Programs
recZhnNmt5avRGBwh,extracurricularOfferings,"Arts Programs (Visual, Music, Drama, Dance)"
recZhnNmt5avRGBwh,extracurricularOfferings,Clubs & Activities
recZhnNmt5avRGBwh,extracurricularOfferings,Student Publications
recZhnNmt5avRGBwh,extracurricularOfferings,Field Trips & Travel Opportunities
recZhnNmt5avRGBwh,extracurricularOfferings,After School Programs
recZhnNmt5avRGBwh,amenities,Technology Access
recZhnNmt5avRGBwh,amenities,"Great Facilities (gym, auditorium, etc.)"
recZhnNmt5avRGBwh,amenities,Small Class Sizes
recZhnNmt5avRGBwh,amenities,Uniforms/Dress Code
recZhnNmt5avRGBwh,amenities,Security Features
recZkEZOKSi2UEHAd,supportResources,Reading Specialists
recZkEZOKSi2UEHAd,supportResources,Counseling Services
recZkEZOKSi2UEHAd,supportResources,After-School Academic Help
recZkEZOKSi2UEHAd,cultureAndValues,Religious Affiliation
recZkEZOKSi2UEHAd,extracurricularOfferings,"Arts Programs (Visual, Music, Drama, Dance)"
recZkEZOKSi2UEHAd,extracurricularOfferings,Sports Programs
recZkEZOKSi2UEHAd,extracurricularOfferings,Clubs & Activities
recZkEZOKSi2UEHAd,extracurricularOfferings,Robotics/Coding
recZkEZOKSi2UEHAd,extracurricularOfferings,Student Publications
recZkEZOKSi2UEHAd,extracurricularOfferings,Field Trips & Travel Opportunities
recZkEZOKSi2UEHAd,extracurricularOfferings,Before School Programs
recZkEZOKSi2UEHAd,extracurricularOfferings,After School Programs
recZkEZOKSi2UEHAd,amenities,Technology Access
recZkEZOKSi2UEHAd,amenities,"Great Facilities (gym, auditorium, etc.)"
recZkEZOKSi2UEHAd,amenities,Meal Programs
recZkEZOKSi2UEHAd,amenities,Uniforms/Dress Code
recZkEZOKSi2UEHAd,amenities,Security Features
recZv6PcH5o96NVAd,academicFocusAreas,Classical Education
recZv6PcH5o96NVAd,cultureAndValues,Religious Affiliation
recZv6PcH5o96NVAd,cultureAndValues,Character Education
recZv6PcH5o96NVAd,cultureAndValues,Community Service Focus
recZv6PcH5o96NVAd,extracurricularOfferings,Sports Programs
recZv6PcH5o96NVAd,extracurricularOfferings,"Arts Programs (Visual, Music, Drama, Dance)"
recZv6PcH5o96NVAd,extracurricularOfferings,Clubs & Activities
recZv6PcH5o96NVAd,extracurricularOfferings,Robotics/Coding
recZv6PcH5o96NVAd,extracurricularOfferings,Debate/Speech
recZv6PcH5o96NVAd,extracurricularOfferings,Student Publications
recZv6PcH5o96NVAd,extracurricularOfferings,Field Trips & Travel Opportunities
recZv6PcH5o96NVAd,extracurricularOfferings,After School Programs
recZv6PcH5o96NVAd,amenities,"Great Facilities (gym, auditorium, etc.)"
recZv6PcH5o96NVAd,amenities,Small Class Sizes
recZv6PcH5o96NVAd,amenities,Uniforms/Dress Code
recZv6PcH5o96NVAd,amenities,Security Features
recZvb767p8aYEaAI,academicFocusAreas,STEM/STEAM
recZvb767p8aYEaAI,supportResources,Summer School Programs
recZvb767p8aYEaAI,cultureAndValues,Social-Emotional Learning
recZvb767p8aYEaAI,extracurricularOfferings,Sports Programs
recZvb767p8aYEaAI,extracurricularOfferings,"Arts Programs (Visual, Music, Drama, Dance)"
recZvb767p8aYEaAI,extracurricularOfferings,Robotics/Coding
recZvb767p8aYEaAI,extracurricularOfferings,Before School Programs
recZvb767p8aYEaAI,extracurricularOfferings,After School Programs
recZvb767p8aYEaAI,amenities,Meal Programs
recZvb767p8aYEaAI,amenities,"Great Facilities (gym, auditorium, etc.)"
recZvb767p8aYEaAI,amenities,Small Class Sizes
recZvb767p8aYEaAI,amenities,Extended School Day/Year
recZvb767p8aYEaAI,amenities,Security Features
reca8JOqv0FwGrfLd,academicFocusAreas,STEM/STEAM
reca8JOqv0FwGrfLd,academicFocusAreas,Language Immersion
reca8JOqv0FwGrfLd,academicFocusAreas,Classical Education
reca8JOqv0FwGrfLd,academicFocusAreas,Project-Based Learning
reca8JOqv0FwGrfLd,supportResources,ESL/ELL Support
reca8JOqv0FwGrfLd,supportResources,Speech Therapy
reca8JOqv0FwGrfLd,supportResources,Occupational Therapy
reca8JOqv0FwGrfLd,supportResources,Counseling Services
reca8JOqv0FwGrfLd,supportResources,Summer School Programs
reca8JOqv0FwGrfLd,supportResources,Reading Specialists
reca8JOqv0FwGrfLd,supportResources,Math Specialists
reca8JOqv0FwGrfLd,cultureAndValues,Social-Emotional Learning
reca8JOqv0FwGrfLd,cultureAndValues,Environmental/Outdoor Focus
reca8JOqv0FwGrfLd,cultureAndValues,Character Education
reca8JOqv0FwGrfLd,extracurricularOfferings,Sports Programs
reca8JOqv0FwGrfLd,extracurricularOfferings,"Arts Programs (Visual, Music, Drama, Dance)"
reca8JOqv0FwGrfLd,extracurricularOfferings,Field Trips & Travel Opportunities
reca8JOqv0FwGrfLd,extracurricularOfferings,Clubs & Activities
reca8JOqv0FwGrfLd,amenities,Meal Programs
reca8JOqv0FwGrfLd,amenities,"Great Facilities (gym, auditorium, etc.)"
reca8JOqv0FwGrfLd,amenities,Small Class Sizes
reca8JOqv0FwGrfLd,amenities,Technology Access
reca9R76l6GRUwQCp,supportResources,Summer School Programs
reca9R76l6GRUwQCp,cultureAndValues,Religious Affiliation
reca9R76l6GRUwQCp,cultureAndValues,Character Education
reca9R76l6GRUwQCp,cultureAndValues,Community Service Focus
reca9R76l6GRUwQCp,extracurricularOfferings,Sports Programs
reca9R76l6GRUwQCp,extracurricularOfferings,Field Trips & Travel Opportunities
reca9R76l6GRUwQCp,amenities,"Great Facilities (gym, auditorium, etc.)"
reca9R76l6GRUwQCp,amenities,Small Class Sizes
reca9R76l6GRUwQCp,amenities,Extended School Day/Year
reca9R76l6GRUwQCp,amenities,Uniforms/Dress Code
reca9R76l6GRUwQCp,amenities,Technology Access
recaOjt51XFczd1Xr,academicFocusAreas,College Prep
recaOjt51XFczd1Xr,cultureAndValues,Religious Affiliation
recaOjt51XFczd1Xr,cultureAndValues,Character Education
recaOjt51XFczd1Xr,extracurricularOfferings,Sports Programs
recaOjt51XFczd1Xr,extracurricularOfferings,"Arts Programs (Visual, Music, Drama, Dance)"
recaOjt51XFczd1Xr,extracurricularOfferings,Field Trips & Travel Opportunities
recaOjt51XFczd1Xr,amenities,Small Class Sizes
recaVwwTcx58ErL8Z,academicFocusAreas,College Prep
recaVwwTcx58ErL8Z,academicFocusAreas,Advanced Placement (AP)
recaVwwTcx58ErL8Z,academicFocusAreas,STEM/STEAM
recaVwwTcx58ErL8Z,supportResources,One-on-One Tutoring
recaVwwTcx58ErL8Z,supportResources,Reading Specialists
recaVwwTcx58ErL8Z,supportResources,Math Specialists
recaVwwTcx58ErL8Z,supportResources,Counseling Services
recaVwwTcx58ErL8Z,supportResources,After-School Academic Help
recaVwwTcx58ErL8Z,supportResources,Summer School Programs
recaVwwTcx58ErL8Z,cultureAndValues,Religious Affiliation
recaVwwTcx58ErL8Z,cultureAndValues,Community Service Focus
recaVwwTcx58ErL8Z,cultureAndValues,Character Education
recaVwwTcx58ErL8Z,cultureAndValues,Social-Emotional Learning
recaVwwTcx58ErL8Z,extracurricularOfferings,Sports Programs
recaVwwTcx58ErL8Z,extracurricularOfferings,"Arts Programs (Visual, Music, Drama, Dance)"
recaVwwTcx58ErL8Z,extracurricularOfferings,Clubs & Activities
recaVwwTcx58ErL8Z,extracurricularOfferings,Robotics/Coding
recaVwwTcx58ErL8Z,extracurricularOfferings,Debate/Speech
recaVwwTcx58ErL8Z,extracurricularOfferings,Student Publications
recaVwwTcx58ErL8Z,extracurricularOfferings,Field Trips & Travel Opportunities
recaVwwTcx58ErL8Z,extracurricularOfferings,Before School Programs
recaVwwTcx58ErL8Z,extracurricularOfferings,After School Programs
recaVwwTcx58ErL8Z,amenities,Transportation Services
recaVwwTcx58ErL8Z,amenities,Meal Programs
recaVwwTcx58ErL8Z,amenities,Technology Access
recaVwwTcx58ErL8Z,amenities,"Great Facilities (gym, auditorium, etc.)"
recaVwwTcx58ErL8Z,amenities,Small Class Sizes
recaVwwTcx58ErL8Z,amenities,Extended School Day/Year
recaVwwTcx58ErL8Z,amenities,Uniforms/Dress Code
recaVwwTcx58ErL8Z,amenities,Security Features
recaW0bnDpHY8Y6zH,academicFocusAreas,Advanced Placement (AP)
recaW0bnDpHY8Y6zH,academicFocusAreas,College Prep
recaW0bnDpHY8Y6zH,academicFocusAreas,STEM/STEAM
recaW0bnDpHY8Y6zH,academicFocusAreas,Project-Based Learning
recaW0bnDpHY8Y6zH,supportResources,Counseling Services
recaW0bnDpHY8Y6zH,supportResources,After-School Academic Help
recaW0bnDpHY8Y6zH,supportResources,Summer School Programs
recaW0bnDpHY8Y6zH,supportResources,Special Education Services
recaW0bnDpHY8Y6zH,supportResources,Math Specialists
recaW0bnDpHY8Y6zH,supportResources,Reading Specialists
recaW0bnDpHY8Y6zH,cultureAndValues,Community Service Focus
recaW0bnDpHY8Y6zH,cultureAndValues,Religious Affiliation
recaW0bnDpHY8Y6zH,cultureAndValues,Social-Emotional Learning
recaW0bnDpHY8Y6zH,cultureAndValues,Democratic/Student-Led Governance
recaW0bnDpHY8Y6zH,cultureAndValues,Character Education
recaW0bnDpHY8Y6zH,cultureAndValues,Environmental/Outdoor Focus
recaW0bnDpHY8Y6zH,cultureAndValues,Military/Leadership Structure
recaW0bnDpHY8Y6zH,extracurricularOfferings,Sports Programs
recaW0bnDpHY8Y6zH,extracurricularOfferings,"Arts Programs (Visual, Music, Drama, Dance)"
recaW0bnDpHY8Y6zH,extracurricularOfferings,Clubs & Activities
recaW0bnDpHY8Y6zH,extracurricularOfferings,Robotics/Coding
recaW0bnDpHY8Y6zH,extracurricularOfferings,Debate/Speech
recaW0bnDpHY8Y6zH,extracurricularOfferings,Student Publications
recaW0bnDpHY8Y6zH,extracurricularOfferings,Field Trips & Travel Opportunities
recaW0bnDpHY8Y6zH,extracurricularOfferings,Before School Programs
recaW0bnDpHY8Y6zH,extracurricularOfferings,After School Programs
recaW0bnDpHY8Y6zH,amenities,Meal Programs
recaW0bnDpHY8Y6zH,amenities,Technology Access
recaW0bnDpHY8Y6zH,amenities,Small Class Sizes
recaW0bnDpHY8Y6zH,amenities,Uniforms/Dress Code
recaW0bnDpHY8Y6zH,amenities,Security Features
recairnzHc6sqLzib,academicFocusAreas,Project-Based Learning
recairnzHc6sqLzib,academicFocusAreas,College Prep
recairnzHc6sqLzib,academicFocusAreas,Advanced Placement (AP)
recairnzHc6sqLzib,supportResources,After-School Academic Help
recairnzHc6sqLzib,cultureAndValues,Religious Affiliation
recairnzHc6sqLzib,cultureAndValues,Community Service Focus
recairnzHc6sqLzib,cultureAndValues,Social-Emotional Learning
recairnzHc6sqLzib,cultureAndValues,Character Education
recairnzHc6sqLzib,extracurricularOfferings,"Arts Programs (Visual, Music, Drama, Dance)"
recairnzHc6sqLzib,extracurricularOfferings,Clubs & Activities
recairnzHc6sqLzib,extracurricularOfferings,Robotics/Coding
recairnzHc6sqLzib,extracurricularOfferings,Debate/Speech
recairnzHc6sqLzib,extracurricularOfferings,Sports Programs
recairnzHc6sqLzib,extracurricularOfferings,Field Trips & Travel Opportunities
recairnzHc6sqLzib,amenities,"Great Facilities (gym, auditorium, etc.)"
recairnzHc6sqLzib,amenities,Small Class Sizes
recairnzHc6sqLzib,amenities,Uniforms/Dress Code
recairnzHc6sqLzib,amenities,Security Features
recaqdHRyFXkzKQVX,academicFocusAreas,College Prep
recaqdHRyFXkzKQVX,supportResources,One-on-One Tutoring
recaqdHRyFXkzKQVX,supportResources,Reading Specialists
recaqdHRyFXkzKQVX,supportResources,Speech Therapy
recaqdHRyFXkzKQVX,supportResources,Occupational Therapy
recaqdHRyFXkzKQVX,supportResources,Counseling Services
recaqdHRyFXkzKQVX,supportResources,Summer School Programs
recaqdHRyFXkzKQVX,cultureAndValues,Religious Affiliation
recaqdHRyFXkzKQVX,cultureAndValues,Social-Emotional Learning
recaqdHRyFXkzKQVX,cultureAndValues,Character Education
recaqdHRyFXkzKQVX,extracurricularOfferings,"Arts Programs (Visual, Music, Drama, Dance)"
recaqdHRyFXkzKQVX,extracurricularOfferings,Field Trips & Travel Opportunities
recaqdHRyFXkzKQVX,extracurricularOfferings,Before School Programs
recaqdHRyFXkzKQVX,extracurricularOfferings,After School Programs
recaqdHRyFXkzKQVX,amenities,Meal Programs
recaqdHRyFXkzKQVX,amenities,Technology Access
recaqdHRyFXkzKQVX,amenities,Transportation Services
recaqdHRyFXkzKQVX,amenities,Small Class Sizes
recaqdHRyFXkzKQVX,amenities,Uniforms/Dress Code
recarwHfQDhyAp6vA,academicFocusAreas,STEM/STEAM
recarwHfQDhyAp6vA,academicFocusAreas,College Prep
recarwHfQDhyAp6vA,academicFocusAreas,Advanced Placement (AP)
recarwHfQDhyAp6vA,cultureAndValues,Religious Affiliation
recarwHfQDhyAp6vA,cultureAndValues,Character Education
recarwHfQDhyAp6vA,cultureAndValues,Community Service Focus
recarwHfQDhyAp6vA,extracurricularOfferings,Sports Programs
recarwHfQDhyAp6vA,extracurricularOfferings,"Arts Programs (Visual, Music, Drama, Dance)"
recarwHfQDhyAp6vA,extracurricularOfferings,Student Publications
recarwHfQDhyAp6vA,extracurricularOfferings,Field Trips & Travel Opportunities
recarwHfQDhyAp6vA,extracurricularOfferings,After School Programs
recarwHfQDhyAp6vA,amenities,"Great Facilities (gym, auditorium, etc.)"
recarwHfQDhyAp6vA,amenities,Small Class Sizes
recarwHfQDhyAp6vA,amenities,Security Features
recarwHfQDhyAp6vA,amenities,Technology Access
recbS7LzT1zx1gD7h,academicFocusAreas,Classical Education
recbS7LzT1zx1gD7h,academicFocusAreas,STEM/STEAM
recbS7LzT1zx1gD7h,supportResources,After-School Academic Help
recbS7LzT1zx1gD7h,supportResources,Summer School Programs
recbS7LzT1zx1gD7h,cultureAndValues,Social-Emotional Learning
recbS7LzT1zx1gD7h,cultureAndValues,Character Education
recbS7LzT1zx1gD7h,extracurricularOfferings,After School Programs
recbS7LzT1zx1gD7h,amenities,Security Features
recbS7LzT1zx1gD7h,amenities,Multi-Age Classrooms
recbS7LzT1zx1gD7h,amenities,Extended School Day/Year
recbS7LzT1zx1gD7h,amenities,Meal Programs
recbS7LzT1zx1gD7h,amenities,Small Class Sizes
recbS7LzT1zx1gD7h,amenities,"Great Facilities (gym, auditorium, etc.)"
recba1YwmlpYtZsRd,academicFocusAreas,STEM/STEAM
recba1YwmlpYtZsRd,academicFocusAreas,Project-Based Learning
recba1YwmlpYtZsRd,academicFocusAreas,Gifted & Talented
recba1YwmlpYtZsRd,academicFocusAreas,Advanced Placement (AP)
recba1YwmlpYtZsRd,supportResources,One-on-One Tutoring
recba1YwmlpYtZsRd,supportResources,Math Specialists
recba1YwmlpYtZsRd,supportResources,Reading Specialists
recba1YwmlpYtZsRd,supportResources,Special Education Services
recba1YwmlpYtZsRd,supportResources,After-School Academic Help
recba1YwmlpYtZsRd,supportResources,Summer School Programs
recba1YwmlpYtZsRd,cultureAndValues,Character Education
recba1YwmlpYtZsRd,cultureAndValues,Religious Affiliation
recba1YwmlpYtZsRd,cultureAndValues,Community Service Focus
recba1YwmlpYtZsRd,cultureAndValues,Social-Emotional Learning
recba1YwmlpYtZsRd,extracurricularOfferings,Sports Programs
recba1YwmlpYtZsRd,extracurricularOfferings,Clubs & Activities
recba1YwmlpYtZsRd,extracurricularOfferings,"Arts Programs (Visual, Music, Drama, Dance)"
recba1YwmlpYtZsRd,extracurricularOfferings,Debate/Speech
recba1YwmlpYtZsRd,extracurricularOfferings,Field Trips & Travel Opportunities
recba1YwmlpYtZsRd,extracurricularOfferings,Before School Programs
recba1YwmlpYtZsRd,extracurricularOfferings,After School Programs
recba1YwmlpYtZsRd,amenities,Meal Programs
recba1YwmlpYtZsRd,amenities,"Great Facilities (gym, auditorium, etc.)"
recba1YwmlpYtZsRd,amenities,Technology Access
recba1YwmlpYtZsRd,amenities,Small Class Sizes
recba1YwmlpYtZsRd,amenities,Multi-Age Classrooms
recba1YwmlpYtZsRd,amenities,Security Features
recbbBwOcS2TVtGAQ,academicFocusAreas,Montessori
recbbBwOcS2TVtGAQ,academicFocusAreas,Project-Based Learning
recbbBwOcS2TVtGAQ,academicFocusAreas,Gifted & Talented
recbbBwOcS2TVtGAQ,supportResources,Summer School Programs
recbbBwOcS2TVtGAQ,cultureAndValues,Character Education
recbbBwOcS2TVtGAQ,cultureAndValues,Community Service Focus
recbbBwOcS2TVtGAQ,cultureAndValues,Environmental/Outdoor Focus
recbbBwOcS2TVtGAQ,cultureAndValues,Social-Emotional Learning
recbbBwOcS2TVtGAQ,cultureAndValues,Democratic/Student-Led Governance
recbbBwOcS2TVtGAQ,extracurricularOfferings,Sports Programs
recbbBwOcS2TVtGAQ,extracurricularOfferings,Clubs & Activities
recbbBwOcS2TVtGAQ,extracurricularOfferings,Debate/Speech
recbbBwOcS2TVtGAQ,extracurricularOfferings,After School Programs
recbbBwOcS2TVtGAQ,extracurricularOfferings,Field Trips & Travel Opportunities
recbbBwOcS2TVtGAQ,extracurricularOfferings,Student Publications
recbbBwOcS2TVtGAQ,amenities,Technology Access
recbbBwOcS2TVtGAQ,amenities,Small Class Sizes
recbbBwOcS2TVtGAQ,amenities,Multi-Age Classrooms
recbbBwOcS2TVtGAQ,amenities,Extended School Day/Year
recbdIFzqVwTh5EVS,academicFocusAreas,STEM/STEAM
recbdIFzqVwTh5EVS,academicFocusAreas,Project-Based Learning
recbdIFzqVwTh5EVS,academicFocusAreas,Classical Education
recbdIFzqVwTh5EVS,supportResources,One-on-One Tutoring
recbdIFzqVwTh5EVS,supportResources,Reading Specialists
recbdIFzqVwTh5EVS,supportResources,ESL/ELL Support
recbdIFzqVwTh5EVS,supportResources,Summer School Programs
recbdIFzqVwTh5EVS,supportResources,After-School Academic Help
recbdIFzqVwTh5EVS,cultureAndValues,Character Education
recbdIFzqVwTh5EVS,cultureAndValues,Community Service Focus
recbdIFzqVwTh5EVS,cultureAndValues,Environmental/Outdoor Focus
recbdIFzqVwTh5EVS,cultureAndValues,Social-Emotional Learning
recbdIFzqVwTh5EVS,extracurricularOfferings,Field Trips & Travel Opportunities
recbdIFzqVwTh5EVS,extracurricularOfferings,Before School Programs
recbdIFzqVwTh5EVS,extracurricularOfferings,After School Programs
recbdIFzqVwTh5EVS,amenities,Transportation Services
recbdIFzqVwTh5EVS,amenities,Meal Programs
recbdIFzqVwTh5EVS,amenities,Extended School Day/Year
recbdIFzqVwTh5EVS,amenities,Small Class Sizes
recbhryL4wcs4U0ri,academicFocusAreas,STEM/STEAM
recbhryL4wcs4U0ri,academicFocusAreas,Language Immersion
recbhryL4wcs4U0ri,supportResources,After-School Academic Help
recbhryL4wcs4U0ri,supportResources,Summer School Programs
recbhryL4wcs4U0ri,cultureAndValues,Social-Emotional Learning
recbhryL4wcs4U0ri,cultureAndValues,Character Education
recbhryL4wcs4U0ri,cultureAndValues,Community Service Focus
recbhryL4wcs4U0ri,extracurricularOfferings,Field Trips & Travel Opportunities
recbhryL4wcs4U0ri,extracurricularOfferings,Before School Programs
recbhryL4wcs4U0ri,extracurricularOfferings,After School Programs
recbhryL4wcs4U0ri,extracurricularOfferings,"Arts Programs (Visual, Music, Drama, Dance)"
recbhryL4wcs4U0ri,amenities,Transportation Services
recbhryL4wcs4U0ri,amenities,Meal Programs
recbhryL4wcs4U0ri,amenities,Technology Access
recbhryL4wcs4U0ri,amenities,Extended School Day/Year
recbhryL4wcs4U0ri,amenities,Security Features
recbhryL4wcs4U0ri,amenities,Small Class Sizes
recbhryL4wcs4U0ri,amenities,Multi-Age Classrooms
recbj5fZ6N2gfRoLZ,supportResources,One-on-One Tutoring
recbj5fZ6N2gfRoLZ,supportResources,Special Education Services
recbj5fZ6N2gfRoLZ,supportResources,Speech Therapy
recbj5fZ6N2gfRoLZ,supportResources,Summer School Programs
recbj5fZ6N2gfRoLZ,cultureAndValues,Character Education
recbj5fZ6N2gfRoLZ,cultureAndValues,Religious Affiliation
recbj5fZ6N2gfRoLZ,cultureAndValues,Community Service Focus
recbnf8ZPoKCTPfJg,academicFocusAreas,Project-Based Learning
recbnf8ZPoKCTPfJg,supportResources,Summer School Programs
recbnf8ZPoKCTPfJg,cultureAndValues,Religious Affiliation
recbnf8ZPoKCTPfJg,cultureAndValues,Social-Emotional Learning
recbnf8ZPoKCTPfJg,extracurricularOfferings,Before School Programs
recbnf8ZPoKCTPfJg,extracurricularOfferings,After School Programs
recbnf8ZPoKCTPfJg,amenities,Meal Programs
recbnf8ZPoKCTPfJg,amenities,"Great Facilities (gym, auditorium, etc.)"
recbnf8ZPoKCTPfJg,amenities,Small Class Sizes
recbnf8ZPoKCTPfJg,amenities,Extended School Day/Year
recbnf8ZPoKCTPfJg,amenities,Security Features
recc67ahK0ID4QohG,cultureAndValues,Religious Affiliation
recc67ahK0ID4QohG,cultureAndValues,Character Education
recc67ahK0ID4QohG,cultureAndValues,Social-Emotional Learning
recc67ahK0ID4QohG,amenities,Small Class Sizes
recc67ahK0ID4QohG,amenities,Extended School Day/Year
recc67ahK0ID4QohG,amenities,Security Features
reccIiBZHbaaAJTID,academicFocusAreas,College Prep
reccIiBZHbaaAJTID,academicFocusAreas,Gifted & Talented
reccIiBZHbaaAJTID,academicFocusAreas,STEM/STEAM
reccIiBZHbaaAJTID,supportResources,Summer School Programs
reccIiBZHbaaAJTID,supportResources,Counseling Services
reccIiBZHbaaAJTID,supportResources,Special Education Services
reccIiBZHbaaAJTID,cultureAndValues,Religious Affiliation
reccIiBZHbaaAJTID,extracurricularOfferings,Sports Programs
reccIiBZHbaaAJTID,extracurricularOfferings,"Arts Programs (Visual, Music, Drama, Dance)"
reccIiBZHbaaAJTID,extracurricularOfferings,Clubs & Activities
reccIiBZHbaaAJTID,extracurricularOfferings,Robotics/Coding
reccIiBZHbaaAJTID,extracurricularOfferings,Debate/Speech
reccIiBZHbaaAJTID,extracurricularOfferings,Student Publications
reccIiBZHbaaAJTID,extracurricularOfferings,Field Trips & Travel Opportunities
reccIiBZHbaaAJTID,extracurricularOfferings,Before School Programs
reccIiBZHbaaAJTID,extracurricularOfferings,After School Programs
reccIiBZHbaaAJTID,amenities,Small Class Sizes
reccIiBZHbaaAJTID,amenities,Technology Access
reccIiBZHbaaAJTID,amenities,Transportation Services
reccIiBZHbaaAJTID,amenities,"Great Facilities (gym, auditorium, etc.)"
reccIiBZHbaaAJTID,amenities,Uniforms/Dress Code
reccIiBZHbaaAJTID,amenities,Security Features
reccUyR62s3l0yngV,academicFocusAreas,STEM/STEAM
reccUyR62s3l0yngV,academicFocusAreas,Project-Based Learning
reccUyR62s3l0yngV,supportResources,Speech Therapy
reccUyR62s3l0yngV,supportResources,Counseling Services
reccUyR62s3l0yngV,supportResources,After-School Academic Help
reccUyR62s3l0yngV,supportResources,Summer School Programs
reccUyR62s3l0yngV,cultureAndValues,Character Education
reccUyR62s3l0yngV,cultureAndValues,Environmental/Outdoor Focus
reccUyR62s3l0yngV,cultureAndValues,Social-Emotional Learning
reccUyR62s3l0yngV,cultureAndValues,Community Service Focus
reccUyR62s3l0yngV,extracurricularOfferings,Sports Programs
reccUyR62s3l0yngV,extracurricularOfferings,"Arts Programs (Visual, Music, Drama, Dance)"
reccUyR62s3l0yngV,extracurricularOfferings,Field Trips & Travel Opportunities
reccUyR62s3l0yngV,extracurricularOfferings,Before School Programs
reccUyR62s3l0yngV,extracurricularOfferings,After School Programs
reccUyR62s3l0yngV,amenities,Transportation Services
reccUyR62s3l0yngV,amenities,Meal Programs
reccUyR62s3l0yngV,amenities,Technology Access
reccUyR62s3l0yngV,amenities,Small Class Sizes
reccUyR62s3l0yngV,amenities,Extended School Day/Year
reccUyR62s3l0yngV,amenities,Security Features
reccWIgIZUgFp0dEf,academicFocusAreas,STEM/STEAM
reccWIgIZUgFp0dEf,academicFocusAreas,Project-Based Learning
reccWIgIZUgFp0dEf,supportResources,Summer School Programs
reccWIgIZUgFp0dEf,cultureAndValues,Character Education
reccWIgIZUgFp0dEf,cultureAndValues,Community Service Focus
reccWIgIZUgFp0dEf,cultureAndValues,Religious Affiliation
reccWIgIZUgFp0dEf,extracurricularOfferings,Sports Programs
reccWIgIZUgFp0dEf,extracurricularOfferings,"Arts Programs (Visual, Music, Drama, Dance)"
reccWIgIZUgFp0dEf,extracurricularOfferings,Clubs & Activities
reccWIgIZUgFp0dEf,extracurricularOfferings,Robotics/Coding
reccWIgIZUgFp0dEf,extracurricularOfferings,Field Trips & Travel Opportunities
reccWIgIZUgFp0dEf,extracurricularOfferings,After School Programs
reccWIgIZUgFp0dEf,extracurricularOfferings,Student Publications
reccWIgIZUgFp0dEf,amenities,Meal Programs
reccWIgIZUgFp0dEf,amenities,"Great Facilities (gym, auditorium, etc.)"
reccWIgIZUgFp0dEf,amenities,Technology Access
reccWIgIZUgFp0dEf,amenities,Small Class Sizes
reccWIgIZUgFp0dEf,amenities,Uniforms/Dress Code
reccWIgIZUgFp0dEf,amenities,Security Features
reccb7bZGO2piuTUg,cultureAndValues,Religious Affiliation
reccb7bZGO2piuTUg,cultureAndValues,Character Education
reccb7bZGO2piuTUg,extracurricularOfferings,Field Trips & Travel Opportunities
reccb7bZGO2piuTUg,extracurricularOfferings,After School Programs
reccb7bZGO2piuTUg,extracurricularOfferings,Robotics/Coding
reccb7bZGO2piuTUg,amenities,Multi-Age Classrooms
reccb7bZGO2piuTUg,amenities,Small Class Sizes
reccb7bZGO2piuTUg,amenities,Uniforms/Dress Code
reccb7bZGO2piuTUg,amenities,Technology Access
recccxPX1Ws5cliHg,academicFocusAreas,College Prep
recccxPX1Ws5cliHg,supportResources,Summer School Programs
recccxPX1Ws5cliHg,cultureAndValues,Religious Affiliation
recccxPX1Ws5cliHg,cultureAndValues,Character Education
recccxPX1Ws5cliHg,cultureAndValues,Social-Emotional Learning
recccxPX1Ws5cliHg,extracurricularOfferings,Field Trips & Travel Opportunities
recccxPX1Ws5cliHg,extracurricularOfferings,Before School Programs
recccxPX1Ws5cliHg,extracurricularOfferings,After School Programs
recccxPX1Ws5cliHg,extracurricularOfferings,"Arts Programs (Visual, Music, Drama, Dance)"
recccxPX1Ws5cliHg,amenities,Small Class Sizes
recccxPX1Ws5cliHg,amenities,Extended School Day/Year
recccxPX1Ws5cliHg,amenities,Uniforms/Dress Code
recccxPX1Ws5cliHg,amenities,"Great Facilities (gym, auditorium, etc.)"
reccgJYSnWnW2Yxab,academicFocusAreas,STEM/STEAM
reccgJYSnWnW2Yxab,supportResources,Reading Specialists
reccgJYSnWnW2Yxab,supportResources,Math Specialists
reccgJYSnWnW2Yxab,supportResources,Speech Therapy
reccgJYSnWnW2Yxab,supportResources,Counseling Services
reccgJYSnWnW2Yxab,cultureAndValues,Religious Affiliation
reccgJYSnWnW2Yxab,cultureAndValues,Character Education
reccgJYSnWnW2Yxab,cultureAndValues,Community Service Focus
reccgJYSnWnW2Yxab,cultureAndValues,Social-Emotional Learning
reccgJYSnWnW2Yxab,extracurricularOfferings,Sports Programs
reccgJYSnWnW2Yxab,extracurricularOfferings,"Arts Programs (Visual, Music, Drama, Dance)"
reccgJYSnWnW2Yxab,extracurricularOfferings,Clubs & Activities
reccgJYSnWnW2Yxab,extracurricularOfferings,Robotics/Coding
reccgJYSnWnW2Yxab,extracurricularOfferings,Field Trips & Travel Opportunities
reccgJYSnWnW2Yxab,extracurricularOfferings,After School Programs
reccgJYSnWnW2Yxab,amenities,Meal Programs
reccgJYSnWnW2Yxab,amenities,Technology Access
reccgJYSnWnW2Yxab,amenities,"Great Facilities (gym, auditorium, etc.)"
reccgJYSnWnW2Yxab,amenities,Small Class Sizes
reccgJYSnWnW2Yxab,amenities,Transportation Services
reccgJYSnWnW2Yxab,amenities,Uniforms/Dress Code
reccgJYSnWnW2Yxab,amenities,Security Features
reccmnacklUQPWajS,cultureAndValues,Religious Affiliation
reccmnacklUQPWajS,cultureAndValues,Character Education
reccmnacklUQPWajS,extracurricularOfferings,After School Programs
reccmnacklUQPWajS,amenities,Small Class Sizes
reccmnacklUQPWajS,amenities,Multi-Age Classrooms
reccmnacklUQPWajS,amenities,Uniforms/Dress Code
reccmnacklUQPWajS,amenities,Security Features
recco10TiFRuj8m8w,academicFocusAreas,Classical Education
recco10TiFRuj8m8w,supportResources,Summer School Programs
recco10TiFRuj8m8w,cultureAndValues,Character Education
recco10TiFRuj8m8w,cultureAndValues,Environmental/Outdoor Focus
recco10TiFRuj8m8w,cultureAndValues,Social-Emotional Learning
recco10TiFRuj8m8w,extracurricularOfferings,Before School Programs
recco10TiFRuj8m8w,extracurricularOfferings,After School Programs
recco10TiFRuj8m8w,amenities,Meal Programs
recco10TiFRuj8m8w,amenities,Small Class Sizes
recco10TiFRuj8m8w,amenities,Extended School Day/Year
recco10TiFRuj8m8w,amenities,Transportation Services
reccp2uQYeE9tJhy0,academicFocusAreas,Montessori
reccp2uQYeE9tJhy0,academicFocusAreas,Classical Education
reccp2uQYeE9tJhy0,cultureAndValues,Social-Emotional Learning
reccp2uQYeE9tJhy0,cultureAndValues,Character Education
reccp2uQYeE9tJhy0,cultureAndValues,Environmental/Outdoor Focus
reccp2uQYeE9tJhy0,extracurricularOfferings,Sports Programs
reccp2uQYeE9tJhy0,extracurricularOfferings,Before School Programs
reccp2uQYeE9tJhy0,extracurricularOfferings,After School Programs
reccp2uQYeE9tJhy0,amenities,Meal Programs
reccp2uQYeE9tJhy0,amenities,Multi-Age Classrooms
reccp2uQYeE9tJhy0,amenities,Extended School Day/Year
reccp2uQYeE9tJhy0,amenities,Security Features
reccp2uQYeE9tJhy0,amenities,"Great Facilities (gym, auditorium, etc.)"
reccypmmpf3qIVhTa,academicFocusAreas,STEM/STEAM
reccypmmpf3qIVhTa,academicFocusAreas,Project-Based Learning
reccypmmpf3qIVhTa,academicFocusAreas,Classical Education
reccypmmpf3qIVhTa,supportResources,ESL/ELL Support
reccypmmpf3qIVhTa,supportResources,Reading Specialists
reccypmmpf3qIVhTa,supportResources,Math Specialists
reccypmmpf3qIVhTa,supportResources,After-School Academic Help
reccypmmpf3qIVhTa,supportResources,Summer School Programs
reccypmmpf3qIVhTa,cultureAndValues,Character Education
reccypmmpf3qIVhTa,cultureAndValues,Social-Emotional Learning
reccypmmpf3qIVhTa,extracurricularOfferings,Field Trips & Travel Opportunities
reccypmmpf3qIVhTa,extracurricularOfferings,Before School Programs
reccypmmpf3qIVhTa,extracurricularOfferings,After School Programs
reccypmmpf3qIVhTa,extracurricularOfferings,Clubs & Activities
reccypmmpf3qIVhTa,extracurricularOfferings,"Arts Programs (Visual, Music, Drama, Dance)"
reccypmmpf3qIVhTa,amenities,Meal Programs
reccypmmpf3qIVhTa,amenities,Technology Access
reccypmmpf3qIVhTa,amenities,Small Class Sizes
reccypmmpf3qIVhTa,amenities,Extended School Day/Year
reccypmmpf3qIVhTa,amenities,Security Features
reccypmmpf3qIVhTa,amenities,Transportation Services
recd3VRfL0awGjwwt,academicFocusAreas,Project-Based Learning
recd3VRfL0awGjwwt,cultureAndValues,Character Education
recd3VRfL0awGjwwt,cultureAndValues,Social-Emotional Learning
recd3VRfL0awGjwwt,extracurricularOfferings,"Arts Programs (Visual, Music, Drama, Dance)"
recd3VRfL0awGjwwt,extracurricularOfferings,Field Trips & Travel Opportunities
recd3VRfL0awGjwwt,extracurricularOfferings,Before School Programs
recd3VRfL0awGjwwt,extracurricularOfferings,After School Programs
recd3VRfL0awGjwwt,amenities,Transportation Services
recd3VRfL0awGjwwt,amenities,Meal Programs
recd3VRfL0awGjwwt,amenities,"Great Facilities (gym, auditorium, etc.)"
recd3VRfL0awGjwwt,amenities,Small Class Sizes
recd3VRfL0awGjwwt,amenities,Extended School Day/Year
recd3VRfL0awGjwwt,amenities,Security Features
recdAPL6MoL95EuYo,supportResources,Reading Specialists
recdAPL6MoL95EuYo,supportResources,ESL/ELL Support
recdAPL6MoL95EuYo,supportResources,Speech Therapy
recdAPL6MoL95EuYo,cultureAndValues,Social-Emotional Learning
recdAPL6MoL95EuYo,extracurricularOfferings,"Arts Programs (Visual, Music, Drama, Dance)"
recdAPL6MoL95EuYo,extracurricularOfferings,After School Programs
recdAPL6MoL95EuYo,amenities,Small Class Sizes
recdESWr2fvyJU0oj,academicFocusAreas,College Prep
recdESWr2fvyJU0oj,cultureAndValues,Religious Affiliation
recdESWr2fvyJU0oj,cultureAndValues,Character Education
recdESWr2fvyJU0oj,cultureAndValues,Community Service Focus
recdESWr2fvyJU0oj,cultureAndValues,Democratic/Student-Led Governance
recdESWr2fvyJU0oj,extracurricularOfferings,Sports Programs
recdESWr2fvyJU0oj,extracurricularOfferings,"Arts Programs (Visual, Music, Drama, Dance)"
recdESWr2fvyJU0oj,extracurricularOfferings,Student Publications
recdESWr2fvyJU0oj,extracurricularOfferings,Field Trips & Travel Opportunities
recdESWr2fvyJU0oj,extracurricularOfferings,After School Programs
recdESWr2fvyJU0oj,extracurricularOfferings,Clubs & Activities
recdESWr2fvyJU0oj,extracurricularOfferings,Debate/Speech
recdESWr2fvyJU0oj,amenities,Technology Access
recdESWr2fvyJU0oj,amenities,Small Class Sizes
recdESWr2fvyJU0oj,amenities,Uniforms/Dress Code
recdESWr2fvyJU0oj,amenities,Security Features
recdI1fbyvp9m93LN,cultureAndValues,Religious Affiliation
recdI1fbyvp9m93LN,cultureAndValues,Social-Emotional Learning
recdI1fbyvp9m93LN,cultureAndValues,Community Service Focus
recdI1fbyvp9m93LN,extracurricularOfferings,"Arts Programs (Visual, Music, Drama, Dance)"
recdI1fbyvp9m93LN,extracurricularOfferings,Clubs & Activities
recdI1fbyvp9m93LN,extracurricularOfferings,After School Programs
recdI1fbyvp9m93LN,extracurricularOfferings,Before School Programs
recdI1fbyvp9m93LN,extracurricularOfferings,Field Trips & Travel Opportunities
recdI1fbyvp9m93LN,amenities,Technology Access
recdI1fbyvp9m93LN,amenities,Small Class Sizes
recdI1fbyvp9m93LN,amenities,Uniforms/Dress Code
recdZ7xKF4TSsnetI,academicFocusAreas,STEM/STEAM
recdZ7xKF4TSsnetI,academicFocusAreas,Project-Based Learning
recdZ7xKF4TSsnetI,academicFocusAreas,Classical Education
recdZ7xKF4TSsnetI,supportResources,Reading Specialists
recdZ7xKF4TSsnetI,supportResources,ESL/ELL Support
recdZ7xKF4TSsnetI,supportResources,Summer School Programs
recdZ7xKF4TSsnetI,supportResources,After-School Academic Help
recdZ7xKF4TSsnetI,supportResources,One-on-One Tutoring
recdZ7xKF4TSsnetI,cultureAndValues,Character Education
recdZ7xKF4TSsnetI,cultureAndValues,Social-Emotional Learning
recdZ7xKF4TSsnetI,cultureAndValues,Community Service Focus
recdZ7xKF4TSsnetI,cultureAndValues,Environmental/Outdoor Focus
recdZ7xKF4TSsnetI,extracurricularOfferings,Field Trips & Travel Opportunities
recdZ7xKF4TSsnetI,extracurricularOfferings,Before School Programs
recdZ7xKF4TSsnetI,extracurricularOfferings,After School Programs
recdZ7xKF4TSsnetI,amenities,Transportation Services
recdZ7xKF4TSsnetI,amenities,Small Class Sizes
recdZ7xKF4TSsnetI,amenities,Extended School Day/Year
recdZ7xKF4TSsnetI,amenities,Meal Programs
recdbs25pXNS9jopT,academicFocusAreas,Montessori
recdbs25pXNS9jopT,academicFocusAreas,STEM/STEAM
recdbs25pXNS9jopT,academicFocusAreas,College Prep
recdbs25pXNS9jopT,supportResources,Reading Specialists
recdbs25pXNS9jopT,supportResources,One-on-One Tutoring
recdbs25pXNS9jopT,supportResources,Math Specialists
recdbs25pXNS9jopT,supportResources,Special Education Services
recdbs25pXNS9jopT,supportResources,Speech Therapy
recdbs25pXNS9jopT,supportResources,Counseling Services
recdbs25pXNS9jopT,supportResources,After-School Academic Help
recdbs25pXNS9jopT,supportResources,Summer School Programs
recdbs25pXNS9jopT,cultureAndValues,Character Education
recdbs25pXNS9jopT,cultureAndValues,Social-Emotional Learning
recdbs25pXNS9jopT,extracurricularOfferings,Sports Programs
recdbs25pXNS9jopT,extracurricularOfferings,"Arts Programs (Visual, Music, Drama, Dance)"
recdbs25pXNS9jopT,extracurricularOfferings,Clubs & Activities
recdbs25pXNS9jopT,extracurricularOfferings,Robotics/Coding
recdbs25pXNS9jopT,extracurricularOfferings,Debate/Speech
recdbs25pXNS9jopT,extracurricularOfferings,Student Publications
recdbs25pXNS9jopT,extracurricularOfferings,Field Trips & Travel Opportunities
recdbs25pXNS9jopT,extracurricularOfferings,After School Programs
recdbs25pXNS9jopT,amenities,Meal Programs
recdbs25pXNS9jopT,amenities,Technology Access
recdbs25pXNS9jopT,amenities,"Great Facilities (gym, auditorium, etc.)"
recdbs25pXNS9jopT,amenities,Small Class Sizes
recdbs25pXNS9jopT,amenities,Uniforms/Dress Code
recdbs25pXNS9jopT,amenities,Security Features
recdeHRuFRv1YSx9W,academicFocusAreas,STEM/STEAM
recdeHRuFRv1YSx9W,academicFocusAreas,Advanced Placement (AP)
recdeHRuFRv1YSx9W,academicFocusAreas,Gifted & Talented
recdeHRuFRv1YSx9W,supportResources,One-on-One Tutoring
recdeHRuFRv1YSx9W,supportResources,Special Education Services
recdeHRuFRv1YSx9W,supportResources,After-School Academic Help
recdeHRuFRv1YSx9W,supportResources,Summer School Programs
recdeHRuFRv1YSx9W,supportResources,Reading Specialists
recdeHRuFRv1YSx9W,supportResources,Math Specialists
recdeHRuFRv1YSx9W,cultureAndValues,Religious Affiliation
recdeHRuFRv1YSx9W,cultureAndValues,Character Education
recdeHRuFRv1YSx9W,cultureAndValues,Social-Emotional Learning
recdeHRuFRv1YSx9W,extracurricularOfferings,Sports Programs
recdeHRuFRv1YSx9W,extracurricularOfferings,"Arts Programs (Visual, Music, Drama, Dance)"
recdeHRuFRv1YSx9W,extracurricularOfferings,Robotics/Coding
recdeHRuFRv1YSx9W,extracurricularOfferings,Clubs & Activities
recdeHRuFRv1YSx9W,extracurricularOfferings,Field Trips & Travel Opportunities
recdeHRuFRv1YSx9W,extracurricularOfferings,After School Programs
recdeHRuFRv1YSx9W,amenities,Meal Programs
recdeHRuFRv1YSx9W,amenities,Technology Access
recdeHRuFRv1YSx9W,amenities,Small Class Sizes
recdeHRuFRv1YSx9W,amenities,Multi-Age Classrooms
recdeHRuFRv1YSx9W,amenities,Extended School Day/Year
recdeHRuFRv1YSx9W,amenities,Uniforms/Dress Code
recdeHRuFRv1YSx9W,amenities,Security Features
recdwG7w2H2eGa3En,cultureAndValues,Religious Affiliation
recdwG7w2H2eGa3En,cultureAndValues,Character Education
recdwG7w2H2eGa3En,cultureAndValues,Social-Emotional Learning
recdwG7w2H2eGa3En,amenities,Small Class Sizes
recdwG7w2H2eGa3En,amenities,Uniforms/Dress Code
recdxb2I0PmkilHpv,cultureAndValues,Religious Affiliation
recdxb2I0PmkilHpv,extracurricularOfferings,Before School Programs
recdxb2I0PmkilHpv,extracurricularOfferings,After School Programs
recdxb2I0PmkilHpv,amenities,Small Class Sizes
recdxb2I0PmkilHpv,amenities,"Great Facilities (gym, auditorium, etc.)"
recdxb2I0PmkilHpv,amenities,Uniforms/Dress Code
recdyJ1crRehFD8At,academicFocusAreas,STEM/STEAM
recdyJ1crRehFD8At,academicFocusAreas,Project-Based Learning
recdyJ1crRehFD8At,supportResources,One-on-One Tutoring
recdyJ1crRehFD8At,supportResources,Special Education Services
recdyJ1crRehFD8At,supportResources,After-School Academic Help
recdyJ1crRehFD8At,supportResources,Counseling Services
recdyJ1crRehFD8At,supportResources,Speech Therapy
recdyJ1crRehFD8At,cultureAndValues,Religious Affiliation
recdyJ1crRehFD8At,cultureAndValues,Community Service Focus
recdyJ1crRehFD8At,cultureAndValues,Character Education
recdyJ1crRehFD8At,cultureAndValues,Social-Emotional Learning
recdyJ1crRehFD8At,cultureAndValues,Military/Leadership Structure
recdyJ1crRehFD8At,extracurricularOfferings,Clubs & Activities
recdyJ1crRehFD8At,extracurricularOfferings,Robotics/Coding
recdyJ1crRehFD8At,extracurricularOfferings,After School Programs
recdyJ1crRehFD8At,extracurricularOfferings,Before School Programs
recdyJ1crRehFD8At,extracurricularOfferings,Sports Programs
recdyJ1crRehFD8At,extracurricularOfferings,"Arts Programs (Visual, Music, Drama, Dance)"
recdyJ1crRehFD8At,extracurricularOfferings,Field Trips & Travel Opportunities
recdyJ1crRehFD8At,extracurricularOfferings,Student Publications
recdyJ1crRehFD8At,amenities,Meal Programs
recdyJ1crRehFD8At,amenities,Technology Access
recdyJ1crRehFD8At,amenities,Small Class Sizes
recdyJ1crRehFD8At,amenities,Uniforms/Dress Code
recdyJ1crRehFD8At,amenities,Security Features
recdyJ1crRehFD8At,amenities,Extended School Day/Year
rece19fL2tnwRR2o8,academicFocusAreas,STEM/STEAM
rece19fL2tnwRR2o8,academicFocusAreas,Project-Based Learning
rece19fL2tnwRR2o8,academicFocusAreas,College Prep
rece19fL2tnwRR2o8,academicFocusAreas,Gifted & Talented
rece19fL2tnwRR2o8,academicFocusAreas,Advanced Placement (AP)
rece19fL2tnwRR2o8,supportResources,One-on-One Tutoring
rece19fL2tnwRR2o8,supportResources,Reading Specialists
rece19fL2tnwRR2o8,supportResources,Math Specialists
rece19fL2tnwRR2o8,supportResources,ESL/ELL Support
rece19fL2tnwRR2o8,supportResources,Special Education Services
rece19fL2tnwRR2o8,supportResources,Counseling Services
rece19fL2tnwRR2o8,supportResources,After-School Academic Help
rece19fL2tnwRR2o8,supportResources,Summer School Programs
rece19fL2tnwRR2o8,supportResources,Speech Therapy
rece19fL2tnwRR2o8,cultureAndValues,Character Education
rece19fL2tnwRR2o8,cultureAndValues,Social-Emotional Learning
rece19fL2tnwRR2o8,extracurricularOfferings,"Arts Programs (Visual, Music, Drama, Dance)"
rece19fL2tnwRR2o8,extracurricularOfferings,Clubs & Activities
rece19fL2tnwRR2o8,extracurricularOfferings,Robotics/Coding
rece19fL2tnwRR2o8,extracurricularOfferings,Debate/Speech
rece19fL2tnwRR2o8,extracurricularOfferings,Student Publications
rece19fL2tnwRR2o8,amenities,Small Class Sizes
rece69fXBBX7ok0av,academicFocusAreas,Language Immersion
rece69fXBBX7ok0av,academicFocusAreas,Classical Education
rece69fXBBX7ok0av,academicFocusAreas,College Prep
rece69fXBBX7ok0av,academicFocusAreas,Advanced Placement (AP)
rece69fXBBX7ok0av,supportResources,One-on-One Tutoring
rece69fXBBX7ok0av,supportResources,ESL/ELL Support
rece69fXBBX7ok0av,supportResources,Counseling Services
rece69fXBBX7ok0av,supportResources,Summer School Programs
rece69fXBBX7ok0av,cultureAndValues,Religious Affiliation
rece69fXBBX7ok0av,cultureAndValues,Social-Emotional Learning
rece69fXBBX7ok0av,cultureAndValues,Community Service Focus
rece69fXBBX7ok0av,cultureAndValues,Character Education
rece69fXBBX7ok0av,extracurricularOfferings,"Arts Programs (Visual, Music, Drama, Dance)"
rece69fXBBX7ok0av,extracurricularOfferings,Debate/Speech
rece69fXBBX7ok0av,extracurricularOfferings,Clubs & Activities
rece69fXBBX7ok0av,extracurricularOfferings,Field Trips & Travel Opportunities
rece69fXBBX7ok0av,amenities,Meal Programs
rece69fXBBX7ok0av,amenities,Small Class Sizes
rece69fXBBX7ok0av,amenities,Technology Access
rece69fXBBX7ok0av,amenities,Multi-Age Classrooms
rece69fXBBX7ok0av,amenities,Uniforms/Dress Code
rece69fXBBX7ok0av,amenities,Security Features
receBI8BAxCODds4r,academicFocusAreas,Classical Education
receBI8BAxCODds4r,cultureAndValues,Religious Affiliation
receBI8BAxCODds4r,cultureAndValues,Character Education
receBI8BAxCODds4r,cultureAndValues,Community Service Focus
receBI8BAxCODds4r,extracurricularOfferings,Sports Programs
receBI8BAxCODds4r,extracurricularOfferings,"Arts Programs (Visual, Music, Drama, Dance)"
receBI8BAxCODds4r,extracurricularOfferings,Clubs & Activities
receBI8BAxCODds4r,extracurricularOfferings,Robotics/Coding
receBI8BAxCODds4r,extracurricularOfferings,Debate/Speech
receBI8BAxCODds4r,extracurricularOfferings,Student Publications
receBI8BAxCODds4r,extracurricularOfferings,Field Trips & Travel Opportunities
receBI8BAxCODds4r,extracurricularOfferings,After School Programs
receBI8BAxCODds4r,amenities,"Great Facilities (gym, auditorium, etc.)"
receBI8BAxCODds4r,amenities,Small Class Sizes
receBI8BAxCODds4r,amenities,Uniforms/Dress Code
receBI8BAxCODds4r,amenities,Security Features
receCO250eKawlap1,academicFocusAreas,College Prep
receCO250eKawlap1,supportResources,One-on-One Tutoring
receCO250eKawlap1,supportResources,After-School Academic Help
receCO250eKawlap1,supportResources,Counseling Services
receCO250eKawlap1,cultureAndValues,Religious Affiliation
receCO250eKawlap1,cultureAndValues,Community Service Focus
receCO250eKawlap1,extracurricularOfferings,Sports Programs
receCO250eKawlap1,extracurricularOfferings,"Arts Programs (Visual, Music, Drama, Dance)"
receCO250eKawlap1,extracurricularOfferings,Clubs & Activities
receCO250eKawlap1,extracurricularOfferings,Robotics/Coding
receCO250eKawlap1,extracurricularOfferings,Debate/Speech
receCO250eKawlap1,extracurricularOfferings,Field Trips & Travel Opportunities
receCO250eKawlap1,amenities,Transportation Services
receCO250eKawlap1,amenities,Meal Programs
receCO250eKawlap1,amenities,Technology Access
receCO250eKawlap1,amenities,"Great Facilities (gym, auditorium, etc.)"
receCO250eKawlap1,amenities,Small Class Sizes
receCO250eKawlap1,amenities,Uniforms/Dress Code
receCO250eKawlap1,amenities,Security Features
receQNkhLZUiVBTRg,academicFocusAreas,STEM/STEAM
receQNkhLZUiVBTRg,academicFocusAreas,Advanced Placement (AP)
receQNkhLZUiVBTRg,academicFocusAreas,College Prep
receQNkhLZUiVBTRg,supportResources,One-on-One Tutoring
receQNkhLZUiVBTRg,supportResources,Reading Specialists
receQNkhLZUiVBTRg,supportResources,Math Specialists
receQNkhLZUiVBTRg,supportResources,Special Education Services
receQNkhLZUiVBTRg,supportResources,Counseling Services
receQNkhLZUiVBTRg,supportResources,After-School Academic Help
receQNkhLZUiVBTRg,cultureAndValues,Religious Affiliation
receQNkhLZUiVBTRg,cultureAndValues,Character Education
receQNkhLZUiVBTRg,cultureAndValues,Community Service Focus
receQNkhLZUiVBTRg,extracurricularOfferings,Sports Programs
receQNkhLZUiVBTRg,extracurricularOfferings,"Arts Programs (Visual, Music, Drama, Dance)"
receQNkhLZUiVBTRg,extracurricularOfferings,Clubs & Activities
receQNkhLZUiVBTRg,extracurricularOfferings,Robotics/Coding
receQNkhLZUiVBTRg,extracurricularOfferings,Debate/Speech
receQNkhLZUiVBTRg,extracurricularOfferings,Student Publications
receQNkhLZUiVBTRg,extracurricularOfferings,Field Trips & Travel Opportunities
receQNkhLZUiVBTRg,extracurricularOfferings,After School Programs
receQNkhLZUiVBTRg,amenities,Meal Programs
receQNkhLZUiVBTRg,amenities,Technology Access
receQNkhLZUiVBTRg,amenities,"Great Facilities (gym, auditorium, etc.)"
receQNkhLZUiVBTRg,amenities,Small Class Sizes
receQNkhLZUiVBTRg,amenities,Extended School Day/Year
receQNkhLZUiVBTRg,amenities,Uniforms/Dress Code
receQNkhLZUiVBTRg,amenities,Security Features
receRy2DmjX253D5U,academicFocusAreas,Project-Based Learning
receRy2DmjX253D5U,academicFocusAreas,STEM/STEAM
receRy2DmjX253D5U,academicFocusAreas,Advanced Placement (AP)
receRy2DmjX253D5U,academicFocusAreas,College Prep
receRy2DmjX253D5U,academicFocusAreas,Gifted & Talented
receRy2DmjX253D5U,supportResources,Summer School Programs
receRy2DmjX253D5U,supportResources,Counseling Services
receRy2DmjX253D5U,cultureAndValues,Character Education
receRy2DmjX253D5U,cultureAndValues,Social-Emotional Learning
receRy2DmjX253D5U,cultureAndValues,Democratic/Student-Led Governance
receRy2DmjX253D5U,cultureAndValues,Community Service Focus
receRy2DmjX253D5U,extracurricularOfferings,Field Trips & Travel Opportunities
receRy2DmjX253D5U,extracurricularOfferings,Robotics/Coding
receRy2DmjX253D5U,extracurricularOfferings,Clubs & Activities
receRy2DmjX253D5U,extracurricularOfferings,"Arts Programs (Visual, Music, Drama, Dance)"
receRy2DmjX253D5U,amenities,Technology Access
receRy2DmjX253D5U,amenities,Small Class Sizes
receRy2DmjX253D5U,amenities,Security Features
receSHzo8pQRM0gau,academicFocusAreas,Classical Education
receSHzo8pQRM0gau,cultureAndValues,Religious Affiliation
receSHzo8pQRM0gau,cultureAndValues,Character Education
receSHzo8pQRM0gau,cultureAndValues,Community Service Focus
receSHzo8pQRM0gau,extracurricularOfferings,Sports Programs
receSHzo8pQRM0gau,extracurricularOfferings,"Arts Programs (Visual, Music, Drama, Dance)"
receSHzo8pQRM0gau,extracurricularOfferings,Field Trips & Travel Opportunities
receSHzo8pQRM0gau,extracurricularOfferings,Clubs & Activities
receSHzo8pQRM0gau,extracurricularOfferings,After School Programs
receSHzo8pQRM0gau,amenities,"Great Facilities (gym, auditorium, etc.)"
receSHzo8pQRM0gau,amenities,Small Class Sizes
receSHzo8pQRM0gau,amenities,Uniforms/Dress Code
receSHzo8pQRM0gau,amenities,Security Features
rececqIrUXdC34aqK,supportResources,One-on-One Tutoring
rececqIrUXdC34aqK,supportResources,Reading Specialists
rececqIrUXdC34aqK,supportResources,Math Specialists
rececqIrUXdC34aqK,supportResources,Speech Therapy
rececqIrUXdC34aqK,supportResources,Counseling Services
rececqIrUXdC34aqK,supportResources,After-School Academic Help
rececqIrUXdC34aqK,cultureAndValues,Character Education
rececqIrUXdC34aqK,cultureAndValues,Religious Affiliation
rececqIrUXdC34aqK,cultureAndValues,Social-Emotional Learning
rececqIrUXdC34aqK,cultureAndValues,Community Service Focus
rececqIrUXdC34aqK,extracurricularOfferings,Sports Programs
rececqIrUXdC34aqK,extracurricularOfferings,"Arts Programs (Visual, Music, Drama, Dance)"
rececqIrUXdC34aqK,extracurricularOfferings,Clubs & Activities
rececqIrUXdC34aqK,extracurricularOfferings,Robotics/Coding
rececqIrUXdC34aqK,extracurricularOfferings,Student Publications
rececqIrUXdC34aqK,extracurricularOfferings,Field Trips & Travel Opportunities
rececqIrUXdC34aqK,extracurricularOfferings,After School Programs
rececqIrUXdC34aqK,extracurricularOfferings,Before School Programs
rececqIrUXdC34aqK,amenities,Technology Access
rececqIrUXdC34aqK,amenities,Small Class Sizes
rececqIrUXdC34aqK,amenities,Extended School Day/Year
rececqIrUXdC34aqK,amenities,Uniforms/Dress Code
rececqIrUXdC34aqK,amenities,Security Features
receoKrLnvOPpH3Un,supportResources,Special Education Services
receoKrLnvOPpH3Un,supportResources,Speech Therapy
receoKrLnvOPpH3Un,supportResources,Occupational Therapy
receoKrLnvOPpH3Un,supportResources,Reading Specialists
receoKrLnvOPpH3Un,supportResources,Math Specialists
receoKrLnvOPpH3Un,cultureAndValues,Religious Affiliation
receoKrLnvOPpH3Un,cultureAndValues,Social-Emotional Learning
receoKrLnvOPpH3Un,cultureAndValues,Character Education
receoKrLnvOPpH3Un,extracurricularOfferings,"Arts Programs (Visual, Music, Drama, Dance)"
receoKrLnvOPpH3Un,extracurricularOfferings,Clubs & Activities
receoKrLnvOPpH3Un,extracurricularOfferings,Before School Programs
receoKrLnvOPpH3Un,extracurricularOfferings,After School Programs
receoKrLnvOPpH3Un,extracurricularOfferings,Field Trips & Travel Opportunities
receoKrLnvOPpH3Un,amenities,Small Class Sizes
receoKrLnvOPpH3Un,amenities,Uniforms/Dress Code
receoKrLnvOPpH3Un,amenities,Security Features
recf0UvhD7JNl125g,academicFocusAreas,Montessori
recf0UvhD7JNl125g,academicFocusAreas,STEM/STEAM
recf0UvhD7JNl125g,supportResources,Speech Therapy
recf0UvhD7JNl125g,supportResources,Occupational Therapy
recf0UvhD7JNl125g,supportResources,Counseling Services
recf0UvhD7JNl125g,cultureAndValues,Social-Emotional Learning
recf0UvhD7JNl125g,cultureAndValues,Environmental/Outdoor Focus
recf0UvhD7JNl125g,cultureAndValues,Religious Affiliation
recf0UvhD7JNl125g,extracurricularOfferings,Field Trips & Travel Opportunities
recf0UvhD7JNl125g,extracurricularOfferings,Clubs & Activities
recf0UvhD7JNl125g,amenities,Meal Programs
recf0UvhD7JNl125g,amenities,Small Class Sizes
recf0UvhD7JNl125g,amenities,"Great Facilities (gym, auditorium, etc.)"
recf0UvhD7JNl125g,amenities,Extended School Day/Year
recf0UvhD7JNl125g,amenities,Security Features
recf0UvhD7JNl125g,amenities,Technology Access
recf7ovNAFGT0BSrj,academicFocusAreas,STEM/STEAM
recf7ovNAFGT0BSrj,cultureAndValues,Religious Affiliation
recf7ovNAFGT0BSrj,cultureAndValues,Character Education
recf7ovNAFGT0BSrj,cultureAndValues,Social-Emotional Learning
recf7ovNAFGT0BSrj,extracurricularOfferings,Clubs & Activities
recf7ovNAFGT0BSrj,extracurricularOfferings,Field Trips & Travel Opportunities
recf7ovNAFGT0BSrj,extracurricularOfferings,After School Programs
recf7ovNAFGT0BSrj,extracurricularOfferings,Before School Programs
recf7ovNAFGT0BSrj,amenities,Meal Programs
recf7ovNAFGT0BSrj,amenities,Technology Access
recf7ovNAFGT0BSrj,amenities,Small Class Sizes
recf7ovNAFGT0BSrj,amenities,Multi-Age Classrooms
recf7ovNAFGT0BSrj,amenities,Extended School Day/Year
recf7ovNAFGT0BSrj,amenities,Security Features
recfQyZDA4ohKl3FE,academicFocusAreas,Classical Education
recfQyZDA4ohKl3FE,academicFocusAreas,STEM/STEAM
recfQyZDA4ohKl3FE,academicFocusAreas,Gifted & Talented
recfQyZDA4ohKl3FE,supportResources,Reading Specialists
recfQyZDA4ohKl3FE,supportResources,One-on-One Tutoring
recfQyZDA4ohKl3FE,supportResources,ESL/ELL Support
recfQyZDA4ohKl3FE,supportResources,Counseling Services
recfQyZDA4ohKl3FE,cultureAndValues,Religious Affiliation
recfQyZDA4ohKl3FE,cultureAndValues,Community Service Focus
recfQyZDA4ohKl3FE,extracurricularOfferings,Clubs & Activities
recfQyZDA4ohKl3FE,extracurricularOfferings,Field Trips & Travel Opportunities
recfQyZDA4ohKl3FE,extracurricularOfferings,Sports Programs
recfQyZDA4ohKl3FE,amenities,Meal Programs
recfQyZDA4ohKl3FE,amenities,Transportation Services
recfQyZDA4ohKl3FE,amenities,"Great Facilities (gym, auditorium, etc.)"
recfQyZDA4ohKl3FE,amenities,Small Class Sizes
recfQyZDA4ohKl3FE,amenities,Technology Access
recfQyZDA4ohKl3FE,amenities,Uniforms/Dress Code
recfQyZDA4ohKl3FE,amenities,Security Features
recfR5HYospGueawp,academicFocusAreas,STEM/STEAM
recfR5HYospGueawp,academicFocusAreas,Project-Based Learning
recfR5HYospGueawp,academicFocusAreas,Advanced Placement (AP)
recfR5HYospGueawp,academicFocusAreas,College Prep
recfR5HYospGueawp,supportResources,Reading Specialists
recfR5HYospGueawp,supportResources,Math Specialists
recfR5HYospGueawp,supportResources,Counseling Services
recfR5HYospGueawp,cultureAndValues,Religious Affiliation
recfR5HYospGueawp,cultureAndValues,Character Education
recfR5HYospGueawp,extracurricularOfferings,Sports Programs
recfR5HYospGueawp,extracurricularOfferings,"Arts Programs (Visual, Music, Drama, Dance)"
recfR5HYospGueawp,extracurricularOfferings,Clubs & Activities
recfR5HYospGueawp,extracurricularOfferings,Robotics/Coding
recfR5HYospGueawp,extracurricularOfferings,Debate/Speech
recfR5HYospGueawp,extracurricularOfferings,Student Publications
recfR5HYospGueawp,extracurricularOfferings,Field Trips & Travel Opportunities
recfR5HYospGueawp,amenities,Meal Programs
recfR5HYospGueawp,amenities,"Great Facilities (gym, auditorium, etc.)"
recfR5HYospGueawp,amenities,Small Class Sizes
recfR5HYospGueawp,amenities,Security Features
recfR5HYospGueawp,amenities,Extended School Day/Year
recfX7TkoFYMRqxSq,academicFocusAreas,STEM/STEAM
recfX7TkoFYMRqxSq,academicFocusAreas,College Prep
recfX7TkoFYMRqxSq,academicFocusAreas,Vocational/Career Tech
recfX7TkoFYMRqxSq,supportResources,Counseling Services
recfX7TkoFYMRqxSq,supportResources,Summer School Programs
recfX7TkoFYMRqxSq,cultureAndValues,Religious Affiliation
recfX7TkoFYMRqxSq,cultureAndValues,Character Education
recfX7TkoFYMRqxSq,cultureAndValues,Community Service Focus
recfX7TkoFYMRqxSq,extracurricularOfferings,Sports Programs
recfX7TkoFYMRqxSq,extracurricularOfferings,"Arts Programs (Visual, Music, Drama, Dance)"
recfX7TkoFYMRqxSq,extracurricularOfferings,Clubs & Activities
recfX7TkoFYMRqxSq,extracurricularOfferings,Debate/Speech
recfX7TkoFYMRqxSq,extracurricularOfferings,Student Publications
recfX7TkoFYMRqxSq,extracurricularOfferings,Field Trips & Travel Opportunities
recfX7TkoFYMRqxSq,extracurricularOfferings,After School Programs
recfX7TkoFYMRqxSq,amenities,Transportation Services
recfX7TkoFYMRqxSq,amenities,Meal Programs
recfX7TkoFYMRqxSq,amenities,Technology Access
recfX7TkoFYMRqxSq,amenities,"Great Facilities (gym, auditorium, etc.)"
recfX7TkoFYMRqxSq,amenities,Small Class Sizes
recfX7TkoFYMRqxSq,amenities,Extended School Day/Year
recfX7TkoFYMRqxSq,amenities,Uniforms/Dress Code
recfX7TkoFYMRqxSq,amenities,Security Features
recfjyp2TYgMYz50I,academicFocusAreas,STEM/STEAM
recfjyp2TYgMYz50I,academicFocusAreas,Project-Based Learning
recfjyp2TYgMYz50I,academicFocusAreas,Classical Education
recfjyp2TYgMYz50I,supportResources,One-on-One Tutoring
recfjyp2TYgMYz50I,supportResources,Summer School Programs
recfjyp2TYgMYz50I,cultureAndValues,Character Education
recfjyp2TYgMYz50I,cultureAndValues,Social-Emotional Learning
recfjyp2TYgMYz50I,cultureAndValues,Community Service Focus
recfjyp2TYgMYz50I,extracurricularOfferings,Clubs & Activities
recfjyp2TYgMYz50I,extracurricularOfferings,Robotics/Coding
recfjyp2TYgMYz50I,extracurricularOfferings,Field Trips & Travel Opportunities
recfjyp2TYgMYz50I,extracurricularOfferings,Student Publications
recfjyp2TYgMYz50I,extracurricularOfferings,Before School Programs
recfjyp2TYgMYz50I,extracurricularOfferings,After School Programs
recfjyp2TYgMYz50I,amenities,Uniforms/Dress Code
recfjyp2TYgMYz50I,amenities,Meal Programs
recfjyp2TYgMYz50I,amenities,Technology Access
recfjyp2TYgMYz50I,amenities,Small Class Sizes
recfjyp2TYgMYz50I,amenities,Extended School Day/Year
recfjyp2TYgMYz50I,amenities,Security Features
recfjyp2TYgMYz50I,amenities,Multi-Age Classrooms
recg8vwmnIHBdJLRM,extracurricularOfferings,After School Programs
recg8vwmnIHBdJLRM,extracurricularOfferings,Before School Programs
recgCePPc7AUWvvw8,academicFocusAreas,Project-Based Learning
recgCePPc7AUWvvw8,academicFocusAreas,Language Immersion
recgCePPc7AUWvvw8,academicFocusAreas,STEM/STEAM
recgCePPc7AUWvvw8,supportResources,After-School Academic Help
recgCePPc7AUWvvw8,supportResources,Summer School Programs
recgCePPc7AUWvvw8,supportResources,Counseling Services
recgCePPc7AUWvvw8,supportResources,Occupational Therapy
recgCePPc7AUWvvw8,cultureAndValues,Environmental/Outdoor Focus
recgCePPc7AUWvvw8,cultureAndValues,Social-Emotional Learning
recgCePPc7AUWvvw8,cultureAndValues,Character Education
recgCePPc7AUWvvw8,extracurricularOfferings,"Arts Programs (Visual, Music, Drama, Dance)"
recgCePPc7AUWvvw8,extracurricularOfferings,Clubs & Activities
recgCePPc7AUWvvw8,extracurricularOfferings,Robotics/Coding
recgCePPc7AUWvvw8,extracurricularOfferings,Field Trips & Travel Opportunities
recgCePPc7AUWvvw8,extracurricularOfferings,Before School Programs
recgCePPc7AUWvvw8,extracurricularOfferings,After School Programs
recgCePPc7AUWvvw8,amenities,Small Class Sizes
recgCePPc7AUWvvw8,amenities,Multi-Age Classrooms
recgCePPc7AUWvvw8,amenities,Extended School Day/Year
recgLlehQYmGZaZET,academicFocusAreas,STEM/STEAM
recgLlehQYmGZaZET,cultureAndValues,Religious Affiliation
recgLlehQYmGZaZET,cultureAndValues,Character Education
recgLlehQYmGZaZET,cultureAndValues,Social-Emotional Learning
recgLlehQYmGZaZET,extracurricularOfferings,Sports Programs
recgLlehQYmGZaZET,extracurricularOfferings,"Arts Programs (Visual, Music, Drama, Dance)"
recgLlehQYmGZaZET,extracurricularOfferings,Student Publications
recgLlehQYmGZaZET,extracurricularOfferings,Field Trips & Travel Opportunities
recgLlehQYmGZaZET,extracurricularOfferings,Before School Programs
recgLlehQYmGZaZET,extracurricularOfferings,After School Programs
recgLlehQYmGZaZET,amenities,Meal Programs
recgLlehQYmGZaZET,amenities,Technology Access
recgLlehQYmGZaZET,amenities,"Great Facilities (gym, auditorium, etc.)"
recgLlehQYmGZaZET,amenities,Small Class Sizes
recgLlehQYmGZaZET,amenities,Uniforms/Dress Code
recgLlehQYmGZaZET,amenities,Security Features
recgM15MDWVXjpF6H,supportResources,Speech Therapy
recgM15MDWVXjpF6H,supportResources,Counseling Services
recgM15MDWVXjpF6H,supportResources,Occupational Therapy
recgM15MDWVXjpF6H,cultureAndValues,Social-Emotional Learning
recgM15MDWVXjpF6H,cultureAndValues,Community Service Focus
recgM15MDWVXjpF6H,extracurricularOfferings,Sports Programs
recgM15MDWVXjpF6H,extracurricularOfferings,"Arts Programs (Visual, Music, Drama, Dance)"
recgM15MDWVXjpF6H,amenities,Small Class Sizes
recgM15MDWVXjpF6H,amenities,"Great Facilities (gym, auditorium, etc.)"
recgS4Rq06JTHlued,supportResources,After-School Academic Help
recgS4Rq06JTHlued,cultureAndValues,Religious Affiliation
recgS4Rq06JTHlued,cultureAndValues,Character Education
recgS4Rq06JTHlued,cultureAndValues,Community Service Focus
recgS4Rq06JTHlued,extracurricularOfferings,Sports Programs
recgS4Rq06JTHlued,extracurricularOfferings,"Arts Programs (Visual, Music, Drama, Dance)"
recgS4Rq06JTHlued,extracurricularOfferings,Clubs & Activities
recgS4Rq06JTHlued,extracurricularOfferings,Robotics/Coding
recgS4Rq06JTHlued,extracurricularOfferings,Before School Programs
recgS4Rq06JTHlued,extracurricularOfferings,After School Programs
recgS4Rq06JTHlued,extracurricularOfferings,Field Trips & Travel Opportunities
recgS4Rq06JTHlued,extracurricularOfferings,Student Publications
recgS4Rq06JTHlued,amenities,Technology Access
recgS4Rq06JTHlued,amenities,"Great Facilities (gym, auditorium, etc.)"
recgS4Rq06JTHlued,amenities,Small Class Sizes
recgS4Rq06JTHlued,amenities,Extended School Day/Year
recgS4Rq06JTHlued,amenities,Uniforms/Dress Code
recgS4Rq06JTHlued,amenities,Security Features
recgaTJNP3D2BmohA,academicFocusAreas,STEM/STEAM
recgaTJNP3D2BmohA,supportResources,Reading Specialists
recgaTJNP3D2BmohA,supportResources,Summer School Programs
recgaTJNP3D2BmohA,cultureAndValues,Character Education
recgaTJNP3D2BmohA,cultureAndValues,Social-Emotional Learning
recgaTJNP3D2BmohA,cultureAndValues,Community Service Focus
recgaTJNP3D2BmohA,cultureAndValues,Religious Affiliation
recgaTJNP3D2BmohA,extracurricularOfferings,Sports Programs
recgaTJNP3D2BmohA,extracurricularOfferings,"Arts Programs (Visual, Music, Drama, Dance)"
recgaTJNP3D2BmohA,extracurricularOfferings,Clubs & Activities
recgaTJNP3D2BmohA,extracurricularOfferings,Robotics/Coding
recgaTJNP3D2BmohA,extracurricularOfferings,Debate/Speech
recgaTJNP3D2BmohA,extracurricularOfferings,Student Publications
recgaTJNP3D2BmohA,extracurricularOfferings,Field Trips & Travel Opportunities
recgaTJNP3D2BmohA,extracurricularOfferings,Before School Programs
recgaTJNP3D2BmohA,extracurricularOfferings,After School Programs
recgaTJNP3D2BmohA,amenities,Technology Access
recgaTJNP3D2BmohA,amenities,Security Features
recgaTJNP3D2BmohA,amenities,Uniforms/Dress Code
recgaTJNP3D2BmohA,amenities,Meal Programs
recgbBlElE3VXKlaC,academicFocusAreas,Montessori
recgbBlElE3VXKlaC,academicFocusAreas,Project-Based Learning
recgbBlElE3VXKlaC,academicFocusAreas,Classical Education
recgbBlElE3VXKlaC,supportResources,Counseling Services
recgbBlElE3VXKlaC,supportResources,After-School Academic Help
recgbBlElE3VXKlaC,supportResources,Summer School Programs
recgbBlElE3VXKlaC,supportResources,Speech Therapy
recgbBlElE3VXKlaC,supportResources,One-on-One Tutoring
recgbBlElE3VXKlaC,cultureAndValues,Religious Affiliation
recgbBlElE3VXKlaC,cultureAndValues,Community Service Focus
recgbBlElE3VXKlaC,extracurricularOfferings,Clubs & Activities
recgbBlElE3VXKlaC,extracurricularOfferings,After School Programs
recgbBlElE3VXKlaC,extracurricularOfferings,Sports Programs
recgbBlElE3VXKlaC,amenities,Technology Access
recgbBlElE3VXKlaC,amenities,"Great Facilities (gym, auditorium, etc.)"
recgbBlElE3VXKlaC,amenities,Small Class Sizes
recgbBlElE3VXKlaC,amenities,Uniforms/Dress Code
recgbBlElE3VXKlaC,amenities,Security Features
recgxk9Tcd6ZGYNJn,academicFocusAreas,International Baccalaureate (IB)
recgxk9Tcd6ZGYNJn,cultureAndValues,Religious Affiliation
recgxk9Tcd6ZGYNJn,cultureAndValues,Community Service Focus
recgxk9Tcd6ZGYNJn,extracurricularOfferings,Sports Programs
recgxk9Tcd6ZGYNJn,extracurricularOfferings,"Arts Programs (Visual, Music, Drama, Dance)"
recgxk9Tcd6ZGYNJn,extracurricularOfferings,Clubs & Activities
recgxk9Tcd6ZGYNJn,extracurricularOfferings,After School Programs
recgxk9Tcd6ZGYNJn,extracurricularOfferings,Field Trips & Travel Opportunities
recgyTWTFjFKOVTIz,academicFocusAreas,STEM/STEAM
recgyTWTFjFKOVTIz,supportResources,Summer School Programs
recgyTWTFjFKOVTIz,cultureAndValues,Social-Emotional Learning
recgyTWTFjFKOVTIz,extracurricularOfferings,After School Programs
recgyTWTFjFKOVTIz,amenities,Extended School Day/Year
rech4OZpW530Ai8W0,academicFocusAreas,STEM/STEAM
rech4OZpW530Ai8W0,academicFocusAreas,Project-Based Learning
rech4OZpW530Ai8W0,academicFocusAreas,Gifted & Talented
rech4OZpW530Ai8W0,academicFocusAreas,Classical Education
rech4OZpW530Ai8W0,supportResources,One-on-One Tutoring
rech4OZpW530Ai8W0,supportResources,Reading Specialists
rech4OZpW530Ai8W0,supportResources,Counseling Services
rech4OZpW530Ai8W0,supportResources,After-School Academic Help
rech4OZpW530Ai8W0,supportResources,Summer School Programs
rech4OZpW530Ai8W0,supportResources,Math Specialists
rech4OZpW530Ai8W0,supportResources,ESL/ELL Support
rech4OZpW530Ai8W0,cultureAndValues,Character Education
rech4OZpW530Ai8W0,cultureAndValues,Social-Emotional Learning
rech4OZpW530Ai8W0,extracurricularOfferings,Sports Programs
rech4OZpW530Ai8W0,extracurricularOfferings,Clubs & Activities
rech4OZpW530Ai8W0,extracurricularOfferings,Field Trips & Travel Opportunities
rech4OZpW530Ai8W0,extracurricularOfferings,Before School Programs
rech4OZpW530Ai8W0,extracurricularOfferings,After School Programs
rech4OZpW530Ai8W0,extracurricularOfferings,"Arts Programs (Visual, Music, Drama, Dance)"
rech4OZpW530Ai8W0,amenities,Transportation Services
rech4OZpW530Ai8W0,amenities,Technology Access
rech4OZpW530Ai8W0,amenities,Meal Programs
rech4OZpW530Ai8W0,amenities,Small Class Sizes
rech4OZpW530Ai8W0,amenities,Extended School Day/Year
rech9IsfRslo5z1YN,academicFocusAreas,STEM/STEAM
rech9IsfRslo5z1YN,academicFocusAreas,Project-Based Learning
rech9IsfRslo5z1YN,supportResources,Summer School Programs
rech9IsfRslo5z1YN,supportResources,After-School Academic Help
rech9IsfRslo5z1YN,cultureAndValues,Environmental/Outdoor Focus
rech9IsfRslo5z1YN,cultureAndValues,Community Service Focus
rech9IsfRslo5z1YN,extracurricularOfferings,After School Programs
rech9IsfRslo5z1YN,extracurricularOfferings,Field Trips & Travel Opportunities
rech9IsfRslo5z1YN,extracurricularOfferings,Before School Programs
rech9IsfRslo5z1YN,amenities,Uniforms/Dress Code
rech9IsfRslo5z1YN,amenities,Meal Programs
rech9IsfRslo5z1YN,amenities,Transportation Services
rech9IsfRslo5z1YN,amenities,Multi-Age Classrooms
rech9IsfRslo5z1YN,amenities,Security Features
rech9IsfRslo5z1YN,amenities,Extended School Day/Year
rech9IsfRslo5z1YN,amenities,Technology Access
rechKrJYBjExxGEs2,academicFocusAreas,STEM/STEAM
rechKrJYBjExxGEs2,academicFocusAreas,Classical Education
rechKrJYBjExxGEs2,academicFocusAreas,Project-Based Learning
rechKrJYBjExxGEs2,supportResources,Math Specialists
rechKrJYBjExxGEs2,supportResources,After-School Academic Help
rechKrJYBjExxGEs2,cultureAndValues,Social-Emotional Learning
rechKrJYBjExxGEs2,cultureAndValues,Character Education
rechKrJYBjExxGEs2,extracurricularOfferings,After School Programs
rechKrJYBjExxGEs2,extracurricularOfferings,Before School Programs
rechKrJYBjExxGEs2,amenities,Meal Programs
rechKrJYBjExxGEs2,amenities,Transportation Services
rechKrJYBjExxGEs2,amenities,Technology Access
rechKrJYBjExxGEs2,amenities,Small Class Sizes
rechKrJYBjExxGEs2,amenities,Multi-Age Classrooms
rechKrJYBjExxGEs2,amenities,Extended School Day/Year
rechKrJYBjExxGEs2,amenities,Security Features
rechMPwUX3lFNla5d,academicFocusAreas,Montessori
rechMPwUX3lFNla5d,academicFocusAreas,Classical Education
rechMPwUX3lFNla5d,supportResources,Speech Therapy
rechMPwUX3lFNla5d,supportResources,Occupational Therapy
rechMPwUX3lFNla5d,supportResources,After-School Academic Help
rechMPwUX3lFNla5d,cultureAndValues,Social-Emotional Learning
rechMPwUX3lFNla5d,extracurricularOfferings,Before School Programs
rechMPwUX3lFNla5d,extracurricularOfferings,After School Programs
rechMPwUX3lFNla5d,extracurricularOfferings,"Arts Programs (Visual, Music, Drama, Dance)"
rechMPwUX3lFNla5d,amenities,Small Class Sizes
rechMPwUX3lFNla5d,amenities,Extended School Day/Year
rechQpJJ9ifaE6JJ1,academicFocusAreas,STEM/STEAM
rechQpJJ9ifaE6JJ1,academicFocusAreas,Project-Based Learning
rechQpJJ9ifaE6JJ1,supportResources,One-on-One Tutoring
rechQpJJ9ifaE6JJ1,supportResources,Reading Specialists
rechQpJJ9ifaE6JJ1,supportResources,After-School Academic Help
rechQpJJ9ifaE6JJ1,supportResources,Summer School Programs
rechQpJJ9ifaE6JJ1,cultureAndValues,Character Education
rechQpJJ9ifaE6JJ1,cultureAndValues,Social-Emotional Learning
rechQpJJ9ifaE6JJ1,cultureAndValues,Democratic/Student-Led Governance
rechQpJJ9ifaE6JJ1,extracurricularOfferings,"Arts Programs (Visual, Music, Drama, Dance)"
rechQpJJ9ifaE6JJ1,extracurricularOfferings,Clubs & Activities
rechQpJJ9ifaE6JJ1,extracurricularOfferings,Robotics/Coding
rechQpJJ9ifaE6JJ1,extracurricularOfferings,Student Publications
rechQpJJ9ifaE6JJ1,extracurricularOfferings,Before School Programs
rechQpJJ9ifaE6JJ1,extracurricularOfferings,After School Programs
rechQpJJ9ifaE6JJ1,amenities,Meal Programs
rechQpJJ9ifaE6JJ1,amenities,Technology Access
rechQpJJ9ifaE6JJ1,amenities,Small Class Sizes
rechQpJJ9ifaE6JJ1,amenities,Extended School Day/Year
rechQpJJ9ifaE6JJ1,amenities,Security Features
rechQpJJ9ifaE6JJ1,amenities,"Great Facilities (gym, auditorium, etc.)"
rechTwJDDiSwnUPMD,academicFocusAreas,STEM/STEAM
rechTwJDDiSwnUPMD,academicFocusAreas,Language Immersion
rechTwJDDiSwnUPMD,academicFocusAreas,Classical Education
rechTwJDDiSwnUPMD,supportResources,After-School Academic Help
rechTwJDDiSwnUPMD,supportResources,ESL/ELL Support
rechTwJDDiSwnUPMD,cultureAndValues,Environmental/Outdoor Focus
rechTwJDDiSwnUPMD,cultureAndValues,Social-Emotional Learning
rechTwJDDiSwnUPMD,cultureAndValues,Character Education
rechTwJDDiSwnUPMD,extracurricularOfferings,Field Trips & Travel Opportunities
rechTwJDDiSwnUPMD,extracurricularOfferings,Before School Programs
rechTwJDDiSwnUPMD,extracurricularOfferings,After School Programs
rechTwJDDiSwnUPMD,amenities,Meal Programs
rechTwJDDiSwnUPMD,amenities,Transportation Services
rechTwJDDiSwnUPMD,amenities,Security Features
rechWkbRHuEwWevR5,supportResources,One-on-One Tutoring
rechWkbRHuEwWevR5,supportResources,Reading Specialists
rechWkbRHuEwWevR5,cultureAndValues,Religious Affiliation
rechWkbRHuEwWevR5,cultureAndValues,Character Education
rechWkbRHuEwWevR5,cultureAndValues,Community Service Focus
rechWkbRHuEwWevR5,extracurricularOfferings,Clubs & Activities
rechWkbRHuEwWevR5,extracurricularOfferings,Field Trips & Travel Opportunities
rechWkbRHuEwWevR5,extracurricularOfferings,After School Programs
rechWkbRHuEwWevR5,amenities,Meal Programs
rechWkbRHuEwWevR5,amenities,Technology Access
rechWkbRHuEwWevR5,amenities,Small Class Sizes
rechWkbRHuEwWevR5,amenities,Extended School Day/Year
rechWkbRHuEwWevR5,amenities,Uniforms/Dress Code
rechWkbRHuEwWevR5,amenities,Security Features
rechZKiAtbofxiGg3,academicFocusAreas,STEM/STEAM
rechZKiAtbofxiGg3,academicFocusAreas,Project-Based Learning
rechZKiAtbofxiGg3,supportResources,Reading Specialists
rechZKiAtbofxiGg3,supportResources,ESL/ELL Support
rechZKiAtbofxiGg3,supportResources,Math Specialists
rechZKiAtbofxiGg3,cultureAndValues,Religious Affiliation
rechZKiAtbofxiGg3,cultureAndValues,Character Education
rechZKiAtbofxiGg3,extracurricularOfferings,Sports Programs
rechZKiAtbofxiGg3,extracurricularOfferings,Robotics/Coding
rechZKiAtbofxiGg3,extracurricularOfferings,Clubs & Activities
rechZKiAtbofxiGg3,extracurricularOfferings,Field Trips & Travel Opportunities
rechZKiAtbofxiGg3,amenities,Technology Access
rechZKiAtbofxiGg3,amenities,"Great Facilities (gym, auditorium, etc.)"
rechZKiAtbofxiGg3,amenities,Small Class Sizes
rechZKiAtbofxiGg3,amenities,Uniforms/Dress Code
rechZKiAtbofxiGg3,amenities,Security Features
recheqh6j7bBuF1XU,academicFocusAreas,Classical Education
recheqh6j7bBuF1XU,academicFocusAreas,Project-Based Learning
recheqh6j7bBuF1XU,supportResources,After-School Academic Help
recheqh6j7bBuF1XU,supportResources,Summer School Programs
recheqh6j7bBuF1XU,cultureAndValues,Character Education
recheqh6j7bBuF1XU,cultureAndValues,Social-Emotional Learning
recheqh6j7bBuF1XU,extracurricularOfferings,After School Programs
recheqh6j7bBuF1XU,extracurricularOfferings,Clubs & Activities
recheqh6j7bBuF1XU,extracurricularOfferings,"Arts Programs (Visual, Music, Drama, Dance)"
recheqh6j7bBuF1XU,extracurricularOfferings,Sports Programs
recheqh6j7bBuF1XU,extracurricularOfferings,Field Trips & Travel Opportunities
rechl17OBmwLw3z2O,academicFocusAreas,STEM/STEAM
rechl17OBmwLw3z2O,supportResources,Summer School Programs
rechl17OBmwLw3z2O,supportResources,After-School Academic Help
rechl17OBmwLw3z2O,cultureAndValues,Character Education
rechl17OBmwLw3z2O,cultureAndValues,Community Service Focus
rechl17OBmwLw3z2O,cultureAndValues,Social-Emotional Learning
rechl17OBmwLw3z2O,cultureAndValues,Environmental/Outdoor Focus
rechl17OBmwLw3z2O,extracurricularOfferings,Before School Programs
rechl17OBmwLw3z2O,extracurricularOfferings,After School Programs
rechl17OBmwLw3z2O,amenities,Transportation Services
rechl17OBmwLw3z2O,amenities,Meal Programs
rechl17OBmwLw3z2O,amenities,"Great Facilities (gym, auditorium, etc.)"
rechl17OBmwLw3z2O,amenities,Technology Access
rechl17OBmwLw3z2O,amenities,Extended School Day/Year
rechl17OBmwLw3z2O,amenities,Security Features
rechnopCYosPQlzdH,academicFocusAreas,Advanced Placement (AP)
rechnopCYosPQlzdH,academicFocusAreas,College Prep
rechnopCYosPQlzdH,supportResources,One-on-One Tutoring
rechnopCYosPQlzdH,supportResources,Reading Specialists
rechnopCYosPQlzdH,supportResources,Math Specialists
rechnopCYosPQlzdH,supportResources,Special Education Services
rechnopCYosPQlzdH,supportResources,Speech Therapy
rechnopCYosPQlzdH,supportResources,Counseling Services
rechnopCYosPQlzdH,supportResources,After-School Academic Help
rechnopCYosPQlzdH,cultureAndValues,Religious Affiliation
rechnopCYosPQlzdH,cultureAndValues,Character Education
rechnopCYosPQlzdH,cultureAndValues,Community Service Focus
rechnopCYosPQlzdH,extracurricularOfferings,Sports Programs
rechnopCYosPQlzdH,extracurricularOfferings,"Arts Programs (Visual, Music, Drama, Dance)"
rechnopCYosPQlzdH,extracurricularOfferings,Clubs & Activities
rechnopCYosPQlzdH,extracurricularOfferings,Robotics/Coding
rechnopCYosPQlzdH,extracurricularOfferings,Debate/Speech
rechnopCYosPQlzdH,extracurricularOfferings,Student Publications
rechnopCYosPQlzdH,extracurricularOfferings,Field Trips & Travel Opportunities
rechnopCYosPQlzdH,extracurricularOfferings,Before School Programs
rechnopCYosPQlzdH,amenities,Technology Access
rechnopCYosPQlzdH,amenities,"Great Facilities (gym, auditorium, etc.)"
rechnopCYosPQlzdH,amenities,Small Class Sizes
rechnopCYosPQlzdH,amenities,Uniforms/Dress Code
rechnopCYosPQlzdH,amenities,Security Features
rechujdh3xCzN9QNx,academicFocusAreas,STEM/STEAM
rechujdh3xCzN9QNx,academicFocusAreas,Advanced Placement (AP)
rechujdh3xCzN9QNx,academicFocusAreas,Gifted & Talented
rechujdh3xCzN9QNx,supportResources,Counseling Services
rechujdh3xCzN9QNx,supportResources,After-School Academic Help
rechujdh3xCzN9QNx,cultureAndValues,Character Education
rechujdh3xCzN9QNx,cultureAndValues,Community Service Focus
rechujdh3xCzN9QNx,cultureAndValues,Environmental/Outdoor Focus
rechujdh3xCzN9QNx,extracurricularOfferings,Sports Programs
rechujdh3xCzN9QNx,extracurricularOfferings,"Arts Programs (Visual, Music, Drama, Dance)"
rechujdh3xCzN9QNx,extracurricularOfferings,Clubs & Activities
rechujdh3xCzN9QNx,extracurricularOfferings,Robotics/Coding
rechujdh3xCzN9QNx,extracurricularOfferings,Debate/Speech
rechujdh3xCzN9QNx,extracurricularOfferings,Field Trips & Travel Opportunities
rechujdh3xCzN9QNx,amenities,Meal Programs
rechujdh3xCzN9QNx,amenities,Technology Access
rechujdh3xCzN9QNx,amenities,"Great Facilities (gym, auditorium, etc.)"
rechujdh3xCzN9QNx,amenities,Small Class Sizes
rechujdh3xCzN9QNx,amenities,Uniforms/Dress Code
rechujdh3xCzN9QNx,amenities,Security Features
rechwW2px75OnrZDT,academicFocusAreas,STEM/STEAM
rechwW2px75OnrZDT,academicFocusAreas,Project-Based Learning
rechwW2px75OnrZDT,cultureAndValues,Religious Affiliation
rechwW2px75OnrZDT,cultureAndValues,Character Education
rechwW2px75OnrZDT,cultureAndValues,Community Service Focus
rechwW2px75OnrZDT,cultureAndValues,Social-Emotional Learning
rechwW2px75OnrZDT,extracurricularOfferings,Sports Programs
rechwW2px75OnrZDT,extracurricularOfferings,"Arts Programs (Visual, Music, Drama, Dance)"
rechwW2px75OnrZDT,extracurricularOfferings,Clubs & Activities
rechwW2px75OnrZDT,extracurricularOfferings,Student Publications
rechwW2px75OnrZDT,extracurricularOfferings,Field Trips & Travel Opportunities
rechwW2px75OnrZDT,extracurricularOfferings,After School Programs
rechwW2px75OnrZDT,amenities,Meal Programs
rechwW2px75OnrZDT,amenities,Technology Access
rechwW2px75OnrZDT,amenities,"Great Facilities (gym, auditorium, etc.)"
rechwW2px75OnrZDT,amenities,Small Class Sizes
rechwW2px75OnrZDT,amenities,Extended School Day/Year
rechwW2px75OnrZDT,amenities,Uniforms/Dress Code
rechwW2px75OnrZDT,amenities,Security Features
recid4HvD0F0Nd4Ea,academicFocusAreas,STEM/STEAM
recid4HvD0F0Nd4Ea,supportResources,Summer School Programs
recid4HvD0F0Nd4Ea,cultureAndValues,Social-Emotional Learning
recid4HvD0F0Nd4Ea,extracurricularOfferings,Sports Programs
recid4HvD0F0Nd4Ea,extracurricularOfferings,Field Trips & Travel Opportunities
recid4HvD0F0Nd4Ea,extracurricularOfferings,Before School Programs
recid4HvD0F0Nd4Ea,extracurricularOfferings,After School Programs
recid4HvD0F0Nd4Ea,amenities,Small Class Sizes
recid4HvD0F0Nd4Ea,amenities,Extended School Day/Year
recid4HvD0F0Nd4Ea,amenities,Security Features
recimxhUpEuTkORYY,academicFocusAreas,Project-Based Learning
recimxhUpEuTkORYY,supportResources,Reading Specialists
recimxhUpEuTkORYY,supportResources,Summer School Programs
recimxhUpEuTkORYY,cultureAndValues,Character Education
recimxhUpEuTkORYY,cultureAndValues,Environmental/Outdoor Focus
recimxhUpEuTkORYY,extracurricularOfferings,Before School Programs
recimxhUpEuTkORYY,extracurricularOfferings,After School Programs
recimxhUpEuTkORYY,amenities,Meal Programs
recimxhUpEuTkORYY,amenities,Small Class Sizes
recimxhUpEuTkORYY,amenities,Multi-Age Classrooms
recimxhUpEuTkORYY,amenities,Extended School Day/Year
recivyKOWwGXI53E9,academicFocusAreas,STEM/STEAM
recivyKOWwGXI53E9,academicFocusAreas,Project-Based Learning
recivyKOWwGXI53E9,academicFocusAreas,Montessori
recivyKOWwGXI53E9,cultureAndValues,Character Education
recivyKOWwGXI53E9,cultureAndValues,Community Service Focus
recivyKOWwGXI53E9,cultureAndValues,Social-Emotional Learning
recivyKOWwGXI53E9,cultureAndValues,Religious Affiliation
recivyKOWwGXI53E9,amenities,Technology Access
recivyKOWwGXI53E9,amenities,Uniforms/Dress Code
recivyKOWwGXI53E9,amenities,Security Features
recjAox9uZDs0bXml,academicFocusAreas,STEM/STEAM
recjAox9uZDs0bXml,academicFocusAreas,Project-Based Learning
recjAox9uZDs0bXml,academicFocusAreas,Classical Education
recjAox9uZDs0bXml,supportResources,Reading Specialists
recjAox9uZDs0bXml,supportResources,One-on-One Tutoring
recjAox9uZDs0bXml,supportResources,ESL/ELL Support
recjAox9uZDs0bXml,supportResources,After-School Academic Help
recjAox9uZDs0bXml,supportResources,Summer School Programs
recjAox9uZDs0bXml,cultureAndValues,Character Education
recjAox9uZDs0bXml,cultureAndValues,Social-Emotional Learning
recjAox9uZDs0bXml,cultureAndValues,Environmental/Outdoor Focus
recjAox9uZDs0bXml,cultureAndValues,Community Service Focus
recjAox9uZDs0bXml,extracurricularOfferings,Field Trips & Travel Opportunities
recjAox9uZDs0bXml,extracurricularOfferings,Before School Programs
recjAox9uZDs0bXml,extracurricularOfferings,After School Programs
recjAox9uZDs0bXml,amenities,Transportation Services
recjAox9uZDs0bXml,amenities,Meal Programs
recjAox9uZDs0bXml,amenities,Small Class Sizes
recjAox9uZDs0bXml,amenities,Extended School Day/Year
recjF2GWZB25wMhnd,academicFocusAreas,College Prep
recjF2GWZB25wMhnd,supportResources,Special Education Services
recjF2GWZB25wMhnd,cultureAndValues,Religious Affiliation
recjF2GWZB25wMhnd,extracurricularOfferings,Sports Programs
recjF2GWZB25wMhnd,extracurricularOfferings,"Arts Programs (Visual, Music, Drama, Dance)"
recjF2GWZB25wMhnd,extracurricularOfferings,Clubs & Activities
recjF2GWZB25wMhnd,extracurricularOfferings,Robotics/Coding
recjF2GWZB25wMhnd,extracurricularOfferings,Debate/Speech
recjF2GWZB25wMhnd,extracurricularOfferings,Student Publications
recjF2GWZB25wMhnd,amenities,Meal Programs
recjF2GWZB25wMhnd,amenities,Uniforms/Dress Code
recjF2GWZB25wMhnd,amenities,"Great Facilities (gym, auditorium, etc.)"
recjF2GWZB25wMhnd,amenities,Technology Access
recjJBz6yKnwHBelo,academicFocusAreas,Classical Education
recjJBz6yKnwHBelo,academicFocusAreas,STEM/STEAM
recjJBz6yKnwHBelo,cultureAndValues,Social-Emotional Learning
recjJBz6yKnwHBelo,extracurricularOfferings,Field Trips & Travel Opportunities
recjJBz6yKnwHBelo,extracurricularOfferings,Before School Programs
recjJBz6yKnwHBelo,extracurricularOfferings,After School Programs
recjJBz6yKnwHBelo,amenities,Transportation Services
recjJBz6yKnwHBelo,amenities,Meal Programs
recjJBz6yKnwHBelo,amenities,Extended School Day/Year
recjbKajGKiM8GTyU,academicFocusAreas,STEM/STEAM
recjbKajGKiM8GTyU,academicFocusAreas,Language Immersion
recjbKajGKiM8GTyU,supportResources,One-on-One Tutoring
recjbKajGKiM8GTyU,supportResources,Math Specialists
recjbKajGKiM8GTyU,supportResources,Reading Specialists
recjbKajGKiM8GTyU,supportResources,Counseling Services
recjbKajGKiM8GTyU,supportResources,Summer School Programs
recjbKajGKiM8GTyU,cultureAndValues,Religious Affiliation
recjbKajGKiM8GTyU,cultureAndValues,Character Education
recjbKajGKiM8GTyU,cultureAndValues,Social-Emotional Learning
recjbKajGKiM8GTyU,cultureAndValues,Community Service Focus
recjbKajGKiM8GTyU,extracurricularOfferings,Sports Programs
recjbKajGKiM8GTyU,extracurricularOfferings,"Arts Programs (Visual, Music, Drama, Dance)"
recjbKajGKiM8GTyU,extracurricularOfferings,Clubs & Activities
recjbKajGKiM8GTyU,extracurricularOfferings,Robotics/Coding
recjbKajGKiM8GTyU,extracurricularOfferings,Debate/Speech
recjbKajGKiM8GTyU,extracurricularOfferings,Student Publications
recjbKajGKiM8GTyU,extracurricularOfferings,Field Trips & Travel Opportunities
recjbKajGKiM8GTyU,extracurricularOfferings,After School Programs
recjbKajGKiM8GTyU,amenities,Meal Programs
recjbKajGKiM8GTyU,amenities,Technology Access
recjbKajGKiM8GTyU,amenities,Small Class Sizes
recjbKajGKiM8GTyU,amenities,Extended School Day/Year
recjbKajGKiM8GTyU,amenities,Uniforms/Dress Code
recjbKajGKiM8GTyU,amenities,Security Features
recjdjs9ILEal188a,academicFocusAreas,Classical Education
recjdjs9ILEal188a,academicFocusAreas,STEM/STEAM
recjdjs9ILEal188a,supportResources,Special Education Services
recjdjs9ILEal188a,supportResources,Summer School Programs
recjdjs9ILEal188a,cultureAndValues,Religious Affiliation
recjdjs9ILEal188a,cultureAndValues,Character Education
recjdjs9ILEal188a,extracurricularOfferings,Sports Programs
recjdjs9ILEal188a,extracurricularOfferings,"Arts Programs (Visual, Music, Drama, Dance)"
recjdjs9ILEal188a,extracurricularOfferings,Field Trips & Travel Opportunities
recjdjs9ILEal188a,amenities,"Great Facilities (gym, auditorium, etc.)"
recjdjs9ILEal188a,amenities,Small Class Sizes
recjdjs9ILEal188a,amenities,Uniforms/Dress Code
recjdjs9ILEal188a,amenities,Security Features
recje3a2MHYc0aSjg,academicFocusAreas,STEM/STEAM
recje3a2MHYc0aSjg,cultureAndValues,Social-Emotional Learning
recje3a2MHYc0aSjg,amenities,Meal Programs
recje3a2MHYc0aSjg,amenities,Uniforms/Dress Code
recje3a2MHYc0aSjg,amenities,Small Class Sizes
recje3a2MHYc0aSjg,amenities,Multi-Age Classrooms
recje3a2MHYc0aSjg,amenities,Transportation Services
recjidbG0UFqyJ0EF,academicFocusAreas,STEM/STEAM
recjidbG0UFqyJ0EF,supportResources,After-School Academic Help
recjidbG0UFqyJ0EF,supportResources,Summer School Programs
recjidbG0UFqyJ0EF,cultureAndValues,Character Education
recjidbG0UFqyJ0EF,cultureAndValues,Community Service Focus
recjidbG0UFqyJ0EF,cultureAndValues,Environmental/Outdoor Focus
recjidbG0UFqyJ0EF,cultureAndValues,Social-Emotional Learning
recjidbG0UFqyJ0EF,extracurricularOfferings,Before School Programs
recjidbG0UFqyJ0EF,extracurricularOfferings,After School Programs
recjidbG0UFqyJ0EF,amenities,Transportation Services
recjidbG0UFqyJ0EF,amenities,Meal Programs
recjidbG0UFqyJ0EF,amenities,Technology Access
recjidbG0UFqyJ0EF,amenities,"Great Facilities (gym, auditorium, etc.)"
recjidbG0UFqyJ0EF,amenities,Extended School Day/Year
recjidbG0UFqyJ0EF,amenities,Security Features
recjjfENHoMGQuhJ5,academicFocusAreas,Montessori
recjjfENHoMGQuhJ5,supportResources,Summer School Programs
recjjfENHoMGQuhJ5,cultureAndValues,Social-Emotional Learning
recjjfENHoMGQuhJ5,cultureAndValues,Character Education
recjjfENHoMGQuhJ5,extracurricularOfferings,"Arts Programs (Visual, Music, Drama, Dance)"
recjjfENHoMGQuhJ5,extracurricularOfferings,After School Programs
recjjfENHoMGQuhJ5,extracurricularOfferings,Before School Programs
recjjfENHoMGQuhJ5,amenities,Extended School Day/Year
recjwqefMrF9YrgLY,academicFocusAreas,STEM/STEAM
recjwqefMrF9YrgLY,supportResources,After-School Academic Help
recjwqefMrF9YrgLY,supportResources,Summer School Programs
recjwqefMrF9YrgLY,cultureAndValues,Social-Emotional Learning
recjwqefMrF9YrgLY,extracurricularOfferings,"Arts Programs (Visual, Music, Drama, Dance)"
recjwqefMrF9YrgLY,extracurricularOfferings,Field Trips & Travel Opportunities
recjwqefMrF9YrgLY,extracurricularOfferings,After School Programs
recjwqefMrF9YrgLY,amenities,Transportation Services
recjwqefMrF9YrgLY,amenities,Meal Programs
recjwqefMrF9YrgLY,amenities,Multi-Age Classrooms
recjwqefMrF9YrgLY,amenities,Security Features
recjwqefMrF9YrgLY,amenities,"Great Facilities (gym, auditorium, etc.)"
recjwqefMrF9YrgLY,amenities,Technology Access
recjwqefMrF9YrgLY,amenities,Extended School Day/Year
reck7LhemsUewJRO7,supportResources,ESL/ELL Support
reck7LhemsUewJRO7,cultureAndValues,Social-Emotional Learning
reck7LhemsUewJRO7,cultureAndValues,Environmental/Outdoor Focus
reck7LhemsUewJRO7,extracurricularOfferings,Before School Programs
reck7LhemsUewJRO7,amenities,Meal Programs
reck7LhemsUewJRO7,amenities,Small Class Sizes
reck7LhemsUewJRO7,amenities,Transportation Services
reck7LhemsUewJRO7,amenities,Multi-Age Classrooms
reck7LhemsUewJRO7,amenities,Extended School Day/Year
reck7LhemsUewJRO7,amenities,Security Features
reckEqmYgU3njipVf,supportResources,Special Education Services
reckEqmYgU3njipVf,supportResources,Speech Therapy
reckEqmYgU3njipVf,supportResources,Reading Specialists
reckEqmYgU3njipVf,supportResources,Occupational Therapy
reckEqmYgU3njipVf,cultureAndValues,Social-Emotional Learning
reckEqmYgU3njipVf,amenities,Small Class Sizes
reckEqmYgU3njipVf,amenities,Uniforms/Dress Code
reckFoOzkJtimfpyu,academicFocusAreas,Project-Based Learning
reckFoOzkJtimfpyu,academicFocusAreas,STEM/STEAM
reckFoOzkJtimfpyu,supportResources,Summer School Programs
reckFoOzkJtimfpyu,supportResources,After-School Academic Help
reckFoOzkJtimfpyu,cultureAndValues,Social-Emotional Learning
reckFoOzkJtimfpyu,cultureAndValues,Character Education
reckFoOzkJtimfpyu,extracurricularOfferings,Before School Programs
reckFoOzkJtimfpyu,extracurricularOfferings,After School Programs
reckFoOzkJtimfpyu,extracurricularOfferings,Field Trips & Travel Opportunities
reckFoOzkJtimfpyu,amenities,Transportation Services
reckFoOzkJtimfpyu,amenities,Meal Programs
reckFoOzkJtimfpyu,amenities,Small Class Sizes
reckFoOzkJtimfpyu,amenities,Extended School Day/Year
reckFoOzkJtimfpyu,amenities,Security Features
reckTVJYM8boL2b83,academicFocusAreas,Classical Education
reckTVJYM8boL2b83,cultureAndValues,Religious Affiliation
reckTVJYM8boL2b83,cultureAndValues,Character Education
reckTVJYM8boL2b83,cultureAndValues,Community Service Focus
reckTVJYM8boL2b83,cultureAndValues,Social-Emotional Learning
reckTVJYM8boL2b83,extracurricularOfferings,"Arts Programs (Visual, Music, Drama, Dance)"
reckTVJYM8boL2b83,extracurricularOfferings,Clubs & Activities
reckTVJYM8boL2b83,extracurricularOfferings,Field Trips & Travel Opportunities
reckTVJYM8boL2b83,extracurricularOfferings,After School Programs
reckTVJYM8boL2b83,amenities,Small Class Sizes
reckTVJYM8boL2b83,amenities,Uniforms/Dress Code
reckhUcnpcwGUzulo,academicFocusAreas,College Prep
reckhUcnpcwGUzulo,academicFocusAreas,Gifted & Talented
reckhUcnpcwGUzulo,supportResources,Reading Specialists
reckhUcnpcwGUzulo,supportResources,Math Specialists
reckhUcnpcwGUzulo,supportResources,Counseling Services
reckhUcnpcwGUzulo,cultureAndValues,Religious Affiliation
reckhUcnpcwGUzulo,cultureAndValues,Character Education
reckhUcnpcwGUzulo,cultureAndValues,Community Service Focus
reckhUcnpcwGUzulo,cultureAndValues,Democratic/Student-Led Governance
reckhUcnpcwGUzulo,extracurricularOfferings,Sports Programs
reckhUcnpcwGUzulo,extracurricularOfferings,"Arts Programs (Visual, Music, Drama, Dance)"
reckhUcnpcwGUzulo,extracurricularOfferings,Clubs & Activities
reckhUcnpcwGUzulo,extracurricularOfferings,Field Trips & Travel Opportunities
reckhUcnpcwGUzulo,extracurricularOfferings,Before School Programs
reckhUcnpcwGUzulo,extracurricularOfferings,After School Programs
reckhUcnpcwGUzulo,amenities,Meal Programs
reckhUcnpcwGUzulo,amenities,Technology Access
reckhUcnpcwGUzulo,amenities,"Great Facilities (gym, auditorium, etc.)"
reckhUcnpcwGUzulo,amenities,Small Class Sizes
reckhUcnpcwGUzulo,amenities,Uniforms/Dress Code
reckhUcnpcwGUzulo,amenities,Security Features
recklYBXQHBHfuw8R,academicFocusAreas,STEM/STEAM
recklYBXQHBHfuw8R,academicFocusAreas,Advanced Placement (AP)
recklYBXQHBHfuw8R,academicFocusAreas,College Prep
recklYBXQHBHfuw8R,supportResources,One-on-One Tutoring
recklYBXQHBHfuw8R,supportResources,Reading Specialists
recklYBXQHBHfuw8R,supportResources,Math Specialists
recklYBXQHBHfuw8R,supportResources,ESL/ELL Support
recklYBXQHBHfuw8R,supportResources,Counseling Services
recklYBXQHBHfuw8R,supportResources,After-School Academic Help
recklYBXQHBHfuw8R,supportResources,Summer School Programs
recklYBXQHBHfuw8R,cultureAndValues,Social-Emotional Learning
recklYBXQHBHfuw8R,cultureAndValues,Religious Affiliation
recklYBXQHBHfuw8R,cultureAndValues,Character Education
recklYBXQHBHfuw8R,cultureAndValues,Community Service Focus
recklYBXQHBHfuw8R,extracurricularOfferings,Sports Programs
recklYBXQHBHfuw8R,extracurricularOfferings,"Arts Programs (Visual, Music, Drama, Dance)"
recklYBXQHBHfuw8R,extracurricularOfferings,Clubs & Activities
recklYBXQHBHfuw8R,extracurricularOfferings,Robotics/Coding
recklYBXQHBHfuw8R,extracurricularOfferings,Debate/Speech
recklYBXQHBHfuw8R,extracurricularOfferings,Field Trips & Travel Opportunities
recklYBXQHBHfuw8R,extracurricularOfferings,After School Programs
recklYBXQHBHfuw8R,amenities,Meal Programs
recklYBXQHBHfuw8R,amenities,Technology Access
recklYBXQHBHfuw8R,amenities,"Great Facilities (gym, auditorium, etc.)"
recklYBXQHBHfuw8R,amenities,Small Class Sizes
recklYBXQHBHfuw8R,amenities,Uniforms/Dress Code
recklYBXQHBHfuw8R,amenities,Security Features
recklYBXQHBHfuw8R,amenities,Extended School Day/Year
reckqYnKpywwOEMrq,cultureAndValues,Religious Affiliation
recl38JAHXc26Xfar,academicFocusAreas,Classical Education
recl38JAHXc26Xfar,academicFocusAreas,STEM/STEAM
recl38JAHXc26Xfar,supportResources,ESL/ELL Support
recl38JAHXc26Xfar,cultureAndValues,Social-Emotional Learning
recl38JAHXc26Xfar,cultureAndValues,Character Education
recl38JAHXc26Xfar,extracurricularOfferings,Sports Programs
recl38JAHXc26Xfar,extracurricularOfferings,Field Trips & Travel Opportunities
recl38JAHXc26Xfar,extracurricularOfferings,Before School Programs
recl38JAHXc26Xfar,extracurricularOfferings,After School Programs
recl3TJ9NGmtdaV34,supportResources,One-on-One Tutoring
recl3TJ9NGmtdaV34,supportResources,Reading Specialists
recl3TJ9NGmtdaV34,supportResources,Math Specialists
recl3TJ9NGmtdaV34,supportResources,Speech Therapy
recl3TJ9NGmtdaV34,supportResources,Occupational Therapy
recl3TJ9NGmtdaV34,supportResources,Counseling Services
recl3TJ9NGmtdaV34,supportResources,After-School Academic Help
recl3TJ9NGmtdaV34,supportResources,Summer School Programs
recl3TJ9NGmtdaV34,cultureAndValues,Religious Affiliation
recl3TJ9NGmtdaV34,cultureAndValues,Character Education
recl3TJ9NGmtdaV34,cultureAndValues,Community Service Focus
recl3TJ9NGmtdaV34,cultureAndValues,Environmental/Outdoor Focus
recl3TJ9NGmtdaV34,extracurricularOfferings,Sports Programs
recl3TJ9NGmtdaV34,extracurricularOfferings,"Arts Programs (Visual, Music, Drama, Dance)"
recl3TJ9NGmtdaV34,extracurricularOfferings,Clubs & Activities
recl3TJ9NGmtdaV34,extracurricularOfferings,Robotics/Coding
recl3TJ9NGmtdaV34,extracurricularOfferings,Field Trips & Travel Opportunities
recl3TJ9NGmtdaV34,extracurricularOfferings,After School Programs
recl3TJ9NGmtdaV34,amenities,Meal Programs
recl3TJ9NGmtdaV34,amenities,Technology Access
recl3TJ9NGmtdaV34,amenities,"Great Facilities (gym, auditorium, etc.)"
recl3TJ9NGmtdaV34,amenities,Small Class Sizes
recl3TJ9NGmtdaV34,amenities,Extended School Day/Year
recl3TJ9NGmtdaV34,amenities,Uniforms/Dress Code
recl3TJ9NGmtdaV34,amenities,Security Features
reclGIWnVJNU0IbLJ,academicFocusAreas,STEM/STEAM
reclGIWnVJNU0IbLJ,academicFocusAreas,Project-Based Learning
reclGIWnVJNU0IbLJ,academicFocusAreas,Advanced Placement (AP)
reclGIWnVJNU0IbLJ,academicFocusAreas,College Prep
reclGIWnVJNU0IbLJ,supportResources,Counseling Services
reclGIWnVJNU0IbLJ,supportResources,Reading Specialists
reclGIWnVJNU0IbLJ,supportResources,After-School Academic Help
reclGIWnVJNU0IbLJ,supportResources,Summer School Programs
reclGIWnVJNU0IbLJ,cultureAndValues,Religious Affiliation
reclGIWnVJNU0IbLJ,cultureAndValues,Community Service Focus
reclGIWnVJNU0IbLJ,extracurricularOfferings,Sports Programs
reclGIWnVJNU0IbLJ,extracurricularOfferings,"Arts Programs (Visual, Music, Drama, Dance)"
reclGIWnVJNU0IbLJ,extracurricularOfferings,Clubs & Activities
reclGIWnVJNU0IbLJ,extracurricularOfferings,Robotics/Coding
reclGIWnVJNU0IbLJ,extracurricularOfferings,Debate/Speech
reclGIWnVJNU0IbLJ,extracurricularOfferings,Student Publications
reclGIWnVJNU0IbLJ,extracurricularOfferings,Field Trips & Travel Opportunities
reclGIWnVJNU0IbLJ,extracurricularOfferings,Before School Programs
reclGIWnVJNU0IbLJ,extracurricularOfferings,After School Programs
reclGIWnVJNU0IbLJ,amenities,Meal Programs
reclGIWnVJNU0IbLJ,amenities,Technology Access
reclGIWnVJNU0IbLJ,amenities,"Great Facilities (gym, auditorium, etc.)"
reclGIWnVJNU0IbLJ,amenities,Small Class Sizes
reclGIWnVJNU0IbLJ,amenities,Uniforms/Dress Code
reclGIWnVJNU0IbLJ,amenities,Security Features
reclULlO9jYJODT6B,academicFocusAreas,STEM/STEAM
reclULlO9jYJODT6B,academicFocusAreas,Advanced Placement (AP)
reclULlO9jYJODT6B,academicFocusAreas,College Prep
reclULlO9jYJODT6B,supportResources,After-School Academic Help
reclULlO9jYJODT6B,cultureAndValues,Religious Affiliation
reclULlO9jYJODT6B,cultureAndValues,Community Service Focus
reclULlO9jYJODT6B,extracurricularOfferings,Sports Programs
reclULlO9jYJODT6B,extracurricularOfferings,Robotics/Coding
reclULlO9jYJODT6B,extracurricularOfferings,Clubs & Activities
reclULlO9jYJODT6B,amenities,Technology Access
reclULlO9jYJODT6B,amenities,Small Class Sizes
reclZkAANn1k06SEE,academicFocusAreas,Classical Education
reclZkAANn1k06SEE,academicFocusAreas,STEM/STEAM
reclZkAANn1k06SEE,supportResources,Summer School Programs
reclZkAANn1k06SEE,cultureAndValues,Religious Affiliation
reclZkAANn1k06SEE,cultureAndValues,Character Education
reclZkAANn1k06SEE,cultureAndValues,Social-Emotional Learning
reclZkAANn1k06SEE,extracurricularOfferings,Before School Programs
reclZkAANn1k06SEE,extracurricularOfferings,After School Programs
reclZkAANn1k06SEE,amenities,Transportation Services
reclZkAANn1k06SEE,amenities,"Great Facilities (gym, auditorium, etc.)"
reclZkAANn1k06SEE,amenities,Small Class Sizes
reclZkAANn1k06SEE,amenities,Multi-Age Classrooms
reclZkAANn1k06SEE,amenities,Extended School Day/Year
reclZkAANn1k06SEE,amenities,Uniforms/Dress Code
reclZkAANn1k06SEE,amenities,Technology Access
reclZkAANn1k06SEE,amenities,Security Features
recldPGAYvl4a1Txc,academicFocusAreas,Language Immersion
recldPGAYvl4a1Txc,academicFocusAreas,Gifted & Talented
recldPGAYvl4a1Txc,supportResources,One-on-One Tutoring
recldPGAYvl4a1Txc,cultureAndValues,Religious Affiliation
recldPGAYvl4a1Txc,cultureAndValues,Community Service Focus
recldPGAYvl4a1Txc,extracurricularOfferings,"Arts Programs (Visual, Music, Drama, Dance)"
recldPGAYvl4a1Txc,extracurricularOfferings,Robotics/Coding
recldPGAYvl4a1Txc,extracurricularOfferings,Field Trips & Travel Opportunities
recldPGAYvl4a1Txc,extracurricularOfferings,After School Programs
recldPGAYvl4a1Txc,amenities,Meal Programs
recldPGAYvl4a1Txc,amenities,Uniforms/Dress Code
recldPGAYvl4a1Txc,amenities,Transportation Services
recldPGAYvl4a1Txc,amenities,"Great Facilities (gym, auditorium, etc.)"
recldPGAYvl4a1Txc,amenities,Security Features
recleFifvW2GSQpl7,cultureAndValues,Character Education
recleFifvW2GSQpl7,cultureAndValues,Social-Emotional Learning
recleFifvW2GSQpl7,amenities,Small Class Sizes
recleFifvW2GSQpl7,amenities,Meal Programs
recleFifvW2GSQpl7,amenities,Extended School Day/Year
reclfIMwVVA153NC2,academicFocusAreas,STEM/STEAM
reclfIMwVVA153NC2,academicFocusAreas,College Prep
reclfIMwVVA153NC2,academicFocusAreas,Gifted & Talented
reclfIMwVVA153NC2,supportResources,Math Specialists
reclfIMwVVA153NC2,supportResources,ESL/ELL Support
reclfIMwVVA153NC2,supportResources,Special Education Services
reclfIMwVVA153NC2,supportResources,Counseling Services
reclfIMwVVA153NC2,supportResources,After-School Academic Help
reclfIMwVVA153NC2,supportResources,One-on-One Tutoring
reclfIMwVVA153NC2,supportResources,Reading Specialists
reclfIMwVVA153NC2,supportResources,Speech Therapy
reclfIMwVVA153NC2,cultureAndValues,Religious Affiliation
reclfIMwVVA153NC2,cultureAndValues,Character Education
reclfIMwVVA153NC2,cultureAndValues,Community Service Focus
reclfIMwVVA153NC2,cultureAndValues,Social-Emotional Learning
reclfIMwVVA153NC2,cultureAndValues,Environmental/Outdoor Focus
reclfIMwVVA153NC2,cultureAndValues,Democratic/Student-Led Governance
reclfIMwVVA153NC2,extracurricularOfferings,Sports Programs
reclfIMwVVA153NC2,extracurricularOfferings,Clubs & Activities
reclfIMwVVA153NC2,extracurricularOfferings,Robotics/Coding
reclfIMwVVA153NC2,extracurricularOfferings,Debate/Speech
reclfIMwVVA153NC2,extracurricularOfferings,"Arts Programs (Visual, Music, Drama, Dance)"
reclfIMwVVA153NC2,extracurricularOfferings,Field Trips & Travel Opportunities
reclfIMwVVA153NC2,extracurricularOfferings,Before School Programs
reclfIMwVVA153NC2,extracurricularOfferings,After School Programs
reclfIMwVVA153NC2,amenities,Small Class Sizes
reclfIMwVVA153NC2,amenities,Uniforms/Dress Code
reclfIMwVVA153NC2,amenities,Security Features
recli6D509eHt9wBC,academicFocusAreas,STEM/STEAM
recli6D509eHt9wBC,academicFocusAreas,Project-Based Learning
recli6D509eHt9wBC,academicFocusAreas,Classical Education
recli6D509eHt9wBC,supportResources,Counseling Services
recli6D509eHt9wBC,supportResources,Reading Specialists
recli6D509eHt9wBC,supportResources,Math Specialists
recli6D509eHt9wBC,supportResources,After-School Academic Help
recli6D509eHt9wBC,supportResources,Summer School Programs
recli6D509eHt9wBC,cultureAndValues,Religious Affiliation
recli6D509eHt9wBC,cultureAndValues,Character Education
recli6D509eHt9wBC,cultureAndValues,Environmental/Outdoor Focus
recli6D509eHt9wBC,cultureAndValues,Democratic/Student-Led Governance
recli6D509eHt9wBC,cultureAndValues,Community Service Focus
recli6D509eHt9wBC,cultureAndValues,Social-Emotional Learning
recli6D509eHt9wBC,extracurricularOfferings,Sports Programs
recli6D509eHt9wBC,extracurricularOfferings,Clubs & Activities
recli6D509eHt9wBC,extracurricularOfferings,Student Publications
recli6D509eHt9wBC,extracurricularOfferings,Before School Programs
recli6D509eHt9wBC,extracurricularOfferings,After School Programs
recli6D509eHt9wBC,extracurricularOfferings,Field Trips & Travel Opportunities
recli6D509eHt9wBC,amenities,Meal Programs
recli6D509eHt9wBC,amenities,Technology Access
recli6D509eHt9wBC,amenities,"Great Facilities (gym, auditorium, etc.)"
recli6D509eHt9wBC,amenities,Small Class Sizes
recli6D509eHt9wBC,amenities,Extended School Day/Year
recli6D509eHt9wBC,amenities,Uniforms/Dress Code
recli6D509eHt9wBC,amenities,Security Features
reclzKartTwsM4jbY,academicFocusAreas,STEM/STEAM
reclzKartTwsM4jbY,cultureAndValues,Character Education
reclzKartTwsM4jbY,cultureAndValues,Community Service Focus
reclzKartTwsM4jbY,cultureAndValues,Military/Leadership Structure
reclzKartTwsM4jbY,extracurricularOfferings,Field Trips & Travel Opportunities
reclzKartTwsM4jbY,extracurricularOfferings,Clubs & Activities
reclzKartTwsM4jbY,amenities,Small Class Sizes
reclzKartTwsM4jbY,amenities,Technology Access
reclzKartTwsM4jbY,amenities,Multi-Age Classrooms
reclzKartTwsM4jbY,amenities,Uniforms/Dress Code
reclzKartTwsM4jbY,amenities,Security Features
recmEUByBWJGoN69p,academicFocusAreas,STEM/STEAM
recmEUByBWJGoN69p,academicFocusAreas,College Prep
recmEUByBWJGoN69p,academicFocusAreas,Project-Based Learning
recmEUByBWJGoN69p,supportResources,One-on-One Tutoring
recmEUByBWJGoN69p,supportResources,Reading Specialists
recmEUByBWJGoN69p,supportResources,Math Specialists
recmEUByBWJGoN69p,supportResources,Counseling Services
recmEUByBWJGoN69p,supportResources,After-School Academic Help
recmEUByBWJGoN69p,cultureAndValues,Religious Affiliation
recmEUByBWJGoN69p,cultureAndValues,Community Service Focus
recmEUByBWJGoN69p,cultureAndValues,Social-Emotional Learning
recmEUByBWJGoN69p,cultureAndValues,Character Education
recmEUByBWJGoN69p,extracurricularOfferings,Sports Programs
recmEUByBWJGoN69p,extracurricularOfferings,Clubs & Activities
recmEUByBWJGoN69p,extracurricularOfferings,Robotics/Coding
recmEUByBWJGoN69p,extracurricularOfferings,Student Publications
recmEUByBWJGoN69p,extracurricularOfferings,Field Trips & Travel Opportunities
recmEUByBWJGoN69p,extracurricularOfferings,After School Programs
recmEUByBWJGoN69p,extracurricularOfferings,"Arts Programs (Visual, Music, Drama, Dance)"
recmEUByBWJGoN69p,amenities,Technology Access
recmEUByBWJGoN69p,amenities,"Great Facilities (gym, auditorium, etc.)"
recmEUByBWJGoN69p,amenities,Small Class Sizes
recmEUByBWJGoN69p,amenities,Uniforms/Dress Code
recmEUByBWJGoN69p,amenities,Security Features
recmTI2uJgH5M0Qin,academicFocusAreas,STEM/STEAM
recmTI2uJgH5M0Qin,supportResources,One-on-One Tutoring
recmTI2uJgH5M0Qin,cultureAndValues,Religious Affiliation
recmTI2uJgH5M0Qin,cultureAndValues,Character Education
recmTI2uJgH5M0Qin,cultureAndValues,Community Service Focus
recmTI2uJgH5M0Qin,cultureAndValues,Social-Emotional Learning
recmTI2uJgH5M0Qin,extracurricularOfferings,Sports Programs
recmTI2uJgH5M0Qin,extracurricularOfferings,"Arts Programs (Visual, Music, Drama, Dance)"
recmTI2uJgH5M0Qin,extracurricularOfferings,Clubs & Activities
recmTI2uJgH5M0Qin,extracurricularOfferings,Robotics/Coding
recmTI2uJgH5M0Qin,extracurricularOfferings,Field Trips & Travel Opportunities
recmTI2uJgH5M0Qin,extracurricularOfferings,After School Programs
recmTI2uJgH5M0Qin,amenities,Technology Access
recmTI2uJgH5M0Qin,amenities,Small Class Sizes
recmTI2uJgH5M0Qin,amenities,Uniforms/Dress Code
recmTI2uJgH5M0Qin,amenities,Extended School Day/Year
recmTI2uJgH5M0Qin,amenities,Security Features
recmYrH0wX2N2OCNM,academicFocusAreas,Project-Based Learning
recmYrH0wX2N2OCNM,academicFocusAreas,STEM/STEAM
recmYrH0wX2N2OCNM,supportResources,Counseling Services
recmYrH0wX2N2OCNM,supportResources,Summer School Programs
recmYrH0wX2N2OCNM,cultureAndValues,Religious Affiliation
recmYrH0wX2N2OCNM,cultureAndValues,Social-Emotional Learning
recmYrH0wX2N2OCNM,cultureAndValues,Character Education
recmYrH0wX2N2OCNM,cultureAndValues,Community Service Focus
recmYrH0wX2N2OCNM,amenities,Meal Programs
recmYrH0wX2N2OCNM,amenities,"Great Facilities (gym, auditorium, etc.)"
recmYrH0wX2N2OCNM,amenities,Technology Access
recmYrH0wX2N2OCNM,amenities,Small Class Sizes
recmYrH0wX2N2OCNM,amenities,Extended School Day/Year
recmYrH0wX2N2OCNM,amenities,Security Features
recmwdhG1DYXNIrY7,academicFocusAreas,College Prep
recmwdhG1DYXNIrY7,academicFocusAreas,STEM/STEAM
recmwdhG1DYXNIrY7,supportResources,One-on-One Tutoring
recmwdhG1DYXNIrY7,cultureAndValues,Religious Affiliation
recmwdhG1DYXNIrY7,cultureAndValues,Character Education
recmwdhG1DYXNIrY7,cultureAndValues,Social-Emotional Learning
recmwdhG1DYXNIrY7,extracurricularOfferings,Sports Programs
recmwdhG1DYXNIrY7,extracurricularOfferings,Field Trips & Travel Opportunities
recmwdhG1DYXNIrY7,amenities,Technology Access
recmwdhG1DYXNIrY7,amenities,Small Class Sizes
recmwdhG1DYXNIrY7,amenities,Uniforms/Dress Code
recmxYG1jE4E3IoPl,academicFocusAreas,Project-Based Learning
recmxYG1jE4E3IoPl,cultureAndValues,Religious Affiliation
recmxYG1jE4E3IoPl,cultureAndValues,Community Service Focus
recmxYG1jE4E3IoPl,extracurricularOfferings,Clubs & Activities
recmxYG1jE4E3IoPl,extracurricularOfferings,Sports Programs
recmxYG1jE4E3IoPl,extracurricularOfferings,Student Publications
recmxYG1jE4E3IoPl,extracurricularOfferings,Field Trips & Travel Opportunities
recmxYG1jE4E3IoPl,amenities,Small Class Sizes
recn2Z6KjlLdPEyys,academicFocusAreas,Classical Education
recn2Z6KjlLdPEyys,academicFocusAreas,Language Immersion
recn2Z6KjlLdPEyys,academicFocusAreas,Project-Based Learning
recn2Z6KjlLdPEyys,supportResources,Math Specialists
recn2Z6KjlLdPEyys,supportResources,One-on-One Tutoring
recn2Z6KjlLdPEyys,supportResources,After-School Academic Help
recn2Z6KjlLdPEyys,supportResources,Summer School Programs
recn2Z6KjlLdPEyys,supportResources,Special Education Services
recn2Z6KjlLdPEyys,cultureAndValues,Character Education
recn2Z6KjlLdPEyys,cultureAndValues,Environmental/Outdoor Focus
recn2Z6KjlLdPEyys,cultureAndValues,Community Service Focus
recn2Z6KjlLdPEyys,cultureAndValues,Social-Emotional Learning
recn2Z6KjlLdPEyys,extracurricularOfferings,After School Programs
recn2Z6KjlLdPEyys,extracurricularOfferings,"Arts Programs (Visual, Music, Drama, Dance)"
recn2Z6KjlLdPEyys,extracurricularOfferings,Field Trips & Travel Opportunities
recn2Z6KjlLdPEyys,amenities,Transportation Services
recn2Z6KjlLdPEyys,amenities,Meal Programs
recn2Z6KjlLdPEyys,amenities,"Great Facilities (gym, auditorium, etc.)"
recn2Z6KjlLdPEyys,amenities,Small Class Sizes
recn2Z6KjlLdPEyys,amenities,Security Features
recn2Z6KjlLdPEyys,amenities,Extended School Day/Year
recn3QTiTWlUULlHP,academicFocusAreas,Project-Based Learning
recn3QTiTWlUULlHP,academicFocusAreas,Classical Education
recn3QTiTWlUULlHP,academicFocusAreas,College Prep
recn3QTiTWlUULlHP,academicFocusAreas,Vocational/Career Tech
recn3QTiTWlUULlHP,academicFocusAreas,Gifted & Talented
recn3QTiTWlUULlHP,cultureAndValues,Religious Affiliation
recn3QTiTWlUULlHP,cultureAndValues,Character Education
recn3QTiTWlUULlHP,cultureAndValues,Community Service Focus
recn3QTiTWlUULlHP,extracurricularOfferings,Sports Programs
recn3QTiTWlUULlHP,extracurricularOfferings,"Arts Programs (Visual, Music, Drama, Dance)"
recn3QTiTWlUULlHP,extracurricularOfferings,Robotics/Coding
recn3QTiTWlUULlHP,extracurricularOfferings,Debate/Speech
recn3QTiTWlUULlHP,extracurricularOfferings,Student Publications
recn3QTiTWlUULlHP,extracurricularOfferings,Field Trips & Travel Opportunities
recn3QTiTWlUULlHP,extracurricularOfferings,Before School Programs
recn3QTiTWlUULlHP,extracurricularOfferings,After School Programs
recn3w3LWoC5vT3R5,academicFocusAreas,STEM/STEAM
recn3w3LWoC5vT3R5,academicFocusAreas,Project-Based Learning
recn3w3LWoC5vT3R5,supportResources,After-School Academic Help
recn3w3LWoC5vT3R5,supportResources,Summer School Programs
recn3w3LWoC5vT3R5,cultureAndValues,Environmental/Outdoor Focus
recn3w3LWoC5vT3R5,cultureAndValues,Social-Emotional Learning
recn3w3LWoC5vT3R5,cultureAndValues,Character Education
recn3w3LWoC5vT3R5,extracurricularOfferings,Sports Programs
recn3w3LWoC5vT3R5,extracurricularOfferings,"Arts Programs (Visual, Music, Drama, Dance)"
recn3w3LWoC5vT3R5,extracurricularOfferings,Field Trips & Travel Opportunities
recn3w3LWoC5vT3R5,extracurricularOfferings,Before School Programs
recn3w3LWoC5vT3R5,extracurricularOfferings,After School Programs
recn3w3LWoC5vT3R5,amenities,Transportation Services
recn3w3LWoC5vT3R5,amenities,Meal Programs
recn3w3LWoC5vT3R5,amenities,Technology Access
recn3w3LWoC5vT3R5,amenities,"Great Facilities (gym, auditorium, etc.)"
recn3w3LWoC5vT3R5,amenities,Small Class Sizes
recn3w3LWoC5vT3R5,amenities,Multi-Age Classrooms
recn3w3LWoC5vT3R5,amenities,Extended School Day/Year
recn3w3LWoC5vT3R5,amenities,Security Features
recn40spO6zkvPcvC,academicFocusAreas,Project-Based Learning
recn40spO6zkvPcvC,academicFocusAreas,Montessori
recn40spO6zkvPcvC,cultureAndValues,Community Service Focus
recn40spO6zkvPcvC,cultureAndValues,Environmental/Outdoor Focus
recn40spO6zkvPcvC,extracurricularOfferings,"Arts Programs (Visual, Music, Drama, Dance)"
recn40spO6zkvPcvC,extracurricularOfferings,Field Trips & Travel Opportunities
recn40spO6zkvPcvC,amenities,Small Class Sizes
recn40spO6zkvPcvC,amenities,Multi-Age Classrooms
recn4qaIV99a4srGg,academicFocusAreas,STEM/STEAM
recn4qaIV99a4srGg,academicFocusAreas,Project-Based Learning
recn4qaIV99a4srGg,academicFocusAreas,Montessori
recn4qaIV99a4srGg,cultureAndValues,Character Education
recn4qaIV99a4srGg,cultureAndValues,Community Service Focus
recn4qaIV99a4srGg,cultureAndValues,Environmental/Outdoor Focus
recn4qaIV99a4srGg,cultureAndValues,Social-Emotional Learning
recn4qaIV99a4srGg,extracurricularOfferings,Sports Programs
recn4qaIV99a4srGg,extracurricularOfferings,"Arts Programs (Visual, Music, Drama, Dance)"
recn4qaIV99a4srGg,extracurricularOfferings,Clubs & Activities
recn4qaIV99a4srGg,extracurricularOfferings,Field Trips & Travel Opportunities
recn4qaIV99a4srGg,extracurricularOfferings,Before School Programs
recn4qaIV99a4srGg,extracurricularOfferings,After School Programs
recn4qaIV99a4srGg,amenities,Meal Programs
recn4qaIV99a4srGg,amenities,Technology Access
recn4qaIV99a4srGg,amenities,"Great Facilities (gym, auditorium, etc.)"
recn4qaIV99a4srGg,amenities,Small Class Sizes
recn4qaIV99a4srGg,amenities,Multi-Age Classrooms
recn4qaIV99a4srGg,amenities,Extended School Day/Year
recn4qaIV99a4srGg,amenities,Uniforms/Dress Code
recn4qaIV99a4srGg,amenities,Security Features
recnARMI6t1umiGAh,cultureAndValues,Religious Affiliation
recnARMI6t1umiGAh,extracurricularOfferings,Sports Programs
recnARMI6t1umiGAh,extracurricularOfferings,Robotics/Coding
recnARMI6t1umiGAh,extracurricularOfferings,Field Trips & Travel Opportunities
recnARMI6t1umiGAh,extracurricularOfferings,After School Programs
recnARMI6t1umiGAh,amenities,Technology Access
recnARMI6t1umiGAh,amenities,Security Features
recnARMI6t1umiGAh,amenities,Meal Programs
recnhd35tVAjYb4FF,cultureAndValues,Social-Emotional Learning
recnhd35tVAjYb4FF,extracurricularOfferings,"Arts Programs (Visual, Music, Drama, Dance)"
recnhd35tVAjYb4FF,extracurricularOfferings,Clubs & Activities
recnhd35tVAjYb4FF,extracurricularOfferings,Robotics/Coding
recnhd35tVAjYb4FF,extracurricularOfferings,Field Trips & Travel Opportunities
recnhd35tVAjYb4FF,extracurricularOfferings,Before School Programs
recnhd35tVAjYb4FF,extracurricularOfferings,After School Programs
recnhd35tVAjYb4FF,extracurricularOfferings,Sports Programs
recnvygCmjzbxfdhU,supportResources,One-on-One Tutoring
recnvygCmjzbxfdhU,supportResources,Reading Specialists
recnvygCmjzbxfdhU,cultureAndValues,Character Education
recnvygCmjzbxfdhU,cultureAndValues,Religious Affiliation
recnvygCmjzbxfdhU,cultureAndValues,Environmental/Outdoor Focus
recnvygCmjzbxfdhU,extracurricularOfferings,Clubs & Activities
recnvygCmjzbxfdhU,amenities,Small Class Sizes
recnvygCmjzbxfdhU,amenities,Multi-Age Classrooms
recnvygCmjzbxfdhU,amenities,Uniforms/Dress Code
recoCsDZ4Nt8szbdh,cultureAndValues,Religious Affiliation
recoCsDZ4Nt8szbdh,amenities,Meal Programs
recoCsDZ4Nt8szbdh,amenities,Technology Access
recoCsDZ4Nt8szbdh,amenities,"Great Facilities (gym, auditorium, etc.)"
recoCsDZ4Nt8szbdh,amenities,Small Class Sizes
recoCsDZ4Nt8szbdh,amenities,Extended School Day/Year
recoCsDZ4Nt8szbdh,amenities,Uniforms/Dress Code
recoCsDZ4Nt8szbdh,amenities,Security Features
recoLXZXbvKVI6kdx,academicFocusAreas,STEM/STEAM
recoLXZXbvKVI6kdx,academicFocusAreas,Project-Based Learning
recoLXZXbvKVI6kdx,supportResources,After-School Academic Help
recoLXZXbvKVI6kdx,supportResources,Summer School Programs
recoLXZXbvKVI6kdx,supportResources,Counseling Services
recoLXZXbvKVI6kdx,cultureAndValues,Community Service Focus
recoLXZXbvKVI6kdx,cultureAndValues,Social-Emotional Learning
recoLXZXbvKVI6kdx,cultureAndValues,Character Education
recoLXZXbvKVI6kdx,extracurricularOfferings,Sports Programs
recoLXZXbvKVI6kdx,extracurricularOfferings,"Arts Programs (Visual, Music, Drama, Dance)"
recoLXZXbvKVI6kdx,extracurricularOfferings,Clubs & Activities
recoLXZXbvKVI6kdx,extracurricularOfferings,Field Trips & Travel Opportunities
recoLXZXbvKVI6kdx,extracurricularOfferings,Before School Programs
recoLXZXbvKVI6kdx,extracurricularOfferings,After School Programs
recoLXZXbvKVI6kdx,amenities,Technology Access
recoLXZXbvKVI6kdx,amenities,"Great Facilities (gym, auditorium, etc.)"
recoLXZXbvKVI6kdx,amenities,Small Class Sizes
recoLXZXbvKVI6kdx,amenities,Extended School Day/Year
recoLXZXbvKVI6kdx,amenities,Uniforms/Dress Code
recoLXZXbvKVI6kdx,amenities,Security Features
recoOj2yNnwOE8sgb,cultureAndValues,Religious Affiliation
recoOj2yNnwOE8sgb,cultureAndValues,Character Education
recoOj2yNnwOE8sgb,cultureAndValues,Social-Emotional Learning
recoQrat1RVGpfEwd,academicFocusAreas,Project-Based Learning
recoQrat1RVGpfEwd,supportResources,Summer School Programs
recoQrat1RVGpfEwd,cultureAndValues,Environmental/Outdoor Focus
recoQrat1RVGpfEwd,cultureAndValues,Social-Emotional Learning
recoQrat1RVGpfEwd,amenities,Small Class Sizes
recoQrat1RVGpfEwd,amenities,Security Features
recoQrat1RVGpfEwd,amenities,Extended School Day/Year
recoiTFNdqCsBvDLK,academicFocusAreas,STEM/STEAM
recoiTFNdqCsBvDLK,academicFocusAreas,Project-Based Learning
recoiTFNdqCsBvDLK,academicFocusAreas,Language Immersion
recoiTFNdqCsBvDLK,academicFocusAreas,Classical Education
recoiTFNdqCsBvDLK,supportResources,Summer School Programs
recoiTFNdqCsBvDLK,supportResources,After-School Academic Help
recoiTFNdqCsBvDLK,cultureAndValues,Character Education
recoiTFNdqCsBvDLK,cultureAndValues,Environmental/Outdoor Focus
recoiTFNdqCsBvDLK,cultureAndValues,Social-Emotional Learning
recoiTFNdqCsBvDLK,cultureAndValues,Community Service Focus
recoiTFNdqCsBvDLK,extracurricularOfferings,Sports Programs
recoiTFNdqCsBvDLK,extracurricularOfferings,Field Trips & Travel Opportunities
recoiTFNdqCsBvDLK,extracurricularOfferings,Before School Programs
recoiTFNdqCsBvDLK,extracurricularOfferings,After School Programs
recoiTFNdqCsBvDLK,amenities,Meal Programs
recoiTFNdqCsBvDLK,amenities,Transportation Services
recoiTFNdqCsBvDLK,amenities,Small Class Sizes
recoiTFNdqCsBvDLK,amenities,Extended School Day/Year
recoiTFNdqCsBvDLK,amenities,Security Features
recoiTFNdqCsBvDLK,amenities,Technology Access
recozC50SKj6V1Q96,academicFocusAreas,STEM/STEAM
recozC50SKj6V1Q96,academicFocusAreas,Project-Based Learning
recozC50SKj6V1Q96,supportResources,After-School Academic Help
recozC50SKj6V1Q96,supportResources,Summer School Programs
recozC50SKj6V1Q96,cultureAndValues,Social-Emotional Learning
recozC50SKj6V1Q96,amenities,Meal Programs
recozC50SKj6V1Q96,amenities,"Great Facilities (gym, auditorium, etc.)"
recozC50SKj6V1Q96,amenities,Small Class Sizes
recozC50SKj6V1Q96,amenities,Security Features
recozC50SKj6V1Q96,amenities,Extended School Day/Year
recozC50SKj6V1Q96,amenities,Transportation Services
recp0U1PT0UVk0lc7,academicFocusAreas,Classical Education
recp0U1PT0UVk0lc7,cultureAndValues,Religious Affiliation
recp0U1PT0UVk0lc7,extracurricularOfferings,Sports Programs
recp0U1PT0UVk0lc7,extracurricularOfferings,"Arts Programs (Visual, Music, Drama, Dance)"
recp0U1PT0UVk0lc7,extracurricularOfferings,Clubs & Activities
recp0U1PT0UVk0lc7,extracurricularOfferings,Field Trips & Travel Opportunities
recp0U1PT0UVk0lc7,extracurricularOfferings,Before School Programs
recp0U1PT0UVk0lc7,extracurricularOfferings,After School Programs
recp0U1PT0UVk0lc7,amenities,Meal Programs
recp0U1PT0UVk0lc7,amenities,"Great Facilities (gym, auditorium, etc.)"
recp0U1PT0UVk0lc7,amenities,Technology Access
recp0U1PT0UVk0lc7,amenities,Extended School Day/Year
recp0U1PT0UVk0lc7,amenities,Uniforms/Dress Code
recp0U1PT0UVk0lc7,amenities,Security Features
recp0U1PT0UVk0lc7,amenities,Small Class Sizes
recp4vNOvhIw7l5eD,academicFocusAreas,Classical Education
recp4vNOvhIw7l5eD,supportResources,Summer School Programs
recp4vNOvhIw7l5eD,cultureAndValues,Social-Emotional Learning
recp4vNOvhIw7l5eD,cultureAndValues,Community Service Focus
recp4vNOvhIw7l5eD,extracurricularOfferings,Field Trips & Travel Opportunities
recp4vNOvhIw7l5eD,extracurricularOfferings,After School Programs
recp4vNOvhIw7l5eD,amenities,Small Class Sizes
recp4vNOvhIw7l5eD,amenities,Meal Programs
recp4vNOvhIw7l5eD,amenities,Transportation Services
recp4vNOvhIw7l5eD,amenities,Extended School Day/Year
recp4vNOvhIw7l5eD,amenities,Uniforms/Dress Code
recp4vNOvhIw7l5eD,amenities,Security Features
recp4vNOvhIw7l5eD,amenities,Technology Access
recpHTXiVdZI7aNzE,academicFocusAreas,STEM/STEAM
recpHTXiVdZI7aNzE,academicFocusAreas,Project-Based Learning
recpHTXiVdZI7aNzE,supportResources,Reading Specialists
recpHTXiVdZI7aNzE,supportResources,Math Specialists
recpHTXiVdZI7aNzE,supportResources,Counseling Services
recpHTXiVdZI7aNzE,supportResources,Summer School Programs
recpHTXiVdZI7aNzE,cultureAndValues,Religious Affiliation
recpHTXiVdZI7aNzE,cultureAndValues,Community Service Focus
recpHTXiVdZI7aNzE,cultureAndValues,Character Education
recpHTXiVdZI7aNzE,cultureAndValues,Social-Emotional Learning
recpHTXiVdZI7aNzE,extracurricularOfferings,Sports Programs
recpHTXiVdZI7aNzE,extracurricularOfferings,"Arts Programs (Visual, Music, Drama, Dance)"
recpHTXiVdZI7aNzE,extracurricularOfferings,Clubs & Activities
recpHTXiVdZI7aNzE,extracurricularOfferings,Robotics/Coding
recpHTXiVdZI7aNzE,extracurricularOfferings,Field Trips & Travel Opportunities
recpHTXiVdZI7aNzE,extracurricularOfferings,Before School Programs
recpHTXiVdZI7aNzE,extracurricularOfferings,After School Programs
recpHTXiVdZI7aNzE,amenities,Meal Programs
recpHTXiVdZI7aNzE,amenities,Technology Access
recpHTXiVdZI7aNzE,amenities,"Great Facilities (gym, auditorium, etc.)"
recpHTXiVdZI7aNzE,amenities,Extended School Day/Year
recpHTXiVdZI7aNzE,amenities,Uniforms/Dress Code
recpHTXiVdZI7aNzE,amenities,Security Features
recpK06iQdN8lfdeJ,academicFocusAreas,College Prep
recpK06iQdN8lfdeJ,academicFocusAreas,Advanced Placement (AP)
recpK06iQdN8lfdeJ,academicFocusAreas,STEM/STEAM
recpK06iQdN8lfdeJ,cultureAndValues,Religious Affiliation
recpK06iQdN8lfdeJ,cultureAndValues,Social-Emotional Learning
recpK06iQdN8lfdeJ,cultureAndValues,Community Service Focus
recpK06iQdN8lfdeJ,extracurricularOfferings,Sports Programs
recpK06iQdN8lfdeJ,extracurricularOfferings,"Arts Programs (Visual, Music, Drama, Dance)"
recpK06iQdN8lfdeJ,extracurricularOfferings,Clubs & Activities
recpK06iQdN8lfdeJ,extracurricularOfferings,Robotics/Coding
recpK06iQdN8lfdeJ,extracurricularOfferings,Field Trips & Travel Opportunities
recpK06iQdN8lfdeJ,extracurricularOfferings,After School Programs
recpK06iQdN8lfdeJ,extracurricularOfferings,Student Publications
recpK06iQdN8lfdeJ,amenities,Meal Programs
recpK06iQdN8lfdeJ,amenities,Technology Access
recpK06iQdN8lfdeJ,amenities,Small Class Sizes
recpK06iQdN8lfdeJ,amenities,Extended School Day/Year
recpK06iQdN8lfdeJ,amenities,Uniforms/Dress Code
recpK06iQdN8lfdeJ,amenities,Security Features
recpK06iQdN8lfdeJ,amenities,"Great Facilities (gym, auditorium, etc.)"
recpQUX0N7f4XXO0u,academicFocusAreas,Classical Education
recpQUX0N7f4XXO0u,cultureAndValues,Character Education
recpQUX0N7f4XXO0u,cultureAndValues,Community Service Focus
recpQUX0N7f4XXO0u,cultureAndValues,Environmental/Outdoor Focus
recpQUX0N7f4XXO0u,cultureAndValues,Social-Emotional Learning
recpQUX0N7f4XXO0u,cultureAndValues,Religious Affiliation
recpQUX0N7f4XXO0u,extracurricularOfferings,"Arts Programs (Visual, Music, Drama, Dance)"
recpQUX0N7f4XXO0u,extracurricularOfferings,Clubs & Activities
recpQUX0N7f4XXO0u,extracurricularOfferings,Robotics/Coding
recpQUX0N7f4XXO0u,extracurricularOfferings,Sports Programs
recpQUX0N7f4XXO0u,extracurricularOfferings,Field Trips & Travel Opportunities
recpQUX0N7f4XXO0u,extracurricularOfferings,Debate/Speech
recpQUX0N7f4XXO0u,amenities,Small Class Sizes
recpQUX0N7f4XXO0u,amenities,"Great Facilities (gym, auditorium, etc.)"
recpQUX0N7f4XXO0u,amenities,Uniforms/Dress Code
recpQUX0N7f4XXO0u,amenities,Security Features
recpR76VBR3XXX8yw,academicFocusAreas,Classical Education
recpR76VBR3XXX8yw,academicFocusAreas,Montessori
recpR76VBR3XXX8yw,academicFocusAreas,Project-Based Learning
recpR76VBR3XXX8yw,supportResources,One-on-One Tutoring
recpR76VBR3XXX8yw,supportResources,Reading Specialists
recpR76VBR3XXX8yw,supportResources,Math Specialists
recpR76VBR3XXX8yw,supportResources,Speech Therapy
recpR76VBR3XXX8yw,supportResources,Special Education Services
recpR76VBR3XXX8yw,supportResources,After-School Academic Help
recpR76VBR3XXX8yw,supportResources,Summer School Programs
recpR76VBR3XXX8yw,cultureAndValues,Religious Affiliation
recpR76VBR3XXX8yw,cultureAndValues,Social-Emotional Learning
recpR76VBR3XXX8yw,extracurricularOfferings,Field Trips & Travel Opportunities
recpR76VBR3XXX8yw,extracurricularOfferings,Before School Programs
recpR76VBR3XXX8yw,extracurricularOfferings,After School Programs
recpR76VBR3XXX8yw,amenities,Transportation Services
recpR76VBR3XXX8yw,amenities,Technology Access
recpR76VBR3XXX8yw,amenities,Meal Programs
recpR76VBR3XXX8yw,amenities,Small Class Sizes
recpR76VBR3XXX8yw,amenities,Extended School Day/Year
recpR76VBR3XXX8yw,amenities,Multi-Age Classrooms
recpTKMgqPfKlllK0,academicFocusAreas,STEM/STEAM
recpTKMgqPfKlllK0,academicFocusAreas,Project-Based Learning
recpTKMgqPfKlllK0,supportResources,ESL/ELL Support
recpTKMgqPfKlllK0,supportResources,Summer School Programs
recpTKMgqPfKlllK0,supportResources,After-School Academic Help
recpTKMgqPfKlllK0,cultureAndValues,Social-Emotional Learning
recpTKMgqPfKlllK0,cultureAndValues,Character Education
recpTKMgqPfKlllK0,extracurricularOfferings,Field Trips & Travel Opportunities
recpTKMgqPfKlllK0,extracurricularOfferings,Before School Programs
recpTKMgqPfKlllK0,extracurricularOfferings,After School Programs
recpTKMgqPfKlllK0,amenities,Transportation Services
recpTKMgqPfKlllK0,amenities,Meal Programs
recpTKMgqPfKlllK0,amenities,Small Class Sizes
recpTKMgqPfKlllK0,amenities,Multi-Age Classrooms
recpTKMgqPfKlllK0,amenities,Extended School Day/Year
recpTKMgqPfKlllK0,amenities,Security Features
recphoR8nC0O9FQjS,academicFocusAreas,Classical Education
recphoR8nC0O9FQjS,academicFocusAreas,Advanced Placement (AP)
recphoR8nC0O9FQjS,supportResources,Reading Specialists
recphoR8nC0O9FQjS,cultureAndValues,Religious Affiliation
recphoR8nC0O9FQjS,cultureAndValues,Character Education
recphoR8nC0O9FQjS,cultureAndValues,Community Service Focus
recphoR8nC0O9FQjS,cultureAndValues,Environmental/Outdoor Focus
recphoR8nC0O9FQjS,extracurricularOfferings,"Arts Programs (Visual, Music, Drama, Dance)"
recphoR8nC0O9FQjS,extracurricularOfferings,Sports Programs
recphoR8nC0O9FQjS,extracurricularOfferings,Clubs & Activities
recphoR8nC0O9FQjS,extracurricularOfferings,Debate/Speech
recphoR8nC0O9FQjS,extracurricularOfferings,Student Publications
recphoR8nC0O9FQjS,extracurricularOfferings,After School Programs
recphoR8nC0O9FQjS,extracurricularOfferings,Field Trips & Travel Opportunities
recphoR8nC0O9FQjS,amenities,"Great Facilities (gym, auditorium, etc.)"
recphoR8nC0O9FQjS,amenities,Small Class Sizes
recphoR8nC0O9FQjS,amenities,Uniforms/Dress Code
recphoR8nC0O9FQjS,amenities,Security Features
recpnbzXKAZa6FkSj,academicFocusAreas,Classical Education
recpnbzXKAZa6FkSj,supportResources,Summer School Programs
recpnbzXKAZa6FkSj,cultureAndValues,Character Education
recpnbzXKAZa6FkSj,extracurricularOfferings,Sports Programs
recpnbzXKAZa6FkSj,extracurricularOfferings,Field Trips & Travel Opportunities
recpnbzXKAZa6FkSj,extracurricularOfferings,Before School Programs
recpnbzXKAZa6FkSj,extracurricularOfferings,After School Programs
recpnbzXKAZa6FkSj,amenities,Transportation Services
recpnbzXKAZa6FkSj,amenities,Meal Programs
recpnbzXKAZa6FkSj,amenities,Extended School Day/Year
recpnbzXKAZa6FkSj,amenities,Security Features
recpuyG1DqWEOmOJd,academicFocusAreas,Classical Education
recpuyG1DqWEOmOJd,cultureAndValues,Social-Emotional Learning
recpuyG1DqWEOmOJd,amenities,Meal Programs
recpuyG1DqWEOmOJd,amenities,Small Class Sizes
recpuyG1DqWEOmOJd,amenities,Extended School Day/Year
recpuyG1DqWEOmOJd,amenities,Security Features
recpuyG1DqWEOmOJd,amenities,Transportation Services
recq9yJLzdYiRhZuS,academicFocusAreas,Montessori
recq9yJLzdYiRhZuS,cultureAndValues,Environmental/Outdoor Focus
recq9yJLzdYiRhZuS,cultureAndValues,Social-Emotional Learning
recq9yJLzdYiRhZuS,cultureAndValues,Character Education
recq9yJLzdYiRhZuS,amenities,Small Class Sizes
recqBQMsPtA4Qg1Sq,academicFocusAreas,Classical Education
recqBQMsPtA4Qg1Sq,supportResources,Reading Specialists
recqBQMsPtA4Qg1Sq,supportResources,Counseling Services
recqBQMsPtA4Qg1Sq,supportResources,After-School Academic Help
recqBQMsPtA4Qg1Sq,cultureAndValues,Religious Affiliation
recqBQMsPtA4Qg1Sq,cultureAndValues,Community Service Focus
recqBQMsPtA4Qg1Sq,cultureAndValues,Social-Emotional Learning
recqBQMsPtA4Qg1Sq,extracurricularOfferings,Clubs & Activities
recqBQMsPtA4Qg1Sq,extracurricularOfferings,Field Trips & Travel Opportunities
recqBQMsPtA4Qg1Sq,amenities,Technology Access
recqBQMsPtA4Qg1Sq,amenities,Small Class Sizes
recqBQMsPtA4Qg1Sq,amenities,Uniforms/Dress Code
recqBQMsPtA4Qg1Sq,amenities,Security Features
recqNVIfQyRkII0lk,academicFocusAreas,Classical Education
recqNVIfQyRkII0lk,supportResources,Summer School Programs
recqNVIfQyRkII0lk,cultureAndValues,Character Education
recqNVIfQyRkII0lk,cultureAndValues,Social-Emotional Learning
recqNVIfQyRkII0lk,cultureAndValues,Environmental/Outdoor Focus
recqNVIfQyRkII0lk,extracurricularOfferings,Before School Programs
recqNVIfQyRkII0lk,extracurricularOfferings,After School Programs
recqNVIfQyRkII0lk,extracurricularOfferings,"Arts Programs (Visual, Music, Drama, Dance)"
recqNVIfQyRkII0lk,amenities,Small Class Sizes
recqNVIfQyRkII0lk,amenities,Multi-Age Classrooms
recqNVIfQyRkII0lk,amenities,Extended School Day/Year
recqNVIfQyRkII0lk,amenities,Security Features
recqWHeqM52XZo2hd,academicFocusAreas,Montessori
recqWHeqM52XZo2hd,academicFocusAreas,Project-Based Learning
recqWHeqM52XZo2hd,supportResources,Special Education Services
recqWHeqM52XZo2hd,supportResources,Speech Therapy
recqWHeqM52XZo2hd,cultureAndValues,Religious Affiliation
recqWHeqM52XZo2hd,extracurricularOfferings,After School Programs
recqWHeqM52XZo2hd,extracurricularOfferings,Clubs & Activities
recqWHeqM52XZo2hd,extracurricularOfferings,Field Trips & Travel Opportunities
recqWHeqM52XZo2hd,amenities,Small Class Sizes
recqWHeqM52XZo2hd,amenities,Uniforms/Dress Code
recqWKYVhaENy7jXZ,academicFocusAreas,STEM/STEAM
recqWKYVhaENy7jXZ,supportResources,Summer School Programs
recqWKYVhaENy7jXZ,supportResources,After-School Academic Help
recqWKYVhaENy7jXZ,cultureAndValues,Religious Affiliation
recqWKYVhaENy7jXZ,cultureAndValues,Character Education
recqWKYVhaENy7jXZ,cultureAndValues,Environmental/Outdoor Focus
recqWKYVhaENy7jXZ,extracurricularOfferings,Before School Programs
recqWKYVhaENy7jXZ,extracurricularOfferings,After School Programs
recqWKYVhaENy7jXZ,extracurricularOfferings,Field Trips & Travel Opportunities
recqWKYVhaENy7jXZ,amenities,Transportation Services
recqWKYVhaENy7jXZ,amenities,Meal Programs
recqWKYVhaENy7jXZ,amenities,Technology Access
recqWKYVhaENy7jXZ,amenities,"Great Facilities (gym, auditorium, etc.)"
recqWKYVhaENy7jXZ,amenities,Small Class Sizes
recqWKYVhaENy7jXZ,amenities,Extended School Day/Year
recqWKYVhaENy7jXZ,amenities,Uniforms/Dress Code
recqWKYVhaENy7jXZ,amenities,Security Features
recqWOAlrNoOOJtcn,academicFocusAreas,Project-Based Learning
recqWOAlrNoOOJtcn,supportResources,After-School Academic Help
recqWOAlrNoOOJtcn,supportResources,Summer School Programs
recqWOAlrNoOOJtcn,cultureAndValues,Social-Emotional Learning
recqWOAlrNoOOJtcn,cultureAndValues,Environmental/Outdoor Focus
recqWOAlrNoOOJtcn,cultureAndValues,Character Education
recqWOAlrNoOOJtcn,extracurricularOfferings,After School Programs
recqWOAlrNoOOJtcn,amenities,Transportation Services
recqWOAlrNoOOJtcn,amenities,Meal Programs
recqWOAlrNoOOJtcn,amenities,Uniforms/Dress Code
recqWOAlrNoOOJtcn,amenities,Extended School Day/Year
recqWOAlrNoOOJtcn,amenities,Multi-Age Classrooms
recqWOAlrNoOOJtcn,amenities,Small Class Sizes
recqWOAlrNoOOJtcn,amenities,Security Features
recqWhb5YRbz0Z4qe,cultureAndValues,Religious Affiliation
recqWhb5YRbz0Z4qe,cultureAndValues,Environmental/Outdoor Focus
recqWhb5YRbz0Z4qe,cultureAndValues,Social-Emotional Learning
recqWhb5YRbz0Z4qe,amenities,Small Class Sizes
recqWhb5YRbz0Z4qe,amenities,Security Features
recqWhb5YRbz0Z4qe,amenities,"Great Facilities (gym, auditorium, etc.)"
recqhINJ0SjC5dJyp,cultureAndValues,Religious Affiliation
recqhINJ0SjC5dJyp,extracurricularOfferings,Sports Programs
recqhINJ0SjC5dJyp,extracurricularOfferings,"Arts Programs (Visual, Music, Drama, Dance)"
recqhINJ0SjC5dJyp,extracurricularOfferings,Before School Programs
recqhINJ0SjC5dJyp,extracurricularOfferings,After School Programs
recqhINJ0SjC5dJyp,amenities,Meal Programs
recqhINJ0SjC5dJyp,amenities,"Great Facilities (gym, auditorium, etc.)"
recqhINJ0SjC5dJyp,amenities,Uniforms/Dress Code
recqhINJ0SjC5dJyp,amenities,Security Features
recqhINJ0SjC5dJyp,amenities,Small Class Sizes
recqmKlvuYqT2bym6,academicFocusAreas,STEM/STEAM
recqmKlvuYqT2bym6,academicFocusAreas,Classical Education
recqmKlvuYqT2bym6,supportResources,One-on-One Tutoring
recqmKlvuYqT2bym6,supportResources,Reading Specialists
recqmKlvuYqT2bym6,supportResources,Counseling Services
recqmKlvuYqT2bym6,supportResources,After-School Academic Help
recqmKlvuYqT2bym6,supportResources,Summer School Programs
recqmKlvuYqT2bym6,cultureAndValues,Religious Affiliation
recqmKlvuYqT2bym6,cultureAndValues,Social-Emotional Learning
recqmKlvuYqT2bym6,cultureAndValues,Community Service Focus
recqmKlvuYqT2bym6,cultureAndValues,Democratic/Student-Led Governance
recqmKlvuYqT2bym6,extracurricularOfferings,Sports Programs
recqmKlvuYqT2bym6,extracurricularOfferings,"Arts Programs (Visual, Music, Drama, Dance)"
recqmKlvuYqT2bym6,extracurricularOfferings,Robotics/Coding
recqmKlvuYqT2bym6,extracurricularOfferings,Clubs & Activities
recqmKlvuYqT2bym6,extracurricularOfferings,Field Trips & Travel Opportunities
recqmKlvuYqT2bym6,extracurricularOfferings,Before School Programs
recqmKlvuYqT2bym6,extracurricularOfferings,After School Programs
recqmKlvuYqT2bym6,extracurricularOfferings,Student Publications
recqmKlvuYqT2bym6,amenities,Small Class Sizes
recqmKlvuYqT2bym6,amenities,Meal Programs
recqmKlvuYqT2bym6,amenities,Technology Access
recqmKlvuYqT2bym6,amenities,Multi-Age Classrooms
recqmKlvuYqT2bym6,amenities,Extended School Day/Year
recqmKlvuYqT2bym6,amenities,Uniforms/Dress Code
recqmKlvuYqT2bym6,amenities,Security Features
recr5ub0ELucxrnVv,academicFocusAreas,Gifted & Talented
recr5ub0ELucxrnVv,supportResources,Speech Therapy
recr5ub0ELucxrnVv,supportResources,After-School Academic Help
recr5ub0ELucxrnVv,supportResources,One-on-One Tutoring
recr5ub0ELucxrnVv,cultureAndValues,Religious Affiliation
recr5ub0ELucxrnVv,extracurricularOfferings,Sports Programs
recr5ub0ELucxrnVv,extracurricularOfferings,After School Programs
recr5ub0ELucxrnVv,extracurricularOfferings,"Arts Programs (Visual, Music, Drama, Dance)"
recr5ub0ELucxrnVv,amenities,Meal Programs
recr5ub0ELucxrnVv,amenities,Small Class Sizes
recr5ub0ELucxrnVv,amenities,Security Features
recr5ub0ELucxrnVv,amenities,Uniforms/Dress Code
recr5ub0ELucxrnVv,amenities,Technology Access
recrN70YNYMJ2GDhk,academicFocusAreas,Project-Based Learning
recrN70YNYMJ2GDhk,academicFocusAreas,Montessori
recrN70YNYMJ2GDhk,supportResources,Summer School Programs
recrN70YNYMJ2GDhk,cultureAndValues,Social-Emotional Learning
recrN70YNYMJ2GDhk,cultureAndValues,Character Education
recrN70YNYMJ2GDhk,extracurricularOfferings,Before School Programs
recrN70YNYMJ2GDhk,extracurricularOfferings,After School Programs
recrN70YNYMJ2GDhk,extracurricularOfferings,"Arts Programs (Visual, Music, Drama, Dance)"
recrN70YNYMJ2GDhk,amenities,Meal Programs
recrN70YNYMJ2GDhk,amenities,Extended School Day/Year
recrQdoD6ir3JFSKm,academicFocusAreas,STEM/STEAM
recrQdoD6ir3JFSKm,academicFocusAreas,Classical Education
recrQdoD6ir3JFSKm,supportResources,After-School Academic Help
recrQdoD6ir3JFSKm,supportResources,Summer School Programs
recrQdoD6ir3JFSKm,cultureAndValues,Religious Affiliation
recrQdoD6ir3JFSKm,cultureAndValues,Environmental/Outdoor Focus
recrQdoD6ir3JFSKm,cultureAndValues,Social-Emotional Learning
recrQdoD6ir3JFSKm,extracurricularOfferings,Before School Programs
recrQdoD6ir3JFSKm,extracurricularOfferings,Field Trips & Travel Opportunities
recrQdoD6ir3JFSKm,extracurricularOfferings,After School Programs
recrQdoD6ir3JFSKm,amenities,Transportation Services
recrQdoD6ir3JFSKm,amenities,Meal Programs
recrQdoD6ir3JFSKm,amenities,Technology Access
recrQdoD6ir3JFSKm,amenities,"Great Facilities (gym, auditorium, etc.)"
recrQdoD6ir3JFSKm,amenities,Small Class Sizes
recrQdoD6ir3JFSKm,amenities,Extended School Day/Year
recrQdoD6ir3JFSKm,amenities,Uniforms/Dress Code
recrQdoD6ir3JFSKm,amenities,Security Features
recrX5uhqXmNo5gyL,academicFocusAreas,Project-Based Learning
recrX5uhqXmNo5gyL,supportResources,Speech Therapy
recrX5uhqXmNo5gyL,supportResources,Occupational Therapy
recrX5uhqXmNo5gyL,supportResources,Summer School Programs
recrX5uhqXmNo5gyL,cultureAndValues,Environmental/Outdoor Focus
recrX5uhqXmNo5gyL,cultureAndValues,Social-Emotional Learning
recrX5uhqXmNo5gyL,cultureAndValues,Community Service Focus
recrX5uhqXmNo5gyL,cultureAndValues,Character Education
recrX5uhqXmNo5gyL,extracurricularOfferings,"Arts Programs (Visual, Music, Drama, Dance)"
recrX5uhqXmNo5gyL,extracurricularOfferings,Sports Programs
recrX5uhqXmNo5gyL,extracurricularOfferings,After School Programs
recrX5uhqXmNo5gyL,extracurricularOfferings,Before School Programs
recrX5uhqXmNo5gyL,amenities,Meal Programs
recrX5uhqXmNo5gyL,amenities,"Great Facilities (gym, auditorium, etc.)"
recrX5uhqXmNo5gyL,amenities,Small Class Sizes
recrX5uhqXmNo5gyL,amenities,Extended School Day/Year
recrX5uhqXmNo5gyL,amenities,Security Features
recrZvKX4OvMe2mgl,academicFocusAreas,Project-Based Learning
recrZvKX4OvMe2mgl,academicFocusAreas,STEM/STEAM
recrZvKX4OvMe2mgl,academicFocusAreas,Gifted & Talented
recrZvKX4OvMe2mgl,supportResources,Reading Specialists
recrZvKX4OvMe2mgl,cultureAndValues,Religious Affiliation
recrZvKX4OvMe2mgl,cultureAndValues,Community Service Focus
recrZvKX4OvMe2mgl,cultureAndValues,Social-Emotional Learning
recrZvKX4OvMe2mgl,cultureAndValues,Character Education
recrZvKX4OvMe2mgl,extracurricularOfferings,Sports Programs
recrZvKX4OvMe2mgl,extracurricularOfferings,"Arts Programs (Visual, Music, Drama, Dance)"
recrZvKX4OvMe2mgl,extracurricularOfferings,Clubs & Activities
recrZvKX4OvMe2mgl,extracurricularOfferings,Field Trips & Travel Opportunities
recrZvKX4OvMe2mgl,extracurricularOfferings,Before School Programs
recrZvKX4OvMe2mgl,extracurricularOfferings,After School Programs
recrZvKX4OvMe2mgl,extracurricularOfferings,Robotics/Coding
recrZvKX4OvMe2mgl,amenities,Technology Access
recrZvKX4OvMe2mgl,amenities,"Great Facilities (gym, auditorium, etc.)"
recrZvKX4OvMe2mgl,amenities,Small Class Sizes
recrZvKX4OvMe2mgl,amenities,Uniforms/Dress Code
recrZvKX4OvMe2mgl,amenities,Security Features
recre2LvIcr8hVBre,extracurricularOfferings,Before School Programs
recre2LvIcr8hVBre,extracurricularOfferings,After School Programs
recre2LvIcr8hVBre,amenities,Transportation Services
recre2LvIcr8hVBre,amenities,Meal Programs
recrkOz38IgLFaPvA,academicFocusAreas,Classical Education
recrkOz38IgLFaPvA,academicFocusAreas,Montessori
recrkOz38IgLFaPvA,academicFocusAreas,College Prep
recrkOz38IgLFaPvA,academicFocusAreas,Vocational/Career Tech
recrkOz38IgLFaPvA,supportResources,Reading Specialists
recrkOz38IgLFaPvA,supportResources,Math Specialists
recrkOz38IgLFaPvA,supportResources,Special Education Services
recrkOz38IgLFaPvA,supportResources,Summer School Programs
recrkOz38IgLFaPvA,cultureAndValues,Religious Affiliation
recrkOz38IgLFaPvA,cultureAndValues,Community Service Focus
recrkOz38IgLFaPvA,cultureAndValues,Character Education
recrkOz38IgLFaPvA,extracurricularOfferings,Sports Programs
recrkOz38IgLFaPvA,extracurricularOfferings,"Arts Programs (Visual, Music, Drama, Dance)"
recrkOz38IgLFaPvA,extracurricularOfferings,Clubs & Activities
recrkOz38IgLFaPvA,extracurricularOfferings,Robotics/Coding
recrkOz38IgLFaPvA,extracurricularOfferings,Student Publications
recrkOz38IgLFaPvA,extracurricularOfferings,Field Trips & Travel Opportunities
recrkOz38IgLFaPvA,amenities,Transportation Services
recrkOz38IgLFaPvA,amenities,Meal Programs
recrkOz38IgLFaPvA,amenities,Technology Access
recrkOz38IgLFaPvA,amenities,"Great Facilities (gym, auditorium, etc.)"
recrkOz38IgLFaPvA,amenities,Small Class Sizes
recrkOz38IgLFaPvA,amenities,Multi-Age Classrooms
recrkOz38IgLFaPvA,amenities,Uniforms/Dress Code
recrkOz38IgLFaPvA,amenities,Security Features
recrkRkJcvspQ5TzU,academicFocusAreas,STEM/STEAM
recrkRkJcvspQ5TzU,supportResources,One-on-One Tutoring
recrkRkJcvspQ5TzU,supportResources,ESL/ELL Support
recrkRkJcvspQ5TzU,supportResources,After-School Academic Help
recrkRkJcvspQ5TzU,supportResources,Speech Therapy
recrkRkJcvspQ5TzU,cultureAndValues,Religious Affiliation
recrkRkJcvspQ5TzU,cultureAndValues,Character Education
recrkRkJcvspQ5TzU,cultureAndValues,Social-Emotional Learning
recrkRkJcvspQ5TzU,extracurricularOfferings,Sports Programs
recrkRkJcvspQ5TzU,extracurricularOfferings,Clubs & Activities
recrkRkJcvspQ5TzU,extracurricularOfferings,Before School Programs
recrkRkJcvspQ5TzU,extracurricularOfferings,After School Programs
recrkRkJcvspQ5TzU,amenities,Technology Access
recrkRkJcvspQ5TzU,amenities,Small Class Sizes
recrkRkJcvspQ5TzU,amenities,Uniforms/Dress Code
recrkRkJcvspQ5TzU,amenities,Security Features
recroFuu4XEbm0LbH,supportResources,One-on-One Tutoring
recroFuu4XEbm0LbH,supportResources,Reading Specialists
recroFuu4XEbm0LbH,supportResources,Math Specialists
recroFuu4XEbm0LbH,supportResources,Special Education Services
recroFuu4XEbm0LbH,supportResources,Speech Therapy
recroFuu4XEbm0LbH,cultureAndValues,Religious Affiliation
recroFuu4XEbm0LbH,cultureAndValues,Character Education
recroFuu4XEbm0LbH,cultureAndValues,Community Service Focus
recroFuu4XEbm0LbH,extracurricularOfferings,Sports Programs
recroFuu4XEbm0LbH,extracurricularOfferings,"Arts Programs (Visual, Music, Drama, Dance)"
recroFuu4XEbm0LbH,extracurricularOfferings,Field Trips & Travel Opportunities
recroFuu4XEbm0LbH,extracurricularOfferings,Before School Programs
recroFuu4XEbm0LbH,extracurricularOfferings,After School Programs
recroFuu4XEbm0LbH,amenities,Technology Access
recroFuu4XEbm0LbH,amenities,Small Class Sizes
recroFuu4XEbm0LbH,amenities,Uniforms/Dress Code
recroFuu4XEbm0LbH,amenities,Security Features
recrqZM39U3b6syy8,academicFocusAreas,STEM/STEAM
recrqZM39U3b6syy8,cultureAndValues,Community Service Focus
recrqZM39U3b6syy8,cultureAndValues,Character Education
recrqZM39U3b6syy8,cultureAndValues,Social-Emotional Learning
recrqZM39U3b6syy8,extracurricularOfferings,Sports Programs
recrqZM39U3b6syy8,extracurricularOfferings,"Arts Programs (Visual, Music, Drama, Dance)"
recrqZM39U3b6syy8,extracurricularOfferings,Robotics/Coding
recrqZM39U3b6syy8,extracurricularOfferings,Clubs & Activities
recrqZM39U3b6syy8,extracurricularOfferings,Field Trips & Travel Opportunities
recrqZM39U3b6syy8,amenities,"Great Facilities (gym, auditorium, etc.)"
recrqZM39U3b6syy8,amenities,Technology Access
recrqZM39U3b6syy8,amenities,Uniforms/Dress Code
recrqZM39U3b6syy8,amenities,Security Features
recsV97uvbSpQTBxY,academicFocusAreas,STEM/STEAM
recsV97uvbSpQTBxY,academicFocusAreas,Project-Based Learning
recsV97uvbSpQTBxY,academicFocusAreas,Classical Education
recsV97uvbSpQTBxY,academicFocusAreas,Language Immersion
recsV97uvbSpQTBxY,supportResources,Summer School Programs
recsV97uvbSpQTBxY,supportResources,After-School Academic Help
recsV97uvbSpQTBxY,supportResources,One-on-One Tutoring
recsV97uvbSpQTBxY,supportResources,Reading Specialists
recsV97uvbSpQTBxY,supportResources,Math Specialists
recsV97uvbSpQTBxY,supportResources,Counseling Services
recsV97uvbSpQTBxY,cultureAndValues,Community Service Focus
recsV97uvbSpQTBxY,cultureAndValues,Social-Emotional Learning
recsV97uvbSpQTBxY,cultureAndValues,Environmental/Outdoor Focus
recsV97uvbSpQTBxY,cultureAndValues,Religious Affiliation
recsV97uvbSpQTBxY,cultureAndValues,Character Education
recsV97uvbSpQTBxY,extracurricularOfferings,Field Trips & Travel Opportunities
recsV97uvbSpQTBxY,extracurricularOfferings,Before School Programs
recsV97uvbSpQTBxY,extracurricularOfferings,After School Programs
recsV97uvbSpQTBxY,extracurricularOfferings,Clubs & Activities
recsV97uvbSpQTBxY,extracurricularOfferings,"Arts Programs (Visual, Music, Drama, Dance)"
recsV97uvbSpQTBxY,amenities,Transportation Services
recsV97uvbSpQTBxY,amenities,Meal Programs
recsV97uvbSpQTBxY,amenities,Technology Access
recsV97uvbSpQTBxY,amenities,Small Class Sizes
recsV97uvbSpQTBxY,amenities,Multi-Age Classrooms
recsV97uvbSpQTBxY,amenities,Extended School Day/Year
recsV97uvbSpQTBxY,amenities,Uniforms/Dress Code
recsV97uvbSpQTBxY,amenities,Security Features
recsWQ3uKOSc1aztG,academicFocusAreas,STEM/STEAM
recsWQ3uKOSc1aztG,academicFocusAreas,Classical Education
recsWQ3uKOSc1aztG,academicFocusAreas,Project-Based Learning
recsWQ3uKOSc1aztG,supportResources,Summer School Programs
recsWQ3uKOSc1aztG,cultureAndValues,Social-Emotional Learning
recsWQ3uKOSc1aztG,cultureAndValues,Community Service Focus
recsWQ3uKOSc1aztG,extracurricularOfferings,Sports Programs
recsWQ3uKOSc1aztG,extracurricularOfferings,"Arts Programs (Visual, Music, Drama, Dance)"
recsWQ3uKOSc1aztG,extracurricularOfferings,After School Programs
recsWQ3uKOSc1aztG,amenities,Transportation Services
recsWQ3uKOSc1aztG,amenities,Meal Programs
recsWQ3uKOSc1aztG,amenities,Extended School Day/Year
recsWQ3uKOSc1aztG,amenities,Small Class Sizes
recsWQ3uKOSc1aztG,amenities,Security Features
recsavjEObbgAouSm,academicFocusAreas,Language Immersion
recsavjEObbgAouSm,academicFocusAreas,STEM/STEAM
recsavjEObbgAouSm,supportResources,After-School Academic Help
recsavjEObbgAouSm,supportResources,Summer School Programs
recsavjEObbgAouSm,cultureAndValues,Character Education
recsavjEObbgAouSm,cultureAndValues,Social-Emotional Learning
recsavjEObbgAouSm,extracurricularOfferings,Before School Programs
recsavjEObbgAouSm,extracurricularOfferings,After School Programs
recsavjEObbgAouSm,extracurricularOfferings,Field Trips & Travel Opportunities
recsavjEObbgAouSm,amenities,Transportation Services
recsavjEObbgAouSm,amenities,Meal Programs
recsavjEObbgAouSm,amenities,Small Class Sizes
recsavjEObbgAouSm,amenities,Uniforms/Dress Code
recsavjEObbgAouSm,amenities,Security Features
recsavjEObbgAouSm,amenities,Technology Access
recsb2DVoMzSPd0cy,academicFocusAreas,Classical Education
recsb2DVoMzSPd0cy,supportResources,One-on-One Tutoring
recsb2DVoMzSPd0cy,supportResources,Reading Specialists
recsb2DVoMzSPd0cy,supportResources,Speech Therapy
recsb2DVoMzSPd0cy,supportResources,Summer School Programs
recsb2DVoMzSPd0cy,cultureAndValues,Religious Affiliation
recsb2DVoMzSPd0cy,extracurricularOfferings,Sports Programs
recsb2DVoMzSPd0cy,extracurricularOfferings,"Arts Programs (Visual, Music, Drama, Dance)"
recsb2DVoMzSPd0cy,extracurricularOfferings,Clubs & Activities
recsb2DVoMzSPd0cy,extracurricularOfferings,Student Publications
recsb2DVoMzSPd0cy,extracurricularOfferings,Field Trips & Travel Opportunities
recsb2DVoMzSPd0cy,amenities,Uniforms/Dress Code
recsb2DVoMzSPd0cy,amenities,Security Features
recsb2DVoMzSPd0cy,amenities,"Great Facilities (gym, auditorium, etc.)"
recsd0XnW5cI14kGu,academicFocusAreas,Project-Based Learning
recsd0XnW5cI14kGu,academicFocusAreas,Classical Education
recsd0XnW5cI14kGu,academicFocusAreas,Language Immersion
recsd0XnW5cI14kGu,supportResources,One-on-One Tutoring
recsd0XnW5cI14kGu,supportResources,Speech Therapy
recsd0XnW5cI14kGu,supportResources,After-School Academic Help
recsd0XnW5cI14kGu,supportResources,Summer School Programs
recsd0XnW5cI14kGu,cultureAndValues,Social-Emotional Learning
recsd0XnW5cI14kGu,cultureAndValues,Community Service Focus
recsd0XnW5cI14kGu,cultureAndValues,Character Education
recsd0XnW5cI14kGu,cultureAndValues,Environmental/Outdoor Focus
recsd0XnW5cI14kGu,extracurricularOfferings,Field Trips & Travel Opportunities
recsd0XnW5cI14kGu,extracurricularOfferings,Before School Programs
recsd0XnW5cI14kGu,extracurricularOfferings,After School Programs
recsd0XnW5cI14kGu,amenities,Transportation Services
recsd0XnW5cI14kGu,amenities,Meal Programs
recsd0XnW5cI14kGu,amenities,Small Class Sizes
recsd0XnW5cI14kGu,amenities,Security Features
recsd0XnW5cI14kGu,amenities,"Great Facilities (gym, auditorium, etc.)"
recsd0XnW5cI14kGu,amenities,Extended School Day/Year
recsmH0Wt9wkd6A2x,academicFocusAreas,Classical Education
recsmH0Wt9wkd6A2x,academicFocusAreas,College Prep
recsmH0Wt9wkd6A2x,academicFocusAreas,Gifted & Talented
recsmH0Wt9wkd6A2x,academicFocusAreas,STEM/STEAM
recsmH0Wt9wkd6A2x,academicFocusAreas,Project-Based Learning
recsmH0Wt9wkd6A2x,supportResources,One-on-One Tutoring
recsmH0Wt9wkd6A2x,supportResources,Reading Specialists
recsmH0Wt9wkd6A2x,supportResources,Math Specialists
recsmH0Wt9wkd6A2x,supportResources,Special Education Services
recsmH0Wt9wkd6A2x,supportResources,Counseling Services
recsmH0Wt9wkd6A2x,supportResources,After-School Academic Help
recsmH0Wt9wkd6A2x,cultureAndValues,Religious Affiliation
recsmH0Wt9wkd6A2x,cultureAndValues,Community Service Focus
recsmH0Wt9wkd6A2x,cultureAndValues,Environmental/Outdoor Focus
recsmH0Wt9wkd6A2x,cultureAndValues,Social-Emotional Learning
recsmH0Wt9wkd6A2x,cultureAndValues,Character Education
recsmH0Wt9wkd6A2x,extracurricularOfferings,Sports Programs
recsmH0Wt9wkd6A2x,extracurricularOfferings,"Arts Programs (Visual, Music, Drama, Dance)"
recsmH0Wt9wkd6A2x,extracurricularOfferings,Clubs & Activities
recsmH0Wt9wkd6A2x,extracurricularOfferings,Robotics/Coding
recsmH0Wt9wkd6A2x,extracurricularOfferings,Field Trips & Travel Opportunities
recsmH0Wt9wkd6A2x,extracurricularOfferings,Before School Programs
recsmH0Wt9wkd6A2x,extracurricularOfferings,After School Programs
recsmH0Wt9wkd6A2x,amenities,Meal Programs
recsmH0Wt9wkd6A2x,amenities,"Great Facilities (gym, auditorium, etc.)"
recsmH0Wt9wkd6A2x,amenities,Small Class Sizes
recsmH0Wt9wkd6A2x,amenities,Extended School Day/Year
recsmH0Wt9wkd6A2x,amenities,Uniforms/Dress Code
recsmH0Wt9wkd6A2x,amenities,Security Features
recsmH0Wt9wkd6A2x,amenities,Technology Access
rect4lBeSMtkQfKt4,academicFocusAreas,STEM/STEAM
rect4lBeSMtkQfKt4,academicFocusAreas,Project-Based Learning
rect4lBeSMtkQfKt4,supportResources,ESL/ELL Support
rect4lBeSMtkQfKt4,supportResources,Special Education Services
rect4lBeSMtkQfKt4,supportResources,Speech Therapy
rect4lBeSMtkQfKt4,supportResources,After-School Academic Help
rect4lBeSMtkQfKt4,supportResources,Summer School Programs
rect4lBeSMtkQfKt4,cultureAndValues,Character Education
rect4lBeSMtkQfKt4,cultureAndValues,Social-Emotional Learning
rect4lBeSMtkQfKt4,extracurricularOfferings,"Arts Programs (Visual, Music, Drama, Dance)"
rect4lBeSMtkQfKt4,extracurricularOfferings,After School Programs
rect4lBeSMtkQfKt4,amenities,Meal Programs
rect4lBeSMtkQfKt4,amenities,Transportation Services
rect4lBeSMtkQfKt4,amenities,Small Class Sizes
rect4lBeSMtkQfKt4,amenities,Extended School Day/Year
rect65eLGTTJHaBqV,academicFocusAreas,Classical Education
rect65eLGTTJHaBqV,supportResources,Counseling Services
rect65eLGTTJHaBqV,supportResources,After-School Academic Help
rect65eLGTTJHaBqV,cultureAndValues,Religious Affiliation
rect65eLGTTJHaBqV,cultureAndValues,Community Service Focus
rect65eLGTTJHaBqV,cultureAndValues,Character Education
rect65eLGTTJHaBqV,cultureAndValues,Social-Emotional Learning
rect65eLGTTJHaBqV,extracurricularOfferings,Sports Programs
rect65eLGTTJHaBqV,extracurricularOfferings,"Arts Programs (Visual, Music, Drama, Dance)"
rect65eLGTTJHaBqV,extracurricularOfferings,Clubs & Activities
rect65eLGTTJHaBqV,extracurricularOfferings,Field Trips & Travel Opportunities
rect65eLGTTJHaBqV,extracurricularOfferings,After School Programs
rect65eLGTTJHaBqV,extracurricularOfferings,Before School Programs
rect65eLGTTJHaBqV,amenities,Small Class Sizes
rect65eLGTTJHaBqV,amenities,Uniforms/Dress Code
rectAcsAPt4mz3qZI,academicFocusAreas,STEM/STEAM
rectAcsAPt4mz3qZI,academicFocusAreas,Montessori
rectAcsAPt4mz3qZI,academicFocusAreas,College Prep
rectAcsAPt4mz3qZI,cultureAndValues,Religious Affiliation
rectAcsAPt4mz3qZI,cultureAndValues,Character Education
rectAcsAPt4mz3qZI,cultureAndValues,Community Service Focus
rectAcsAPt4mz3qZI,cultureAndValues,Social-Emotional Learning
rectAcsAPt4mz3qZI,extracurricularOfferings,Sports Programs
rectAcsAPt4mz3qZI,extracurricularOfferings,"Arts Programs (Visual, Music, Drama, Dance)"
rectAcsAPt4mz3qZI,extracurricularOfferings,Clubs & Activities
rectAcsAPt4mz3qZI,extracurricularOfferings,Robotics/Coding
rectAcsAPt4mz3qZI,extracurricularOfferings,Field Trips & Travel Opportunities
rectAcsAPt4mz3qZI,amenities,Technology Access
rectAcsAPt4mz3qZI,amenities,"Great Facilities (gym, auditorium, etc.)"
rectAcsAPt4mz3qZI,amenities,Small Class Sizes
rectEZqSzG5UDilLx,academicFocusAreas,Classical Education
rectEZqSzG5UDilLx,supportResources,Occupational Therapy
rectEZqSzG5UDilLx,supportResources,Summer School Programs
rectEZqSzG5UDilLx,supportResources,Speech Therapy
rectEZqSzG5UDilLx,extracurricularOfferings,Field Trips & Travel Opportunities
rectEZqSzG5UDilLx,extracurricularOfferings,After School Programs
rectEZqSzG5UDilLx,amenities,Meal Programs
rectEZqSzG5UDilLx,amenities,Small Class Sizes
rectEZqSzG5UDilLx,amenities,Transportation Services
rectEZqSzG5UDilLx,amenities,Multi-Age Classrooms
rectEZqSzG5UDilLx,amenities,Extended School Day/Year
rectHDbi7suzoA7ke,supportResources,Counseling Services
rectHDbi7suzoA7ke,supportResources,After-School Academic Help
rectHDbi7suzoA7ke,cultureAndValues,Religious Affiliation
rectHDbi7suzoA7ke,cultureAndValues,Community Service Focus
rectHDbi7suzoA7ke,cultureAndValues,Character Education
rectHDbi7suzoA7ke,extracurricularOfferings,Sports Programs
rectHDbi7suzoA7ke,extracurricularOfferings,Robotics/Coding
rectHDbi7suzoA7ke,extracurricularOfferings,Debate/Speech
rectHDbi7suzoA7ke,extracurricularOfferings,"Arts Programs (Visual, Music, Drama, Dance)"
rectHDbi7suzoA7ke,extracurricularOfferings,Student Publications
rectHDbi7suzoA7ke,extracurricularOfferings,After School Programs
rectHDbi7suzoA7ke,amenities,Meal Programs
rectHDbi7suzoA7ke,amenities,Technology Access
rectHDbi7suzoA7ke,amenities,"Great Facilities (gym, auditorium, etc.)"
rectHDbi7suzoA7ke,amenities,Small Class Sizes
rectHDbi7suzoA7ke,amenities,Extended School Day/Year
rectHDbi7suzoA7ke,amenities,Uniforms/Dress Code
rectHDbi7suzoA7ke,amenities,Security Features
rectPIPdZrXfUBgCD,academicFocusAreas,College Prep
rectPIPdZrXfUBgCD,academicFocusAreas,Vocational/Career Tech
rectPIPdZrXfUBgCD,academicFocusAreas,Project-Based Learning
rectPIPdZrXfUBgCD,supportResources,One-on-One Tutoring
rectPIPdZrXfUBgCD,supportResources,Speech Therapy
rectPIPdZrXfUBgCD,supportResources,After-School Academic Help
rectPIPdZrXfUBgCD,cultureAndValues,Religious Affiliation
rectPIPdZrXfUBgCD,cultureAndValues,Character Education
rectPIPdZrXfUBgCD,cultureAndValues,Community Service Focus
rectPIPdZrXfUBgCD,extracurricularOfferings,Sports Programs
rectPIPdZrXfUBgCD,extracurricularOfferings,"Arts Programs (Visual, Music, Drama, Dance)"
rectPIPdZrXfUBgCD,extracurricularOfferings,Clubs & Activities
rectPIPdZrXfUBgCD,extracurricularOfferings,Student Publications
rectPIPdZrXfUBgCD,extracurricularOfferings,Field Trips & Travel Opportunities
rectPIPdZrXfUBgCD,amenities,Technology Access
rectPIPdZrXfUBgCD,amenities,"Great Facilities (gym, auditorium, etc.)"
rectPIPdZrXfUBgCD,amenities,Small Class Sizes
rectPIPdZrXfUBgCD,amenities,Uniforms/Dress Code
rectPIPdZrXfUBgCD,amenities,Security Features
rectSV4Ir4ANQ8vTR,cultureAndValues,Religious Affiliation
rectSV4Ir4ANQ8vTR,cultureAndValues,Social-Emotional Learning
rectSV4Ir4ANQ8vTR,extracurricularOfferings,Sports Programs
rectSV4Ir4ANQ8vTR,amenities,Meal Programs
rectSV4Ir4ANQ8vTR,amenities,Small Class Sizes
rectSV4Ir4ANQ8vTR,amenities,"Great Facilities (gym, auditorium, etc.)"
rectSV4Ir4ANQ8vTR,amenities,Extended School Day/Year
rectSV4Ir4ANQ8vTR,amenities,Security Features
recteKonCEG18HAtA,academicFocusAreas,STEM/STEAM
recteKonCEG18HAtA,academicFocusAreas,Project-Based Learning
recteKonCEG18HAtA,academicFocusAreas,Classical Education
recteKonCEG18HAtA,academicFocusAreas,Gifted & Talented
recteKonCEG18HAtA,supportResources,One-on-One Tutoring
recteKonCEG18HAtA,supportResources,Reading Specialists
recteKonCEG18HAtA,supportResources,Math Specialists
recteKonCEG18HAtA,supportResources,After-School Academic Help
recteKonCEG18HAtA,supportResources,Counseling Services
recteKonCEG18HAtA,supportResources,Summer School Programs
recteKonCEG18HAtA,cultureAndValues,Character Education
recteKonCEG18HAtA,cultureAndValues,Community Service Focus
recteKonCEG18HAtA,cultureAndValues,Environmental/Outdoor Focus
recteKonCEG18HAtA,cultureAndValues,Social-Emotional Learning
recteKonCEG18HAtA,extracurricularOfferings,Sports Programs
recteKonCEG18HAtA,extracurricularOfferings,"Arts Programs (Visual, Music, Drama, Dance)"
recteKonCEG18HAtA,extracurricularOfferings,Clubs & Activities
recteKonCEG18HAtA,extracurricularOfferings,Robotics/Coding
recteKonCEG18HAtA,extracurricularOfferings,Field Trips & Travel Opportunities
recteKonCEG18HAtA,extracurricularOfferings,Before School Programs
recteKonCEG18HAtA,extracurricularOfferings,After School Programs
recteKonCEG18HAtA,amenities,Transportation Services
recteKonCEG18HAtA,amenities,Meal Programs
recteKonCEG18HAtA,amenities,Small Class Sizes
recteKonCEG18HAtA,amenities,Extended School Day/Year
recteKonCEG18HAtA,amenities,Security Features
rectmvdqFCwjhiM1T,academicFocusAreas,College Prep
rectmvdqFCwjhiM1T,cultureAndValues,Religious Affiliation
rectmvdqFCwjhiM1T,cultureAndValues,Character Education
rectmvdqFCwjhiM1T,cultureAndValues,Community Service Focus
rectmvdqFCwjhiM1T,cultureAndValues,Environmental/Outdoor Focus
rectmvdqFCwjhiM1T,cultureAndValues,Social-Emotional Learning
rectmvdqFCwjhiM1T,extracurricularOfferings,Sports Programs
rectmvdqFCwjhiM1T,extracurricularOfferings,"Arts Programs (Visual, Music, Drama, Dance)"
rectmvdqFCwjhiM1T,extracurricularOfferings,Clubs & Activities
rectmvdqFCwjhiM1T,extracurricularOfferings,Field Trips & Travel Opportunities
rectmvdqFCwjhiM1T,extracurricularOfferings,After School Programs
rectmvdqFCwjhiM1T,amenities,Security Features
rectmvdqFCwjhiM1T,amenities,Uniforms/Dress Code
rectmvdqFCwjhiM1T,amenities,Extended School Day/Year
rectmvdqFCwjhiM1T,amenities,Small Class Sizes
rectmvdqFCwjhiM1T,amenities,"Great Facilities (gym, auditorium, etc.)"
rectmvdqFCwjhiM1T,amenities,Technology Access
rectmvdqFCwjhiM1T,amenities,Meal Programs
rectyLEPMuxhq5z72,academicFocusAreas,Classical Education
rectyLEPMuxhq5z72,supportResources,One-on-One Tutoring
rectyLEPMuxhq5z72,cultureAndValues,Religious Affiliation
rectyLEPMuxhq5z72,extracurricularOfferings,Clubs & Activities
rectyLEPMuxhq5z72,extracurricularOfferings,Robotics/Coding
rectyLEPMuxhq5z72,extracurricularOfferings,Debate/Speech
rectyLEPMuxhq5z72,extracurricularOfferings,Field Trips & Travel Opportunities
rectyLEPMuxhq5z72,extracurricularOfferings,After School Programs
rectyLEPMuxhq5z72,extracurricularOfferings,"Arts Programs (Visual, Music, Drama, Dance)"
rectyLEPMuxhq5z72,extracurricularOfferings,Sports Programs
rectyLEPMuxhq5z72,amenities,Meal Programs
rectyLEPMuxhq5z72,amenities,"Great Facilities (gym, auditorium, etc.)"
rectyLEPMuxhq5z72,amenities,Small Class Sizes
rectyLEPMuxhq5z72,amenities,Uniforms/Dress Code
rectyLEPMuxhq5z72,amenities,Security Features
recu3HnqmKvGIkwWb,supportResources,One-on-One Tutoring
recu3HnqmKvGIkwWb,supportResources,Reading Specialists
recu3HnqmKvGIkwWb,supportResources,Math Specialists
recu3HnqmKvGIkwWb,supportResources,Special Education Services
recu3HnqmKvGIkwWb,supportResources,Speech Therapy
recu3HnqmKvGIkwWb,supportResources,Occupational Therapy
recu3HnqmKvGIkwWb,supportResources,Summer School Programs
recu3HnqmKvGIkwWb,extracurricularOfferings,Field Trips & Travel Opportunities
recu3HnqmKvGIkwWb,extracurricularOfferings,After School Programs
recu3HnqmKvGIkwWb,amenities,Small Class Sizes
recu3HnqmKvGIkwWb,amenities,Technology Access
recuDErjTMqiaCTYB,academicFocusAreas,Montessori
recuDErjTMqiaCTYB,academicFocusAreas,STEM/STEAM
recuDErjTMqiaCTYB,cultureAndValues,Character Education
recuDErjTMqiaCTYB,cultureAndValues,Environmental/Outdoor Focus
recuDErjTMqiaCTYB,cultureAndValues,Social-Emotional Learning
recuDErjTMqiaCTYB,extracurricularOfferings,Before School Programs
recuDErjTMqiaCTYB,extracurricularOfferings,After School Programs
recuDErjTMqiaCTYB,extracurricularOfferings,"Arts Programs (Visual, Music, Drama, Dance)"
recuDErjTMqiaCTYB,amenities,Meal Programs
recuDErjTMqiaCTYB,amenities,Extended School Day/Year
recuDErjTMqiaCTYB,amenities,Security Features
recuDErjTMqiaCTYB,amenities,Transportation Services
recuDErjTMqiaCTYB,amenities,Technology Access
recuDErjTMqiaCTYB,amenities,Small Class Sizes
recuK6HsRy74i0B8E,academicFocusAreas,Advanced Placement (AP)
recuK6HsRy74i0B8E,academicFocusAreas,College Prep
recuK6HsRy74i0B8E,academicFocusAreas,Gifted & Talented
recuK6HsRy74i0B8E,supportResources,Speech Therapy
recuK6HsRy74i0B8E,cultureAndValues,Religious Affiliation
recuK6HsRy74i0B8E,cultureAndValues,Character Education
recuK6HsRy74i0B8E,cultureAndValues,Community Service Focus
recuK6HsRy74i0B8E,cultureAndValues,Social-Emotional Learning
recuK6HsRy74i0B8E,extracurricularOfferings,Sports Programs
recuK6HsRy74i0B8E,extracurricularOfferings,"Arts Programs (Visual, Music, Drama, Dance)"
recuK6HsRy74i0B8E,extracurricularOfferings,Clubs & Activities
recuK6HsRy74i0B8E,extracurricularOfferings,Student Publications
recuK6HsRy74i0B8E,extracurricularOfferings,Field Trips & Travel Opportunities
recuK6HsRy74i0B8E,amenities,Meal Programs
recuK6HsRy74i0B8E,amenities,Technology Access
recuK6HsRy74i0B8E,amenities,"Great Facilities (gym, auditorium, etc.)"
recuK6HsRy74i0B8E,amenities,Small Class Sizes
recuK6HsRy74i0B8E,amenities,Uniforms/Dress Code
recuKbxvRYRdPNpTW,academicFocusAreas,College Prep
recuKbxvRYRdPNpTW,academicFocusAreas,Vocational/Career Tech
recuKbxvRYRdPNpTW,academicFocusAreas,Advanced Placement (AP)
recuKbxvRYRdPNpTW,supportResources,One-on-One Tutoring
recuKbxvRYRdPNpTW,supportResources,Reading Specialists
recuKbxvRYRdPNpTW,supportResources,Math Specialists
recuKbxvRYRdPNpTW,supportResources,Special Education Services
recuKbxvRYRdPNpTW,supportResources,After-School Academic Help
recuKbxvRYRdPNpTW,supportResources,Summer School Programs
recuKbxvRYRdPNpTW,cultureAndValues,Character Education
recuKbxvRYRdPNpTW,cultureAndValues,Community Service Focus
recuKbxvRYRdPNpTW,cultureAndValues,Social-Emotional Learning
recuKbxvRYRdPNpTW,cultureAndValues,Religious Affiliation
recuKbxvRYRdPNpTW,extracurricularOfferings,Sports Programs
recuKbxvRYRdPNpTW,extracurricularOfferings,"Arts Programs (Visual, Music, Drama, Dance)"
recuKbxvRYRdPNpTW,extracurricularOfferings,Clubs & Activities
recuKbxvRYRdPNpTW,extracurricularOfferings,Field Trips & Travel Opportunities
recuKbxvRYRdPNpTW,extracurricularOfferings,After School Programs
recuKbxvRYRdPNpTW,amenities,Technology Access
recuKbxvRYRdPNpTW,amenities,Small Class Sizes
recuKbxvRYRdPNpTW,amenities,Uniforms/Dress Code
recuKbxvRYRdPNpTW,amenities,Security Features
recuYtLmgOpqZkUgE,academicFocusAreas,Project-Based Learning
recuYtLmgOpqZkUgE,academicFocusAreas,Language Immersion
recuYtLmgOpqZkUgE,academicFocusAreas,STEM/STEAM
recuYtLmgOpqZkUgE,academicFocusAreas,Classical Education
recuYtLmgOpqZkUgE,supportResources,Speech Therapy
recuYtLmgOpqZkUgE,supportResources,Occupational Therapy
recuYtLmgOpqZkUgE,supportResources,After-School Academic Help
recuYtLmgOpqZkUgE,supportResources,Summer School Programs
recuYtLmgOpqZkUgE,cultureAndValues,Social-Emotional Learning
recuYtLmgOpqZkUgE,cultureAndValues,Character Education
recuYtLmgOpqZkUgE,cultureAndValues,Community Service Focus
recuYtLmgOpqZkUgE,cultureAndValues,Environmental/Outdoor Focus
recuYtLmgOpqZkUgE,extracurricularOfferings,Before School Programs
recuYtLmgOpqZkUgE,extracurricularOfferings,After School Programs
recuYtLmgOpqZkUgE,extracurricularOfferings,Field Trips & Travel Opportunities
recuYtLmgOpqZkUgE,extracurricularOfferings,"Arts Programs (Visual, Music, Drama, Dance)"
recuYtLmgOpqZkUgE,extracurricularOfferings,Robotics/Coding
recuYtLmgOpqZkUgE,amenities,Meal Programs
recuYtLmgOpqZkUgE,amenities,Transportation Services
recuYtLmgOpqZkUgE,amenities,Security Features
recuYtLmgOpqZkUgE,amenities,Extended School Day/Year
recuYtLmgOpqZkUgE,amenities,Small Class Sizes
recuYtLmgOpqZkUgE,amenities,Multi-Age Classrooms
recusYINHFmpWRkke,academicFocusAreas,STEM/STEAM
recusYINHFmpWRkke,academicFocusAreas,Advanced Placement (AP)
recusYINHFmpWRkke,academicFocusAreas,College Prep
recusYINHFmpWRkke,academicFocusAreas,Vocational/Career Tech
recusYINHFmpWRkke,supportResources,Special Education Services
recusYINHFmpWRkke,supportResources,Counseling Services
recusYINHFmpWRkke,supportResources,After-School Academic Help
recusYINHFmpWRkke,cultureAndValues,Religious Affiliation
recusYINHFmpWRkke,cultureAndValues,Character Education
recusYINHFmpWRkke,cultureAndValues,Community Service Focus
recusYINHFmpWRkke,cultureAndValues,Social-Emotional Learning
recusYINHFmpWRkke,cultureAndValues,Democratic/Student-Led Governance
recusYINHFmpWRkke,extracurricularOfferings,Sports Programs
recusYINHFmpWRkke,extracurricularOfferings,"Arts Programs (Visual, Music, Drama, Dance)"
recusYINHFmpWRkke,extracurricularOfferings,Clubs & Activities
recusYINHFmpWRkke,extracurricularOfferings,Robotics/Coding
recusYINHFmpWRkke,extracurricularOfferings,Debate/Speech
recusYINHFmpWRkke,extracurricularOfferings,Student Publications
recusYINHFmpWRkke,extracurricularOfferings,Field Trips & Travel Opportunities
recusYINHFmpWRkke,amenities,Transportation Services
recusYINHFmpWRkke,amenities,Meal Programs
recusYINHFmpWRkke,amenities,Technology Access
recusYINHFmpWRkke,amenities,Small Class Sizes
recusYINHFmpWRkke,amenities,Multi-Age Classrooms
recusYINHFmpWRkke,amenities,Uniforms/Dress Code
recusYINHFmpWRkke,amenities,Security Features
recuwKCnB52vqqliJ,academicFocusAreas,Montessori
recuwKCnB52vqqliJ,academicFocusAreas,Project-Based Learning
recuwKCnB52vqqliJ,supportResources,Summer School Programs
recuwKCnB52vqqliJ,cultureAndValues,Social-Emotional Learning
recuwKCnB52vqqliJ,amenities,Meal Programs
recuwKCnB52vqqliJ,amenities,Small Class Sizes
recuwKCnB52vqqliJ,amenities,Extended School Day/Year
recuwKCnB52vqqliJ,amenities,Multi-Age Classrooms
recv4ykZZqaWVVoEX,academicFocusAreas,Classical Education
recv4ykZZqaWVVoEX,supportResources,Summer School Programs
recv4ykZZqaWVVoEX,extracurricularOfferings,After School Programs
recv4ykZZqaWVVoEX,extracurricularOfferings,Before School Programs
recv4ykZZqaWVVoEX,amenities,Meal Programs
recv4ykZZqaWVVoEX,amenities,Small Class Sizes
recv4ykZZqaWVVoEX,amenities,Multi-Age Classrooms
recv4ykZZqaWVVoEX,amenities,Extended School Day/Year
recv4ykZZqaWVVoEX,amenities,Uniforms/Dress Code
recv4ykZZqaWVVoEX,amenities,Security Features
recv6uObPbtQsXlR5,academicFocusAreas,STEM/STEAM
recv6uObPbtQsXlR5,academicFocusAreas,Classical Education
recv6uObPbtQsXlR5,academicFocusAreas,Advanced Placement (AP)
recv6uObPbtQsXlR5,academicFocusAreas,College Prep
recv6uObPbtQsXlR5,cultureAndValues,Religious Affiliation
recv6uObPbtQsXlR5,cultureAndValues,Character Education
recv6uObPbtQsXlR5,cultureAndValues,Community Service Focus
recv6uObPbtQsXlR5,extracurricularOfferings,Sports Programs
recv6uObPbtQsXlR5,extracurricularOfferings,Robotics/Coding
recv6uObPbtQsXlR5,extracurricularOfferings,Field Trips & Travel Opportunities
recv6uObPbtQsXlR5,amenities,Meal Programs
recv6uObPbtQsXlR5,amenities,"Great Facilities (gym, auditorium, etc.)"
recv6uObPbtQsXlR5,amenities,Small Class Sizes
recv6uObPbtQsXlR5,amenities,Uniforms/Dress Code
recv6uObPbtQsXlR5,amenities,Security Features
recvHQzepaB5b6Xyw,academicFocusAreas,College Prep
recvHQzepaB5b6Xyw,supportResources,Counseling Services
recvHQzepaB5b6Xyw,supportResources,Special Education Services
recvHQzepaB5b6Xyw,supportResources,One-on-One Tutoring
recvHQzepaB5b6Xyw,cultureAndValues,Religious Affiliation
recvHQzepaB5b6Xyw,cultureAndValues,Community Service Focus
recvHQzepaB5b6Xyw,cultureAndValues,Character Education
recvHQzepaB5b6Xyw,extracurricularOfferings,Sports Programs
recvHQzepaB5b6Xyw,extracurricularOfferings,Clubs & Activities
recvHQzepaB5b6Xyw,extracurricularOfferings,Field Trips & Travel Opportunities
recvHQzepaB5b6Xyw,extracurricularOfferings,After School Programs
recvHQzepaB5b6Xyw,amenities,Technology Access
recvHQzepaB5b6Xyw,amenities,Small Class Sizes
recvHQzepaB5b6Xyw,amenities,Uniforms/Dress Code
recvHQzepaB5b6Xyw,amenities,Security Features
recvSiQ5sJfdCM0xT,academicFocusAreas,Advanced Placement (AP)
recvSiQ5sJfdCM0xT,academicFocusAreas,College Prep
recvSiQ5sJfdCM0xT,supportResources,Counseling Services
recvSiQ5sJfdCM0xT,supportResources,After-School Academic Help
recvSiQ5sJfdCM0xT,cultureAndValues,Religious Affiliation
recvSiQ5sJfdCM0xT,cultureAndValues,Community Service Focus
recvSiQ5sJfdCM0xT,extracurricularOfferings,Sports Programs
recvSiQ5sJfdCM0xT,extracurricularOfferings,"Arts Programs (Visual, Music, Drama, Dance)"
recvSiQ5sJfdCM0xT,extracurricularOfferings,Clubs & Activities
recvSiQ5sJfdCM0xT,extracurricularOfferings,Robotics/Coding
recvSiQ5sJfdCM0xT,extracurricularOfferings,Debate/Speech
recvSiQ5sJfdCM0xT,extracurricularOfferings,Student Publications
recvSiQ5sJfdCM0xT,extracurricularOfferings,Field Trips & Travel Opportunities
recvSiQ5sJfdCM0xT,amenities,"Great Facilities (gym, auditorium, etc.)"
recvSiQ5sJfdCM0xT,amenities,Technology Access
recvSiQ5sJfdCM0xT,amenities,Uniforms/Dress Code
recvUdxz6f2nFu8vt,academicFocusAreas,Gifted & Talented
recvUdxz6f2nFu8vt,academicFocusAreas,STEM/STEAM
recvUdxz6f2nFu8vt,academicFocusAreas,Project-Based Learning
recvUdxz6f2nFu8vt,extracurricularOfferings,Robotics/Coding
recvUdxz6f2nFu8vt,extracurricularOfferings,Debate/Speech
recvUdxz6f2nFu8vt,extracurricularOfferings,Student Publications
recvUdxz6f2nFu8vt,extracurricularOfferings,After School Programs
recvUdxz6f2nFu8vt,extracurricularOfferings,Clubs & Activities
recvUdxz6f2nFu8vt,amenities,Meal Programs
recvUdxz6f2nFu8vt,amenities,Technology Access
recvUdxz6f2nFu8vt,amenities,Small Class Sizes
recvUdxz6f2nFu8vt,amenities,Security Features
recvi3nx4URXEUpEG,cultureAndValues,Religious Affiliation
recvi3nx4URXEUpEG,cultureAndValues,Social-Emotional Learning
recvi3nx4URXEUpEG,cultureAndValues,Community Service Focus
recvi3nx4URXEUpEG,extracurricularOfferings,After School Programs
recvi3nx4URXEUpEG,amenities,Meal Programs
recvi3nx4URXEUpEG,amenities,Small Class Sizes
recvi3nx4URXEUpEG,amenities,Uniforms/Dress Code
recvmTmRciPqv6HdB,academicFocusAreas,Project-Based Learning
recvmTmRciPqv6HdB,supportResources,Speech Therapy
recvmTmRciPqv6HdB,supportResources,Occupational Therapy
recvmTmRciPqv6HdB,extracurricularOfferings,Sports Programs
recvmTmRciPqv6HdB,extracurricularOfferings,After School Programs
recvmTmRciPqv6HdB,amenities,Meal Programs
recvmTmRciPqv6HdB,amenities,Multi-Age Classrooms
recvmTmRciPqv6HdB,amenities,Small Class Sizes
recwIjeYZbvFK2JJ7,academicFocusAreas,Language Immersion
recwIjeYZbvFK2JJ7,academicFocusAreas,Project-Based Learning
recwIjeYZbvFK2JJ7,cultureAndValues,Social-Emotional Learning
recwIjeYZbvFK2JJ7,extracurricularOfferings,Clubs & Activities
recwIjeYZbvFK2JJ7,amenities,Small Class Sizes
recwIjeYZbvFK2JJ7,amenities,Extended School Day/Year
recwIjeYZbvFK2JJ7,amenities,Security Features
recwJ0GJFY72SmTZc,academicFocusAreas,STEM/STEAM
recwJ0GJFY72SmTZc,academicFocusAreas,Montessori
recwJ0GJFY72SmTZc,academicFocusAreas,Language Immersion
recwJ0GJFY72SmTZc,supportResources,ESL/ELL Support
recwJ0GJFY72SmTZc,supportResources,Summer School Programs
recwJ0GJFY72SmTZc,cultureAndValues,Social-Emotional Learning
recwJ0GJFY72SmTZc,extracurricularOfferings,Sports Programs
recwJ0GJFY72SmTZc,amenities,Meal Programs
recwJ0GJFY72SmTZc,amenities,Small Class Sizes
recwJ0GJFY72SmTZc,amenities,Extended School Day/Year
recwJ0GJFY72SmTZc,amenities,Security Features
recwdSTgIfBQoPGGk,academicFocusAreas,Project-Based Learning
recwdSTgIfBQoPGGk,academicFocusAreas,Montessori
recwdSTgIfBQoPGGk,supportResources,Summer School Programs
recwdSTgIfBQoPGGk,cultureAndValues,Environmental/Outdoor Focus
recwdSTgIfBQoPGGk,cultureAndValues,Character Education
recwdSTgIfBQoPGGk,cultureAndValues,Community Service Focus
recwdSTgIfBQoPGGk,extracurricularOfferings,Sports Programs
recwdSTgIfBQoPGGk,extracurricularOfferings,"Arts Programs (Visual, Music, Drama, Dance)"
recwdSTgIfBQoPGGk,amenities,"Great Facilities (gym, auditorium, etc.)"
recwdSTgIfBQoPGGk,amenities,Extended School Day/Year
recwdSTgIfBQoPGGk,amenities,Security Features
recwdSTgIfBQoPGGk,amenities,Meal Programs
recwdSTgIfBQoPGGk,amenities,Small Class Sizes
recwqBikTkBq0Jukw,academicFocusAreas,College Prep
recwqBikTkBq0Jukw,academicFocusAreas,Advanced Placement (AP)
recwqBikTkBq0Jukw,academicFocusAreas,STEM/STEAM
recwqBikTkBq0Jukw,supportResources,One-on-One Tutoring
recwqBikTkBq0Jukw,supportResources,Speech Therapy
recwqBikTkBq0Jukw,supportResources,Counseling Services
recwqBikTkBq0Jukw,supportResources,After-School Academic Help
recwqBikTkBq0Jukw,extracurricularOfferings,"Arts Programs (Visual, Music, Drama, Dance)"
recwqBikTkBq0Jukw,extracurricularOfferings,Clubs & Activities
recwqBikTkBq0Jukw,extracurricularOfferings,Robotics/Coding
recwqBikTkBq0Jukw,extracurricularOfferings,Field Trips & Travel Opportunities
recwqBikTkBq0Jukw,extracurricularOfferings,Before School Programs
recwqBikTkBq0Jukw,extracurricularOfferings,After School Programs
recwqBikTkBq0Jukw,extracurricularOfferings,Sports Programs
recwqBikTkBq0Jukw,amenities,Technology Access
recwqBikTkBq0Jukw,amenities,Small Class Sizes
recwqBikTkBq0Jukw,amenities,Extended School Day/Year
recwqBikTkBq0Jukw,amenities,Uniforms/Dress Code
recwqBikTkBq0Jukw,amenities,Security Features
recwqBikTkBq0Jukw,amenities,Meal Programs
recwzD9yiHZby75H3,academicFocusAreas,Classical Education
recwzD9yiHZby75H3,supportResources,After-School Academic Help
recwzD9yiHZby75H3,supportResources,Summer School Programs
recwzD9yiHZby75H3,cultureAndValues,Social-Emotional Learning
recwzD9yiHZby75H3,extracurricularOfferings,Field Trips & Travel Opportunities
recwzD9yiHZby75H3,extracurricularOfferings,After School Programs
recwzD9yiHZby75H3,extracurricularOfferings,Clubs & Activities
recwzD9yiHZby75H3,amenities,Transportation Services
recwzD9yiHZby75H3,amenities,Meal Programs
recwzD9yiHZby75H3,amenities,Technology Access
recwzD9yiHZby75H3,amenities,"Great Facilities (gym, auditorium, etc.)"
recwzD9yiHZby75H3,amenities,Extended School Day/Year
recwzD9yiHZby75H3,amenities,Security Features
recwzD9yiHZby75H3,amenities,Small Class Sizes
recx2SWttZkKDvL2b,cultureAndValues,Religious Affiliation
recx2SWttZkKDvL2b,cultureAndValues,Character Education
recx2SWttZkKDvL2b,cultureAndValues,Environmental/Outdoor Focus
recx2SWttZkKDvL2b,extracurricularOfferings,Sports Programs
recx2SWttZkKDvL2b,amenities,Small Class Sizes
recx2SWttZkKDvL2b,amenities,Security Features
recx2jEKruxAQoQM2,academicFocusAreas,Classical Education
recx2jEKruxAQoQM2,academicFocusAreas,College Prep
recx2jEKruxAQoQM2,supportResources,One-on-One Tutoring
recx2jEKruxAQoQM2,supportResources,Reading Specialists
recx2jEKruxAQoQM2,supportResources,Math Specialists
recx2jEKruxAQoQM2,supportResources,Speech Therapy
recx2jEKruxAQoQM2,supportResources,Counseling Services
recx2jEKruxAQoQM2,cultureAndValues,Religious Affiliation
recx2jEKruxAQoQM2,cultureAndValues,Character Education
recx2jEKruxAQoQM2,cultureAndValues,Community Service Focus
recx2jEKruxAQoQM2,cultureAndValues,Environmental/Outdoor Focus
recx2jEKruxAQoQM2,cultureAndValues,Social-Emotional Learning
recx2jEKruxAQoQM2,extracurricularOfferings,Sports Programs
recx2jEKruxAQoQM2,extracurricularOfferings,"Arts Programs (Visual, Music, Drama, Dance)"
recx2jEKruxAQoQM2,extracurricularOfferings,Clubs & Activities
recx2jEKruxAQoQM2,extracurricularOfferings,Field Trips & Travel Opportunities
recx2jEKruxAQoQM2,extracurricularOfferings,Before School Programs
recx2jEKruxAQoQM2,extracurricularOfferings,After School Programs
recx2jEKruxAQoQM2,extracurricularOfferings,Robotics/Coding
recx2jEKruxAQoQM2,amenities,Meal Programs
recx2jEKruxAQoQM2,amenities,Small Class Sizes
recx2jEKruxAQoQM2,amenities,Uniforms/Dress Code
recx2jEKruxAQoQM2,amenities,Security Features
recx2jEKruxAQoQM2,amenities,Extended School Day/Year
recx5WyHG91LHg733,academicFocusAreas,STEM/STEAM
recx5WyHG91LHg733,supportResources,Reading Specialists
recx5WyHG91LHg733,supportResources,Speech Therapy
recx5WyHG91LHg733,supportResources,Special Education Services
recx5WyHG91LHg733,supportResources,Math Specialists
recx5WyHG91LHg733,supportResources,After-School Academic Help
recx5WyHG91LHg733,supportResources,ESL/ELL Support
recx5WyHG91LHg733,cultureAndValues,Religious Affiliation
recx5WyHG91LHg733,cultureAndValues,Community Service Focus
recx5WyHG91LHg733,cultureAndValues,Character Education
recx5WyHG91LHg733,extracurricularOfferings,"Arts Programs (Visual, Music, Drama, Dance)"
recx5WyHG91LHg733,extracurricularOfferings,Sports Programs
recx5WyHG91LHg733,extracurricularOfferings,Clubs & Activities
recx5WyHG91LHg733,extracurricularOfferings,Field Trips & Travel Opportunities
recx5WyHG91LHg733,extracurricularOfferings,Before School Programs
recx5WyHG91LHg733,extracurricularOfferings,After School Programs
recx5WyHG91LHg733,amenities,Meal Programs
recx5WyHG91LHg733,amenities,Technology Access
recx5WyHG91LHg733,amenities,"Great Facilities (gym, auditorium, etc.)"
recx5WyHG91LHg733,amenities,Extended School Day/Year
recx5WyHG91LHg733,amenities,Uniforms/Dress Code
recx5WyHG91LHg733,amenities,Security Features
recx74rViW0Dy29DO,academicFocusAreas,STEM/STEAM
recx74rViW0Dy29DO,supportResources,One-on-One Tutoring
recx74rViW0Dy29DO,cultureAndValues,Religious Affiliation
recx74rViW0Dy29DO,extracurricularOfferings,"Arts Programs (Visual, Music, Drama, Dance)"
recx74rViW0Dy29DO,amenities,Small Class Sizes
recx74rViW0Dy29DO,amenities,Multi-Age Classrooms
recx74rViW0Dy29DO,amenities,"Great Facilities (gym, auditorium, etc.)"
recx7qOrPedFTpQSV,academicFocusAreas,Classical Education
recx7qOrPedFTpQSV,supportResources,Speech Therapy
recx7qOrPedFTpQSV,supportResources,Summer School Programs
recx7qOrPedFTpQSV,supportResources,Counseling Services
recx7qOrPedFTpQSV,supportResources,Reading Specialists
recx7qOrPedFTpQSV,supportResources,Math Specialists
recx7qOrPedFTpQSV,cultureAndValues,Religious Affiliation
recx7qOrPedFTpQSV,cultureAndValues,Character Education
recx7qOrPedFTpQSV,cultureAndValues,Community Service Focus
recx7qOrPedFTpQSV,extracurricularOfferings,Clubs & Activities
recx7qOrPedFTpQSV,extracurricularOfferings,Field Trips & Travel Opportunities
recx7qOrPedFTpQSV,extracurricularOfferings,After School Programs
recx7qOrPedFTpQSV,amenities,Meal Programs
recx7qOrPedFTpQSV,amenities,Technology Access
recx7qOrPedFTpQSV,amenities,Small Class Sizes
recx7qOrPedFTpQSV,amenities,Extended School Day/Year
recx7qOrPedFTpQSV,amenities,Uniforms/Dress Code
recx7qOrPedFTpQSV,amenities,Security Features
recxBV4PHO4gRpjhC,academicFocusAreas,Montessori
recxBV4PHO4gRpjhC,academicFocusAreas,Classical Education
recxBV4PHO4gRpjhC,supportResources,One-on-One Tutoring
recxBV4PHO4gRpjhC,supportResources,Counseling Services
recxBV4PHO4gRpjhC,cultureAndValues,Religious Affiliation
recxBV4PHO4gRpjhC,cultureAndValues,Community Service Focus
recxBV4PHO4gRpjhC,extracurricularOfferings,Sports Programs
recxBV4PHO4gRpjhC,extracurricularOfferings,"Arts Programs (Visual, Music, Drama, Dance)"
recxBV4PHO4gRpjhC,extracurricularOfferings,Clubs & Activities
recxBV4PHO4gRpjhC,extracurricularOfferings,Robotics/Coding
recxBV4PHO4gRpjhC,extracurricularOfferings,After School Programs
recxBV4PHO4gRpjhC,amenities,Small Class Sizes
recxBV4PHO4gRpjhC,amenities,Extended School Day/Year
recxBV4PHO4gRpjhC,amenities,Uniforms/Dress Code
recxBV4PHO4gRpjhC,amenities,Security Features
recxDqBVJIOeRY3bD,academicFocusAreas,STEM/STEAM
recxDqBVJIOeRY3bD,academicFocusAreas,Project-Based Learning
recxDqBVJIOeRY3bD,academicFocusAreas,Classical Education
recxDqBVJIOeRY3bD,academicFocusAreas,Language Immersion
recxDqBVJIOeRY3bD,cultureAndValues,Religious Affiliation
recxDqBVJIOeRY3bD,cultureAndValues,Environmental/Outdoor Focus
recxDqBVJIOeRY3bD,cultureAndValues,Social-Emotional Learning
recxDqBVJIOeRY3bD,extracurricularOfferings,Field Trips & Travel Opportunities
recxDqBVJIOeRY3bD,extracurricularOfferings,After School Programs
recxDqBVJIOeRY3bD,amenities,Transportation Services
recxDqBVJIOeRY3bD,amenities,Meal Programs
recxDqBVJIOeRY3bD,amenities,Technology Access
recxDqBVJIOeRY3bD,amenities,Extended School Day/Year
recxDqBVJIOeRY3bD,amenities,Security Features
recxJDRlOehu0gwQf,supportResources,Summer School Programs
recxJDRlOehu0gwQf,cultureAndValues,Religious Affiliation
recxJDRlOehu0gwQf,cultureAndValues,Community Service Focus
recxJDRlOehu0gwQf,cultureAndValues,Character Education
recxJDRlOehu0gwQf,extracurricularOfferings,Sports Programs
recxJDRlOehu0gwQf,extracurricularOfferings,Clubs & Activities
recxJDRlOehu0gwQf,extracurricularOfferings,Field Trips & Travel Opportunities
recxJDRlOehu0gwQf,extracurricularOfferings,After School Programs
recxJDRlOehu0gwQf,amenities,Meal Programs
recxJDRlOehu0gwQf,amenities,Technology Access
recxJDRlOehu0gwQf,amenities,Small Class Sizes
recxJDRlOehu0gwQf,amenities,Uniforms/Dress Code
recxJDRlOehu0gwQf,amenities,Security Features
recxL7th9amviVKUT,academicFocusAreas,Advanced Placement (AP)
recxL7th9amviVKUT,academicFocusAreas,College Prep
recxL7th9amviVKUT,academicFocusAreas,STEM/STEAM
recxL7th9amviVKUT,supportResources,One-on-One Tutoring
recxL7th9amviVKUT,supportResources,Reading Specialists
recxL7th9amviVKUT,supportResources,Math Specialists
recxL7th9amviVKUT,supportResources,Counseling Services
recxL7th9amviVKUT,supportResources,Summer School Programs
recxL7th9amviVKUT,cultureAndValues,Religious Affiliation
recxL7th9amviVKUT,cultureAndValues,Community Service Focus
recxL7th9amviVKUT,extracurricularOfferings,Sports Programs
recxL7th9amviVKUT,extracurricularOfferings,"Arts Programs (Visual, Music, Drama, Dance)"
recxL7th9amviVKUT,extracurricularOfferings,Clubs & Activities
recxL7th9amviVKUT,extracurricularOfferings,Robotics/Coding
recxL7th9amviVKUT,extracurricularOfferings,Debate/Speech
recxL7th9amviVKUT,extracurricularOfferings,Student Publications
recxL7th9amviVKUT,extracurricularOfferings,Field Trips & Travel Opportunities
recxL7th9amviVKUT,extracurricularOfferings,After School Programs
recxL7th9amviVKUT,amenities,Technology Access
recxL7th9amviVKUT,amenities,"Great Facilities (gym, auditorium, etc.)"
recxL7th9amviVKUT,amenities,Small Class Sizes
recxL7th9amviVKUT,amenities,Uniforms/Dress Code
recxL7th9amviVKUT,amenities,Security Features
recxLuPokDaYm0Ld3,academicFocusAreas,Classical Education
recxLuPokDaYm0Ld3,supportResources,One-on-One Tutoring
recxLuPokDaYm0Ld3,supportResources,Reading Specialists
recxLuPokDaYm0Ld3,supportResources,Math Specialists
recxLuPokDaYm0Ld3,cultureAndValues,Religious Affiliation
recxLuPokDaYm0Ld3,extracurricularOfferings,Sports Programs
recxLuPokDaYm0Ld3,extracurricularOfferings,"Arts Programs (Visual, Music, Drama, Dance)"
recxLuPokDaYm0Ld3,extracurricularOfferings,Clubs & Activities
recxLuPokDaYm0Ld3,extracurricularOfferings,Field Trips & Travel Opportunities
recxLuPokDaYm0Ld3,extracurricularOfferings,Before School Programs
recxLuPokDaYm0Ld3,extracurricularOfferings,After School Programs
recxLuPokDaYm0Ld3,extracurricularOfferings,Robotics/Coding
recxLuPokDaYm0Ld3,extracurricularOfferings,Debate/Speech
recxLuPokDaYm0Ld3,amenities,Meal Programs
recxLuPokDaYm0Ld3,amenities,"Great Facilities (gym, auditorium, etc.)"
recxLuPokDaYm0Ld3,amenities,Technology Access
recxLuPokDaYm0Ld3,amenities,Small Class Sizes
recxLuPokDaYm0Ld3,amenities,Extended School Day/Year
recxLuPokDaYm0Ld3,amenities,Uniforms/Dress Code
recxLuPokDaYm0Ld3,amenities,Security Features
recxLzxDtYxNEGlLj,academicFocusAreas,Classical Education
recxLzxDtYxNEGlLj,academicFocusAreas,Montessori
recxLzxDtYxNEGlLj,supportResources,Reading Specialists
recxLzxDtYxNEGlLj,supportResources,Special Education Services
recxLzxDtYxNEGlLj,supportResources,Speech Therapy
recxLzxDtYxNEGlLj,supportResources,Occupational Therapy
recxLzxDtYxNEGlLj,supportResources,Counseling Services
recxLzxDtYxNEGlLj,supportResources,After-School Academic Help
recxLzxDtYxNEGlLj,cultureAndValues,Religious Affiliation
recxLzxDtYxNEGlLj,cultureAndValues,Character Education
recxLzxDtYxNEGlLj,extracurricularOfferings,"Arts Programs (Visual, Music, Drama, Dance)"
recxLzxDtYxNEGlLj,extracurricularOfferings,Clubs & Activities
recxLzxDtYxNEGlLj,extracurricularOfferings,Field Trips & Travel Opportunities
recxLzxDtYxNEGlLj,extracurricularOfferings,Sports Programs
recxLzxDtYxNEGlLj,extracurricularOfferings,Before School Programs
recxLzxDtYxNEGlLj,extracurricularOfferings,After School Programs
recxLzxDtYxNEGlLj,amenities,"Great Facilities (gym, auditorium, etc.)"
recxLzxDtYxNEGlLj,amenities,Small Class Sizes
recxLzxDtYxNEGlLj,amenities,Uniforms/Dress Code
recxLzxDtYxNEGlLj,amenities,Security Features
recxM8gmYquZ55qq2,academicFocusAreas,Classical Education
recxM8gmYquZ55qq2,academicFocusAreas,Project-Based Learning
recxM8gmYquZ55qq2,cultureAndValues,Social-Emotional Learning
recxM8gmYquZ55qq2,cultureAndValues,Community Service Focus
recxM8gmYquZ55qq2,extracurricularOfferings,Field Trips & Travel Opportunities
recxM8gmYquZ55qq2,amenities,Small Class Sizes
recxM8gmYquZ55qq2,amenities,Meal Programs
recxM8gmYquZ55qq2,amenities,Uniforms/Dress Code
recxNNhmUaJ3avIm1,cultureAndValues,Religious Affiliation
recxNNhmUaJ3avIm1,cultureAndValues,Character Education
recxNNhmUaJ3avIm1,cultureAndValues,Social-Emotional Learning
recxNNhmUaJ3avIm1,amenities,Small Class Sizes
recxNNhmUaJ3avIm1,amenities,Security Features
recxc1WZhAMwugS8G,academicFocusAreas,STEM/STEAM
recxc1WZhAMwugS8G,academicFocusAreas,Classical Education
recxc1WZhAMwugS8G,cultureAndValues,Character Education
recxc1WZhAMwugS8G,cultureAndValues,Social-Emotional Learning
recxc1WZhAMwugS8G,cultureAndValues,Community Service Focus
recxc1WZhAMwugS8G,extracurricularOfferings,Sports Programs
recxc1WZhAMwugS8G,extracurricularOfferings,Field Trips & Travel Opportunities
recxc1WZhAMwugS8G,amenities,Security Features
recxc1WZhAMwugS8G,amenities,Uniforms/Dress Code
recxc1WZhAMwugS8G,amenities,Extended School Day/Year
recxc1WZhAMwugS8G,amenities,Multi-Age Classrooms
recxc1WZhAMwugS8G,amenities,Small Class Sizes
recxc1WZhAMwugS8G,amenities,Technology Access
recxc1WZhAMwugS8G,amenities,Meal Programs
recxhv6CLmHYskJ7k,academicFocusAreas,STEM/STEAM
recxhv6CLmHYskJ7k,academicFocusAreas,Project-Based Learning
recxhv6CLmHYskJ7k,academicFocusAreas,Classical Education
recxhv6CLmHYskJ7k,academicFocusAreas,Montessori
recxhv6CLmHYskJ7k,academicFocusAreas,Language Immersion
recxhv6CLmHYskJ7k,supportResources,ESL/ELL Support
recxhv6CLmHYskJ7k,supportResources,One-on-One Tutoring
recxhv6CLmHYskJ7k,supportResources,After-School Academic Help
recxhv6CLmHYskJ7k,cultureAndValues,Character Education
recxhv6CLmHYskJ7k,cultureAndValues,Community Service Focus
recxhv6CLmHYskJ7k,cultureAndValues,Environmental/Outdoor Focus
recxhv6CLmHYskJ7k,cultureAndValues,Social-Emotional Learning
recxhv6CLmHYskJ7k,extracurricularOfferings,Before School Programs
recxhv6CLmHYskJ7k,extracurricularOfferings,After School Programs
recxhv6CLmHYskJ7k,extracurricularOfferings,Field Trips & Travel Opportunities
recxhv6CLmHYskJ7k,extracurricularOfferings,"Arts Programs (Visual, Music, Drama, Dance)"
recxhv6CLmHYskJ7k,extracurricularOfferings,Sports Programs
recxhv6CLmHYskJ7k,amenities,Transportation Services
recxhv6CLmHYskJ7k,amenities,Meal Programs
recxhv6CLmHYskJ7k,amenities,Technology Access
recxhv6CLmHYskJ7k,amenities,"Great Facilities (gym, auditorium, etc.)"
recxhv6CLmHYskJ7k,amenities,Small Class Sizes
recxhv6CLmHYskJ7k,amenities,Multi-Age Classrooms
recxhv6CLmHYskJ7k,amenities,Extended School Day/Year
recxhv6CLmHYskJ7k,amenities,Uniforms/Dress Code
recxhv6CLmHYskJ7k,amenities,Security Features
recxj0SjynXWAj84D,extracurricularOfferings,Sports Programs
recxj0SjynXWAj84D,extracurricularOfferings,Field Trips & Travel Opportunities
recxj0SjynXWAj84D,amenities,Small Class Sizes
recxj0SjynXWAj84D,amenities,Multi-Age Classrooms
recxj0SjynXWAj84D,amenities,"Great Facilities (gym, auditorium, etc.)"
recxjkC7fEoFVYjLk,cultureAndValues,Character Education
recxjkC7fEoFVYjLk,cultureAndValues,Social-Emotional Learning
recxjkC7fEoFVYjLk,cultureAndValues,Environmental/Outdoor Focus
recxjkC7fEoFVYjLk,cultureAndValues,Community Service Focus
recxjkC7fEoFVYjLk,extracurricularOfferings,"Arts Programs (Visual, Music, Drama, Dance)"
recxjkC7fEoFVYjLk,extracurricularOfferings,Sports Programs
recxjkC7fEoFVYjLk,extracurricularOfferings,Field Trips & Travel Opportunities
recxjkC7fEoFVYjLk,extracurricularOfferings,Before School Programs
recxjkC7fEoFVYjLk,extracurricularOfferings,After School Programs
recxjkC7fEoFVYjLk,extracurricularOfferings,Clubs & Activities
recxjkC7fEoFVYjLk,amenities,Meal Programs
recxjkC7fEoFVYjLk,amenities,Technology Access
recxjkC7fEoFVYjLk,amenities,Small Class Sizes
recxjkC7fEoFVYjLk,amenities,Multi-Age Classrooms
recxjkC7fEoFVYjLk,amenities,Extended School Day/Year
recxjkC7fEoFVYjLk,amenities,Uniforms/Dress Code
recxjkC7fEoFVYjLk,amenities,Transportation Services
recxjkC7fEoFVYjLk,amenities,Security Features
recxjkC7fEoFVYjLk,amenities,"Great Facilities (gym, auditorium, etc.)"
recxoDbuDDpl7gKtf,supportResources,One-on-One Tutoring
recxoDbuDDpl7gKtf,supportResources,After-School Academic Help
recxoDbuDDpl7gKtf,supportResources,Summer School Programs
recxoDbuDDpl7gKtf,supportResources,Math Specialists
recxoDbuDDpl7gKtf,supportResources,ESL/ELL Support
recxoDbuDDpl7gKtf,cultureAndValues,Character Education
recxoDbuDDpl7gKtf,cultureAndValues,Social-Emotional Learning
recxoDbuDDpl7gKtf,cultureAndValues,Environmental/Outdoor Focus
recxoDbuDDpl7gKtf,cultureAndValues,Religious Affiliation
recxoDbuDDpl7gKtf,extracurricularOfferings,Clubs & Activities
recxoDbuDDpl7gKtf,extracurricularOfferings,Field Trips & Travel Opportunities
recxoDbuDDpl7gKtf,extracurricularOfferings,Before School Programs
recxoDbuDDpl7gKtf,extracurricularOfferings,After School Programs
recxoDbuDDpl7gKtf,amenities,Meal Programs
recxoDbuDDpl7gKtf,amenities,Technology Access
recxoDbuDDpl7gKtf,amenities,Small Class Sizes
recxoDbuDDpl7gKtf,amenities,Multi-Age Classrooms
recxoDbuDDpl7gKtf,amenities,Uniforms/Dress Code
recxtk2sT8KSW0844,academicFocusAreas,STEM/STEAM
recxtk2sT8KSW0844,academicFocusAreas,Classical Education
recxtk2sT8KSW0844,academicFocusAreas,College Prep
recxtk2sT8KSW0844,academicFocusAreas,Advanced Placement (AP)
recxtk2sT8KSW0844,cultureAndValues,Religious Affiliation
recxtk2sT8KSW0844,cultureAndValues,Community Service Focus
recxtk2sT8KSW0844,extracurricularOfferings,Sports Programs
recxtk2sT8KSW0844,extracurricularOfferings,"Arts Programs (Visual, Music, Drama, Dance)"
recxtk2sT8KSW0844,extracurricularOfferings,Clubs & Activities
recxtk2sT8KSW0844,extracurricularOfferings,Robotics/Coding
recxtk2sT8KSW0844,extracurricularOfferings,Debate/Speech
recxtk2sT8KSW0844,extracurricularOfferings,Student Publications
recxtk2sT8KSW0844,extracurricularOfferings,Field Trips & Travel Opportunities
recxtk2sT8KSW0844,extracurricularOfferings,Before School Programs
recxtk2sT8KSW0844,extracurricularOfferings,After School Programs
recxtk2sT8KSW0844,amenities,Security Features
recxtk2sT8KSW0844,amenities,Uniforms/Dress Code
recxtk2sT8KSW0844,amenities,Small Class Sizes
recxtk2sT8KSW0844,amenities,"Great Facilities (gym, auditorium, etc.)"
recxtk2sT8KSW0844,amenities,Technology Access
recyEjoflPEZetpt3,academicFocusAreas,STEM/STEAM
recyEjoflPEZetpt3,supportResources,Summer School Programs
recyEjoflPEZetpt3,supportResources,After-School Academic Help
recyEjoflPEZetpt3,cultureAndValues,Character Education
recyEjoflPEZetpt3,cultureAndValues,Community Service Focus
recyEjoflPEZetpt3,cultureAndValues,Environmental/Outdoor Focus
recyEjoflPEZetpt3,cultureAndValues,Social-Emotional Learning
recyEjoflPEZetpt3,extracurricularOfferings,Before School Programs
recyEjoflPEZetpt3,extracurricularOfferings,After School Programs
recyEjoflPEZetpt3,amenities,Transportation Services
recyEjoflPEZetpt3,amenities,Meal Programs
recyEjoflPEZetpt3,amenities,Technology Access
recyEjoflPEZetpt3,amenities,"Great Facilities (gym, auditorium, etc.)"
recyEjoflPEZetpt3,amenities,Security Features
recyN1ujzIqYLHOZ7,academicFocusAreas,Project-Based Learning
recyN1ujzIqYLHOZ7,academicFocusAreas,Gifted & Talented
recyN1ujzIqYLHOZ7,academicFocusAreas,Vocational/Career Tech
recyN1ujzIqYLHOZ7,academicFocusAreas,Classical Education
recyN1ujzIqYLHOZ7,academicFocusAreas,Montessori
recyN1ujzIqYLHOZ7,supportResources,One-on-One Tutoring
recyN1ujzIqYLHOZ7,supportResources,Reading Specialists
recyN1ujzIqYLHOZ7,supportResources,Math Specialists
recyN1ujzIqYLHOZ7,supportResources,Counseling Services
recyN1ujzIqYLHOZ7,supportResources,After-School Academic Help
recyN1ujzIqYLHOZ7,supportResources,Summer School Programs
recyN1ujzIqYLHOZ7,cultureAndValues,Character Education
recyN1ujzIqYLHOZ7,cultureAndValues,Religious Affiliation
recyN1ujzIqYLHOZ7,cultureAndValues,Community Service Focus
recyN1ujzIqYLHOZ7,cultureAndValues,Social-Emotional Learning
recyN1ujzIqYLHOZ7,cultureAndValues,Environmental/Outdoor Focus
recyN1ujzIqYLHOZ7,extracurricularOfferings,"Arts Programs (Visual, Music, Drama, Dance)"
recyN1ujzIqYLHOZ7,extracurricularOfferings,Sports Programs
recyN1ujzIqYLHOZ7,extracurricularOfferings,Clubs & Activities
recyN1ujzIqYLHOZ7,extracurricularOfferings,Before School Programs
recyN1ujzIqYLHOZ7,extracurricularOfferings,After School Programs
recyN1ujzIqYLHOZ7,extracurricularOfferings,Field Trips & Travel Opportunities
recyN1ujzIqYLHOZ7,amenities,Meal Programs
recyN1ujzIqYLHOZ7,amenities,Small Class Sizes
recyN1ujzIqYLHOZ7,amenities,Multi-Age Classrooms
recyN1ujzIqYLHOZ7,amenities,Uniforms/Dress Code
recyN1ujzIqYLHOZ7,amenities,Security Features
recyN1ujzIqYLHOZ7,amenities,Technology Access
recyN1ujzIqYLHOZ7,amenities,"Great Facilities (gym, auditorium, etc.)"
recyQaOLpmnoPerAG,academicFocusAreas,STEM/STEAM
recyQaOLpmnoPerAG,academicFocusAreas,Project-Based Learning
recyQaOLpmnoPerAG,supportResources,ESL/ELL Support
recyQaOLpmnoPerAG,supportResources,Speech Therapy
recyQaOLpmnoPerAG,supportResources,Counseling Services
recyQaOLpmnoPerAG,supportResources,After-School Academic Help
recyQaOLpmnoPerAG,supportResources,One-on-One Tutoring
recyQaOLpmnoPerAG,cultureAndValues,Religious Affiliation
recyQaOLpmnoPerAG,cultureAndValues,Character Education
recyQaOLpmnoPerAG,cultureAndValues,Community Service Focus
recyQaOLpmnoPerAG,cultureAndValues,Social-Emotional Learning
recyQaOLpmnoPerAG,extracurricularOfferings,Sports Programs
recyQaOLpmnoPerAG,extracurricularOfferings,"Arts Programs (Visual, Music, Drama, Dance)"
recyQaOLpmnoPerAG,extracurricularOfferings,Clubs & Activities
recyQaOLpmnoPerAG,extracurricularOfferings,Robotics/Coding
recyQaOLpmnoPerAG,extracurricularOfferings,Field Trips & Travel Opportunities
recyQaOLpmnoPerAG,extracurricularOfferings,After School Programs
recyQaOLpmnoPerAG,amenities,Meal Programs
recyQaOLpmnoPerAG,amenities,Technology Access
recyQaOLpmnoPerAG,amenities,Small Class Sizes
recyQaOLpmnoPerAG,amenities,Uniforms/Dress Code
recyQaOLpmnoPerAG,amenities,Security Features
recyQaOLpmnoPerAG,amenities,"Great Facilities (gym, auditorium, etc.)"
recyQaOLpmnoPerAG,amenities,Extended School Day/Year
recyaQsc19Vy6WeE3,academicFocusAreas,Classical Education
recyaQsc19Vy6WeE3,supportResources,Speech Therapy
recyaQsc19Vy6WeE3,supportResources,Occupational Therapy
recyaQsc19Vy6WeE3,supportResources,Summer School Programs
recyaQsc19Vy6WeE3,cultureAndValues,Community Service Focus
recyaQsc19Vy6WeE3,cultureAndValues,Environmental/Outdoor Focus
recyaQsc19Vy6WeE3,cultureAndValues,Social-Emotional Learning
recyaQsc19Vy6WeE3,extracurricularOfferings,"Arts Programs (Visual, Music, Drama, Dance)"
recyaQsc19Vy6WeE3,extracurricularOfferings,Field Trips & Travel Opportunities
recyaQsc19Vy6WeE3,amenities,Small Class Sizes
recyaQsc19Vy6WeE3,amenities,Multi-Age Classrooms
recyaQsc19Vy6WeE3,amenities,Meal Programs
recybPMG3pznssJjS,academicFocusAreas,STEM/STEAM
recybPMG3pznssJjS,academicFocusAreas,Project-Based Learning
recybPMG3pznssJjS,academicFocusAreas,Classical Education
recybPMG3pznssJjS,academicFocusAreas,Language Immersion
recybPMG3pznssJjS,academicFocusAreas,International Baccalaureate (IB)
recybPMG3pznssJjS,academicFocusAreas,College Prep
recybPMG3pznssJjS,academicFocusAreas,Vocational/Career Tech
recybPMG3pznssJjS,academicFocusAreas,Gifted & Talented
recybPMG3pznssJjS,supportResources,One-on-One Tutoring
recybPMG3pznssJjS,supportResources,ESL/ELL Support
recybPMG3pznssJjS,supportResources,Special Education Services
recybPMG3pznssJjS,supportResources,Reading Specialists
recybPMG3pznssJjS,supportResources,Math Specialists
recybPMG3pznssJjS,supportResources,Counseling Services
recybPMG3pznssJjS,supportResources,After-School Academic Help
recybPMG3pznssJjS,cultureAndValues,Character Education
recybPMG3pznssJjS,cultureAndValues,Community Service Focus
recybPMG3pznssJjS,cultureAndValues,Social-Emotional Learning
recybPMG3pznssJjS,extracurricularOfferings,Sports Programs
recybPMG3pznssJjS,extracurricularOfferings,"Arts Programs (Visual, Music, Drama, Dance)"
recybPMG3pznssJjS,extracurricularOfferings,Clubs & Activities
recybPMG3pznssJjS,extracurricularOfferings,Robotics/Coding
recybPMG3pznssJjS,extracurricularOfferings,Debate/Speech
recybPMG3pznssJjS,extracurricularOfferings,Student Publications
recybPMG3pznssJjS,extracurricularOfferings,Field Trips & Travel Opportunities
recybPMG3pznssJjS,extracurricularOfferings,After School Programs
recybPMG3pznssJjS,extracurricularOfferings,Before School Programs
recybPMG3pznssJjS,amenities,Meal Programs
recybPMG3pznssJjS,amenities,Technology Access
recybPMG3pznssJjS,amenities,"Great Facilities (gym, auditorium, etc.)"
recybPMG3pznssJjS,amenities,Small Class Sizes
recybPMG3pznssJjS,amenities,Extended School Day/Year
recybPMG3pznssJjS,amenities,Uniforms/Dress Code
recybPMG3pznssJjS,amenities,Security Features
recyhHSU7ooEOD3KN,academicFocusAreas,Classical Education
recyhHSU7ooEOD3KN,academicFocusAreas,STEM/STEAM
recyhHSU7ooEOD3KN,supportResources,Summer School Programs
recyhHSU7ooEOD3KN,cultureAndValues,Social-Emotional Learning
recyhHSU7ooEOD3KN,cultureAndValues,Environmental/Outdoor Focus
recyhHSU7ooEOD3KN,extracurricularOfferings,Before School Programs
recyhHSU7ooEOD3KN,extracurricularOfferings,After School Programs
recyhHSU7ooEOD3KN,extracurricularOfferings,Field Trips & Travel Opportunities
recyhHSU7ooEOD3KN,amenities,Meal Programs
recyhHSU7ooEOD3KN,amenities,Technology Access
recyhHSU7ooEOD3KN,amenities,Small Class Sizes
recyhHSU7ooEOD3KN,amenities,Multi-Age Classrooms
recyhHSU7ooEOD3KN,amenities,Uniforms/Dress Code
recyhHSU7ooEOD3KN,amenities,Security Features
recyhHSU7ooEOD3KN,amenities,Transportation Services
recyhHSU7ooEOD3KN,amenities,Extended School Day/Year
recyoZRTuuKuNVymB,academicFocusAreas,STEM/STEAM
recyoZRTuuKuNVymB,academicFocusAreas,Project-Based Learning
recyoZRTuuKuNVymB,academicFocusAreas,Montessori
recyoZRTuuKuNVymB,cultureAndValues,Character Education
recyoZRTuuKuNVymB,cultureAndValues,Environmental/Outdoor Focus
recyoZRTuuKuNVymB,cultureAndValues,Social-Emotional Learning
recyoZRTuuKuNVymB,extracurricularOfferings,Field Trips & Travel Opportunities
recyoZRTuuKuNVymB,amenities,Small Class Sizes
recyoZRTuuKuNVymB,amenities,Multi-Age Classrooms
recyoZRTuuKuNVymB,amenities,Security Features
recyoZRTuuKuNVymB,amenities,Meal Programs
recyoZRTuuKuNVymB,amenities,Technology Access
recywTvHbWrCAmN5b,cultureAndValues,Religious Affiliation
recywTvHbWrCAmN5b,cultureAndValues,Character Education
recywTvHbWrCAmN5b,cultureAndValues,Community Service Focus
recywTvHbWrCAmN5b,extracurricularOfferings,Field Trips & Travel Opportunities
recywTvHbWrCAmN5b,extracurricularOfferings,After School Programs
recywTvHbWrCAmN5b,amenities,Meal Programs
recywTvHbWrCAmN5b,amenities,Technology Access
recywTvHbWrCAmN5b,amenities,"Great Facilities (gym, auditorium, etc.)"
recywTvHbWrCAmN5b,amenities,Small Class Sizes
recywTvHbWrCAmN5b,amenities,Uniforms/Dress Code
recywTvHbWrCAmN5b,amenities,Security Features
recyxgexwpsTTpEOi,academicFocusAreas,STEM/STEAM
recyxgexwpsTTpEOi,academicFocusAreas,Project-Based Learning
recyxgexwpsTTpEOi,supportResources,One-on-One Tutoring
recyxgexwpsTTpEOi,supportResources,Speech Therapy
recyxgexwpsTTpEOi,supportResources,Counseling Services
recyxgexwpsTTpEOi,supportResources,After-School Academic Help
recyxgexwpsTTpEOi,cultureAndValues,Religious Affiliation
recyxgexwpsTTpEOi,cultureAndValues,Character Education
recyxgexwpsTTpEOi,cultureAndValues,Community Service Focus
recyxgexwpsTTpEOi,cultureAndValues,Social-Emotional Learning
recyxgexwpsTTpEOi,extracurricularOfferings,Sports Programs
recyxgexwpsTTpEOi,extracurricularOfferings,"Arts Programs (Visual, Music, Drama, Dance)"
recyxgexwpsTTpEOi,extracurricularOfferings,Clubs & Activities
recyxgexwpsTTpEOi,extracurricularOfferings,Robotics/Coding
recyxgexwpsTTpEOi,extracurricularOfferings,Student Publications
recyxgexwpsTTpEOi,extracurricularOfferings,Field Trips & Travel Opportunities
recyxgexwpsTTpEOi,extracurricularOfferings,Before School Programs
recyxgexwpsTTpEOi,extracurricularOfferings,After School Programs
recyxgexwpsTTpEOi,amenities,Meal Programs
recyxgexwpsTTpEOi,amenities,Technology Access
recyxgexwpsTTpEOi,amenities,Small Class Sizes
recyxgexwpsTTpEOi,amenities,Extended School Day/Year
recyxgexwpsTTpEOi,amenities,Uniforms/Dress Code
recyxgexwpsTTpEOi,amenities,Security Features
recz9ui2OokPg19l8,academicFocusAreas,Montessori
recz9ui2OokPg19l8,academicFocusAreas,Classical Education
recz9ui2OokPg19l8,academicFocusAreas,Project-Based Learning
recz9ui2OokPg19l8,supportResources,Summer School Programs
recz9ui2OokPg19l8,cultureAndValues,Character Education
recz9ui2OokPg19l8,cultureAndValues,Environmental/Outdoor Focus
recz9ui2OokPg19l8,extracurricularOfferings,Before School Programs
recz9ui2OokPg19l8,extracurricularOfferings,After School Programs
recz9ui2OokPg19l8,amenities,"Great Facilities (gym, auditorium, etc.)"
recz9ui2OokPg19l8,amenities,Small Class Sizes
recz9ui2OokPg19l8,amenities,Multi-Age Classrooms
recz9ui2OokPg19l8,amenities,Security Features
recz9ui2OokPg19l8,amenities,Extended School Day/Year
reczIarcqDeRIcBv3,academicFocusAreas,College Prep
reczIarcqDeRIcBv3,academicFocusAreas,Vocational/Career Tech
reczIarcqDeRIcBv3,supportResources,Counseling Services
reczIarcqDeRIcBv3,supportResources,Occupational Therapy
reczIarcqDeRIcBv3,supportResources,Speech Therapy
reczIarcqDeRIcBv3,supportResources,Special Education Services
reczIarcqDeRIcBv3,cultureAndValues,Religious Affiliation
reczIarcqDeRIcBv3,extracurricularOfferings,Sports Programs
reczIarcqDeRIcBv3,extracurricularOfferings,"Arts Programs (Visual, Music, Drama, Dance)"
reczIarcqDeRIcBv3,extracurricularOfferings,Field Trips & Travel Opportunities
reczIarcqDeRIcBv3,amenities,Small Class Sizes
reczIarcqDeRIcBv3,amenities,Multi-Age Classrooms
reczIarcqDeRIcBv3,amenities,Uniforms/Dress Code
reczIarcqDeRIcBv3,amenities,Security Features
reczUPlLhTpQriRGt,academicFocusAreas,STEM/STEAM
reczUPlLhTpQriRGt,academicFocusAreas,Project-Based Learning
reczUPlLhTpQriRGt,academicFocusAreas,International Baccalaureate (IB)
reczUPlLhTpQriRGt,academicFocusAreas,Advanced Placement (AP)
reczUPlLhTpQriRGt,academicFocusAreas,College Prep
reczUPlLhTpQriRGt,academicFocusAreas,Gifted & Talented
reczUPlLhTpQriRGt,supportResources,One-on-One Tutoring
reczUPlLhTpQriRGt,supportResources,Reading Specialists
reczUPlLhTpQriRGt,supportResources,Math Specialists
reczUPlLhTpQriRGt,supportResources,ESL/ELL Support
reczUPlLhTpQriRGt,supportResources,Special Education Services
reczUPlLhTpQriRGt,supportResources,Counseling Services
reczUPlLhTpQriRGt,supportResources,After-School Academic Help
reczUPlLhTpQriRGt,cultureAndValues,Religious Affiliation
reczUPlLhTpQriRGt,cultureAndValues,Character Education
reczUPlLhTpQriRGt,cultureAndValues,Community Service Focus
reczUPlLhTpQriRGt,cultureAndValues,Environmental/Outdoor Focus
reczUPlLhTpQriRGt,cultureAndValues,Social-Emotional Learning
reczUPlLhTpQriRGt,extracurricularOfferings,Sports Programs
reczUPlLhTpQriRGt,extracurricularOfferings,"Arts Programs (Visual, Music, Drama, Dance)"
reczUPlLhTpQriRGt,extracurricularOfferings,Clubs & Activities
reczUPlLhTpQriRGt,extracurricularOfferings,Robotics/Coding
reczUPlLhTpQriRGt,extracurricularOfferings,Student Publications
reczUPlLhTpQriRGt,extracurricularOfferings,Field Trips & Travel Opportunities
reczUPlLhTpQriRGt,extracurricularOfferings,Before School Programs
reczUPlLhTpQriRGt,extracurricularOfferings,After School Programs
reczUPlLhTpQriRGt,amenities,Transportation Services
reczUPlLhTpQriRGt,amenities,Meal Programs
reczUPlLhTpQriRGt,amenities,Technology Access
reczUPlLhTpQriRGt,amenities,"Great Facilities (gym, auditorium, etc.)"
reczUPlLhTpQriRGt,amenities,Small Class Sizes
reczUPlLhTpQriRGt,amenities,Extended School Day/Year
reczUPlLhTpQriRGt,amenities,Uniforms/Dress Code
reczUPlLhTpQriRGt,amenities,Security Features
reczV8tbvNq6XCnQw,academicFocusAreas,STEM/STEAM
reczV8tbvNq6XCnQw,academicFocusAreas,Classical Education
reczV8tbvNq6XCnQw,academicFocusAreas,Project-Based Learning
reczV8tbvNq6XCnQw,academicFocusAreas,Montessori
reczV8tbvNq6XCnQw,supportResources,After-School Academic Help
reczV8tbvNq6XCnQw,supportResources,Summer School Programs
reczV8tbvNq6XCnQw,cultureAndValues,Character Education
reczV8tbvNq6XCnQw,cultureAndValues,Social-Emotional Learning
reczV8tbvNq6XCnQw,extracurricularOfferings,Sports Programs
reczV8tbvNq6XCnQw,extracurricularOfferings,"Arts Programs (Visual, Music, Drama, Dance)"
reczV8tbvNq6XCnQw,extracurricularOfferings,Clubs & Activities
reczV8tbvNq6XCnQw,extracurricularOfferings,Field Trips & Travel Opportunities
reczV8tbvNq6XCnQw,extracurricularOfferings,After School Programs
reczV8tbvNq6XCnQw,extracurricularOfferings,Before School Programs
reczV8tbvNq6XCnQw,amenities,Meal Programs
reczV8tbvNq6XCnQw,amenities,Transportation Services
reczV8tbvNq6XCnQw,amenities,"Great Facilities (gym, auditorium, etc.)"
reczV8tbvNq6XCnQw,amenities,Small Class Sizes
reczV8tbvNq6XCnQw,amenities,Extended School Day/Year
reczV8tbvNq6XCnQw,amenities,Security Features
reczWuoNDZrBsBuq6,academicFocusAreas,Project-Based Learning
reczWuoNDZrBsBuq6,academicFocusAreas,Classical Education
reczWuoNDZrBsBuq6,supportResources,One-on-One Tutoring
reczWuoNDZrBsBuq6,supportResources,Special Education Services
reczWuoNDZrBsBuq6,supportResources,Speech Therapy
reczWuoNDZrBsBuq6,supportResources,After-School Academic Help
reczWuoNDZrBsBuq6,supportResources,Summer School Programs
reczWuoNDZrBsBuq6,cultureAndValues,Character Education
reczWuoNDZrBsBuq6,cultureAndValues,Social-Emotional Learning
reczWuoNDZrBsBuq6,cultureAndValues,Community Service Focus
reczWuoNDZrBsBuq6,cultureAndValues,Environmental/Outdoor Focus
reczWuoNDZrBsBuq6,extracurricularOfferings,Clubs & Activities
reczWuoNDZrBsBuq6,extracurricularOfferings,Field Trips & Travel Opportunities
reczWuoNDZrBsBuq6,extracurricularOfferings,After School Programs
reczWuoNDZrBsBuq6,extracurricularOfferings,"Arts Programs (Visual, Music, Drama, Dance)"
reczWuoNDZrBsBuq6,amenities,Transportation Services
reczWuoNDZrBsBuq6,amenities,Meal Programs
reczWuoNDZrBsBuq6,amenities,Technology Access
reczWuoNDZrBsBuq6,amenities,Small Class Sizes
reczWuoNDZrBsBuq6,amenities,Security Features
reczXilUoBlbMvl9n,cultureAndValues,Religious Affiliation
reczXilUoBlbMvl9n,cultureAndValues,Community Service Focus
reczXilUoBlbMvl9n,amenities,Technology Access
reczXilUoBlbMvl9n,amenities,"Great Facilities (gym, auditorium, etc.)"
reczXilUoBlbMvl9n,amenities,Small Class Sizes
reczXilUoBlbMvl9n,amenities,Extended School Day/Year
reczXilUoBlbMvl9n,amenities,Uniforms/Dress Code
reczXilUoBlbMvl9n,amenities,Security Features
reczZlfNv4UsjVwwh,cultureAndValues,Religious Affiliation
reczZlfNv4UsjVwwh,extracurricularOfferings,Sports Programs
reczZlfNv4UsjVwwh,extracurricularOfferings,Clubs & Activities
reczZlfNv4UsjVwwh,extracurricularOfferings,Before School Programs
reczZlfNv4UsjVwwh,extracurricularOfferings,After School Programs
reczZlfNv4UsjVwwh,amenities,Small Class Sizes
reczaTWRqSMDqqd8P,academicFocusAreas,Project-Based Learning
reczaTWRqSMDqqd8P,academicFocusAreas,Classical Education
reczaTWRqSMDqqd8P,academicFocusAreas,STEM/STEAM
reczaTWRqSMDqqd8P,supportResources,Special Education Services
reczaTWRqSMDqqd8P,supportResources,Summer School Programs
reczaTWRqSMDqqd8P,cultureAndValues,Community Service Focus
reczaTWRqSMDqqd8P,cultureAndValues,Environmental/Outdoor Focus
reczaTWRqSMDqqd8P,cultureAndValues,Social-Emotional Learning
reczaTWRqSMDqqd8P,extracurricularOfferings,Clubs & Activities
reczaTWRqSMDqqd8P,extracurricularOfferings,Field Trips & Travel Opportunities
reczaTWRqSMDqqd8P,extracurricularOfferings,Before School Programs
reczaTWRqSMDqqd8P,extracurricularOfferings,After School Programs
reczaTWRqSMDqqd8P,extracurricularOfferings,Sports Programs
reczaTWRqSMDqqd8P,amenities,Transportation Services
reczaTWRqSMDqqd8P,amenities,Meal Programs
reczaTWRqSMDqqd8P,amenities,Uniforms/Dress Code
reczaTWRqSMDqqd8P,amenities,Extended School Day/Year
reczaTWRqSMDqqd8P,amenities,Security Features
reczaTWRqSMDqqd8P,amenities,Small Class Sizes
reczaTWRqSMDqqd8P,amenities,Multi-Age Classrooms
reczhIHEyS84HB2M5,academicFocusAreas,STEM/STEAM
reczhIHEyS84HB2M5,academicFocusAreas,Project-Based Learning
reczhIHEyS84HB2M5,academicFocusAreas,Gifted & Talented
reczhIHEyS84HB2M5,supportResources,One-on-One Tutoring
reczhIHEyS84HB2M5,supportResources,Reading Specialists
reczhIHEyS84HB2M5,supportResources,Math Specialists
reczhIHEyS84HB2M5,cultureAndValues,Religious Affiliation
reczhIHEyS84HB2M5,cultureAndValues,Character Education
reczhIHEyS84HB2M5,cultureAndValues,Environmental/Outdoor Focus
reczhIHEyS84HB2M5,cultureAndValues,Social-Emotional Learning
reczhIHEyS84HB2M5,extracurricularOfferings,Clubs & Activities
reczhIHEyS84HB2M5,extracurricularOfferings,Robotics/Coding
reczhIHEyS84HB2M5,extracurricularOfferings,Student Publications
reczhIHEyS84HB2M5,extracurricularOfferings,Field Trips & Travel Opportunities
reczhIHEyS84HB2M5,extracurricularOfferings,Before School Programs
reczhIHEyS84HB2M5,extracurricularOfferings,After School Programs
reczhIHEyS84HB2M5,amenities,Technology Access
reczhIHEyS84HB2M5,amenities,Small Class Sizes
reczhIHEyS84HB2M5,amenities,Multi-Age Classrooms
reczy9uCLrVcWKWuA,academicFocusAreas,College Prep
reczy9uCLrVcWKWuA,academicFocusAreas,Advanced Placement (AP)
reczy9uCLrVcWKWuA,academicFocusAreas,STEM/STEAM
reczy9uCLrVcWKWuA,supportResources,Counseling Services
reczy9uCLrVcWKWuA,supportResources,After-School Academic Help
reczy9uCLrVcWKWuA,cultureAndValues,Religious Affiliation
reczy9uCLrVcWKWuA,extracurricularOfferings,Sports Programs
reczy9uCLrVcWKWuA,extracurricularOfferings,"Arts Programs (Visual, Music, Drama, Dance)"
reczy9uCLrVcWKWuA,extracurricularOfferings,Clubs & Activities
reczy9uCLrVcWKWuA,extracurricularOfferings,Robotics/Coding
reczy9uCLrVcWKWuA,extracurricularOfferings,Field Trips & Travel Opportunities
reczy9uCLrVcWKWuA,extracurricularOfferings,Before School Programs
reczy9uCLrVcWKWuA,extracurricularOfferings,After School Programs
reczy9uCLrVcWKWuA,extracurricularOfferings,Student Publications
reczy9uCLrVcWKWuA,amenities,Technology Access
reczy9uCLrVcWKWuA,amenities,"Great Facilities (gym, auditorium, etc.)"
reczy9uCLrVcWKWuA,amenities,Small Class Sizes
reczy9uCLrVcWKWuA,amenities,Uniforms/Dress Code
reczy9uCLrVcWKWuA,amenities,Security Features
